doc_id,prediction_index,pred_label,pred_start,pred_end,pred_text
article_01,0,assumption,0,108,Bernie Sanders on Thursday gave the strongest signals yet that he will soon bow out of the presidential race
article_01,1,testimony,109,250,telling reporters after meeting with President Barack Obama that he will ally himself with Hillary Clinton in the fight against Donald Trump
article_01,2,assumption,253,287,But he's not quite ready to go yet
article_01,3,testimony,313,542,The Vermont senator declared that he will stay in the race for the Democratic nomination until next Tuesday's District of Columbia primary and said he wants to see whether the final vote count in California shows a tighter result
article_01,4,anecdote,543,633,"He also is planning to go forward with a big rally in Washington, D.C., on Thursday night"
article_01,5,assumption,737,838,"with Clinton, who is now the presumptive Democratic nominee, to defeat Trump in the general election"
article_01,6,anecdote,839,955,"Delivering remarks prepared before his sit-down with the president, Sanders ticked through a list of his priorities"
article_01,7,anecdote,956,1032,promising to take those issues to the convention in Philadelphia next month
article_01,8,testimony,1035,1161,"""Donald Trump would clearly, to my mind and I think the majority of Americans, be a disaster as president of the United States"
article_01,9,testimony,1162,1370,"It is unbelievable to me, and I say this in all sincerity, that the Republican Party would have a candidate for president who in the year 2016 makes bigotry and discrimination the cornerstone of his campaign"
article_01,10,testimony,1371,1555,"In my view, the American people will not vote for or tolerate a candidate who insults Mexicans and Latinos, who insults Muslims, who insults African-Americans and women,"" Sanders said"
article_01,11,testimony,1556,1729,"""Needless to say, I am going to do everything in my power, and I will work as hard as I can, to make sure that Donald Trump does not become president of the United States."""
article_01,12,testimony,1731,1836,"Sanders continued, ""I will of course, be competing in the D.C. primary, which will be held next Tuesday."""
article_01,13,testimony,1838,1900,"""This is the last primary of the Democratic nominating process"
article_01,14,testimony,1901,2043,"The major point that I will be making to the citizens of the District of Columbia is that I am strongly in favor of D.C. statehood,"" he said,"
article_01,15,testimony,2050,2161,that Vermont has roughly the same population as the nation's capital but does not have the same representation
article_01,16,testimony,2162,2278,"He also said he looks forward to the final count from Tuesday's primary in California, anticipating a closer result"
article_01,17,testimony,2281,2432,California Secretary of State Alex Padilla's office said the vote tally from Tuesday's primary will not be made official until the middle of next month
article_01,18,testimony,2435,2475,"""July 15 is when we certify all the vote"
article_01,19,testimony,2476,2593,"All the counties have until July 8 to send us their official votes,"" a spokesman from Padilla's office told POLITICO"
article_01,20,assumption,2596,2838,"For months, Sanders has pointed to his superior performance against Trump in hypothetical general-election matchup polls, expressing a belief that if he were to overcome Clinton's superdelegate advantage, he would be the safer bet in November"
article_01,21,assumption,2843,2916,Clinton continued to distance herself from Sanders in the delegate count
article_01,22,assumption,2917,3121,her allies in the Senate pivoted from telling their colleague to wind down operations in March to more recently urging the media and fellow Democrats to give him time and space to leave on his own accord
article_01,23,testimony,3124,3228,"""I think we should be a little graceful,"" Vice President Joe Biden told CNN on Wednesday on Capitol Hill"
article_01,24,testimony,3236,3391,"ning his remarks Thursday, Sanders thanked both Obama and Biden ""for the degree of impartiality they established during the course of this entire process."""
article_01,25,anecdote,3393,3574,"Sanders, who began his campaign last April outside the Capitol encircled by a gathering of media, found himself Thursday just miles down the road and faced with a crush of reporters"
article_01,26,testimony,3575,3700,"The senator said he spoke ""briefly to Secretary Clinton"" on Tuesday night, congratulating her ""on her very strong campaign."""
article_01,27,testimony,3700,3704,And
article_01,28,testimony,3704,3776,he said he will soon be sitting down with the former secretary of state
article_01,29,testimony,3779,3821,she readies for an epic battle with Trump
article_01,30,testimony,3824,4034,"""I look forward to meeting with her in the near future to see how we can work together to defeat Donald Trump and to create a government which represents all of us and not just the 1 percent,"" Sanders concluded"
article_01,31,testimony,4035,4096,before rushing away from reporters back into the White House
article_01,32,anecdote,4099,4211,"Less than two hours later, Clinton's campaign trumpeted Obama's endorsement in a video that was taped on Tuesday"
article_01,33,anecdote,4212,4312,"Meanwhile, Sanders was to meet with Biden at his Naval Observatory residence later in the afternoon"
article_01,34,testimony,4315,4567,"""I think you could describe the conversation as a friendly conversation that was focused on the future. Part of that future conversation was about the importance of the upcoming general election,"" White House press secretary Josh Earnest said Wednesday"
article_01,35,testimony,4568,4830,"""You've heard the president say on a number of occasions how important it is to him personally that he be succeeded in office by a president who is committed to building on the remarkable progress that our country has made over the last seven and a half years."""
article_01,36,anecdote,4864,4871,report
article_02,0,assumption,181,211,level in more than four years
article_02,1,assumption,214,368,"But the job market would be even better, and the unemployment rate even lower, had not the government spent most of the recovery cutting spending and jobs"
article_02,2,assumption,373,380,though
article_02,3,assumption,380,425,Wall Street may cheer February's jobs report
article_02,4,assumption,426,497,the pain of government cutbacks looks to get worse as the year goes on
article_02,5,statistics,500,645,"U.S. employers added 236,000 jobs to non-farm payrolls in February, the Bureau of Labor Statistics reported on Friday, up from 119,000 in January"
article_02,6,statistics,646,775,"That was the best payroll growth since 247,000 jobs last November and the second-best month for job growth of the past 12 months"
article_02,7,statistics,778,891,"The unemployment rate dropped to 7.7 percent from 7.9 percent in January, with 12 million people looking for work"
article_02,8,statistics,892,980,"That is the lowest unemployment rate since December 2008, when the rate was 7.3 percent"
article_02,9,testimony,983,1094,"""The recovery is gathering momentum,"" Paul Ashworth, chief U.S. economist at Capital Economics, wrote in a note"
article_02,10,assumption,1097,1181,But U.S. non-farm payrolls are still 3 million jobs shy of their pre-recession highs
article_02,11,assumption,1186,1291,the jobless rate is still too high to convince the Federal Reserve to stop pumping cash into the economy
article_02,12,testimony,1587,1671,", according to recent studies by the private forecasting firm Macroeconomic Advisers"
article_02,13,testimony,1674,1809,"""There really is the potential for trouble ahead,"" Ian Shepherdson, chief economist at Pantheon Macroeconomic Advisors, wrote in a note"
article_02,14,testimony,1810,1874,"""You can't take 1.5% of GDP out of the economy and see no hit."""
article_02,15,assumption,1876,1937,The report was significantly better than Wall Street expected
article_02,16,anecdote,1942,1965,U.S. stock prices rose
article_02,17,anecdote,1978,2044,"Dow Jones Industrial Average to a new record high of about 14,400"
article_02,18,anecdote,2073,2137,"'s 500-stock index also rose, coming within points of its record"
article_02,19,statistics,2138,2271,"Economists, on average, expected 160,000 payroll jobs and a 7.9 percent unemployment rate in February, according to a Reuters survey"
article_02,20,anecdote,2324,2335,other hand
article_02,21,statistics,2396,2421,highest since April 2012
article_02,22,assumption,2422,2476,Bond prices and yields move in the opposite direction
article_02,23,assumption,2479,2517,The report came with plenty of caveats
article_02,24,statistics,2518,2592,"January job growth was revised down sharply, from 157,000 to 119,000 jobs"
article_02,25,anecdote,2680,2688,workers
article_02,26,assumption,2689,2754,Labor-force participation has never recovered from the recession
article_02,27,assumption,2755,2869,suggesting either that large numbers of workers have retired early -- or have simply given up trying to find jobs
article_02,28,testimony,2870,2957,"Frustratingly, long-term unemployment rose, notes the Huffington Post's Arthur Delaney"
article_02,29,statistics,2960,3057,"Average hourly earnings for workers, meanwhile, rose 0.2 percent to $23.82 from $23.78 in January"
article_02,30,statistics,3058,3192,"They are up just 2.1 percent in the past year, barely keeping pace with inflation -- despite record corporate profits and cash hoards"
article_02,31,statistics,3193,3269,Wages have grown just 12 percent since the recession began in December 2007
article_02,32,statistics,3272,3452,"Even with January's downward revision, the economy has added 191,000 jobs per month, on average, for the past three months, slightly outpacing the growth rate of the past two years"
article_02,33,assumption,3453,3519,That should be enough to drive the unemployment rate slowly lower
article_02,34,statistics,3522,3641,"Including February's jobs, the U.S. economy has added 5.7 million jobs since the labor market bottomed in February 2010"
article_02,35,statistics,3646,3752,non-farm employment is still 3 million jobs lower than before the start of the recession in December 2007
article_02,36,assumption,3753,3818,making this the slowest labor-market recovery since World War II
article_02,37,assumption,3821,3931,"After peaking at 10 percent in October 2009, the unemployment rate has been grinding lower, but far too slowly"
article_02,38,assumption,3932,4130,"As a result, the Federal Reserve has kept short-term interest rates near zero for more than four years and has launched a series of unprecedented bond-buying programs to further bolster the economy"
article_02,39,assumption,4133,4175,The Fed is getting no help from Washington
article_02,40,assumption,4176,4297,"which in a panic about budget deficits has been slashing government spending and jobs, contributing to the weak recovery"
article_02,41,testimony,4301,4506,"government employment had just held steady since the end of 2008, instead of cutting more than 700,000 jobs, the unemployment rate would be 7.2 percent today, noted the Wall Street Journal's Justin Lahart"
article_02,42,anecdote,4554,4563,February
article_02,43,assumption,4568,4683,those numbers could get worse later this year as the effects of the harsh budget cuts of the sequester take effect
article_02,44,statistics,4686,4871,"Among the sectors adding the most jobs in February were construction, which hired 48,000 people; health care, which added 32,000 people; and the retail sector, which added nearly 24,000"
article_02,45,assumption,4872,4963,"Temporary services payrolls grew by 16,000, possibly a leading indicator for future hiring"
article_02,46,statistics,4964,5010,"The motion-picture industry added 20,800 jobs"
article_02,47,other,5039,5044,with
article_03,0,anecdote,47,151,"order to focus on her role as senior adviser in her father's White House, the company announced Tuesday"
article_03,1,testimony,154,294,"""When we first started this brand, no one could have predicted the success that we would achieve,"" said Ms. Trump in a statement to NBC News"
article_03,2,testimony,295,571,"""After 17 months in Washington, I do not know when or if I will ever return to the business, but I do know that my focus for the foreseeable future will be the work I am doing here in Washington, so making this decision now is the only fair outcome for my team and partners."""
article_03,3,assumption,573,781,"The closure of Ms. Trump's business, which was first reported by the The Wall Street Journal, will reduce its entanglements in President Donald Trump's ""America First"" agenda and protectionist trade practices"
article_03,4,testimony,782,898,"According to a report, workers at one of the Chinese factories of Ivanka Trump's clothing line were paid $62 a week"
article_03,5,anecdote,923,930,people
article_03,6,assumption,933,1045,"Last week, Ms. Trump heavily promoted a new White House push to get American businesses to hire American workers"
article_03,7,testimony,1046,1249,"When asked in an interview with Gray Television whether she would ask the Trump Organization to sign the same pledge, Trump said it was ""a great idea"" but wanted to ""recuse"" herself from ""calling them."""
article_03,8,anecdote,1251,1431,"Earlier this month, Canadian retail giant Hudson's Bay, which also owns Saks Fifth Avenue and Lord & Taylor, said it would begin phasing out Ivanka Trump's goods, citing weak sales"
article_03,9,assumption,1432,1514,That move comes amid a growing trade war between America and its trading partners
article_03,10,anecdote,1527,1639,"from Trump's decision to impose punitive tariffs on all imported aluminum and steel, including Canadian imports"
article_03,11,testimony,1714,1727,fall of 2017
article_03,12,anecdote,1730,1765,Ms. Trump started the brand in 2014
article_03,13,assumption,1769,1901,"sales soared during the 2016 presidential campaign, in part thanks to her glamorous, high-profile appearances on the campaign trail"
article_03,14,anecdote,1904,2119,"But in 2016 a grassroots anti-Trump social media campaign named #GrabYourWallet hit the Ivanka brands with calls for boycotts, crowdsourcing a database of businesses for activists to contact and demand they end ties"
article_03,15,testimony,2122,2229,"""This is a resounding success,"" Shannon Coulter, the campaign's founder, told NBC News in an online message"
article_03,16,testimony,2232,2467,"""We've seen increased momentum in the wake of the immigration crisis caused by the Trump administration and Hudson's Bay subsequent dropping of the Trump brand,"" said Coulter, a digital marketing strategist in San Francisco, California"
article_03,17,testimony,2468,2592,"""I believe Ivanka is closing her company in order to avoid the further embarrassment of major retailers dropping her line."""
article_03,18,assumption,2594,2769,"But in 2017 as anti-Trump backlash began to grow over connection to her father's divisive and controversial policies, retailers began distancing themselves from the Trump line"
article_03,19,anecdote,2772,2942,"They took down in-store promotional signage and relegated Ivanka's lines to their back racks, or continued to sell in store while removing the products from their website"
article_03,20,anecdote,2945,3056,"Citing poor sales, upscale retailer Nordstom declined to fully renew its spring order for the Ivanka Trump line"
article_03,21,assumption,3057,3120,That prompted her father to lash out at the company on Twitter
article_03,22,assumption,3179,3184,strom
article_03,23,assumption,3185,3251,She is a great person -- always pushing me to do the right thing!
article_03,24,assumption,3260,3261,!
article_03,25,anecdote,3332,3365,would bypass reluctant retailers
article_03,26,anecdote,3368,3484,"Though Ms. Trump made note of ""strong sales"" and a ""rapidly growing"" e-commerce business in her statement on Tuesday"
article_03,27,assumption,3485,3531,the challenging optics had continued to mount
article_03,28,anecdote,3628,3868,the applications were approved after President Trump conceded to Chinese demands to lift a ban on the ZTE electronics manufacturing company that had been put in place following allegations it was involved in stealing American trade secrets
article_03,29,assumption,3871,3979,"Ms. Trump had put her company, IT Collection LLC, in a trust to help alleviate conflict-of-interest concerns"
article_03,30,assumption,3980,3984,But
article_03,31,assumption,3984,4048,"because she is a public figure, those concerns were unavoidable"
article_03,32,assumption,4188,4339,"from her public role, potentially running afoul of rules that bar government employees from using their public office for private gain or endorsements"
article_03,33,assumption,4342,4382,The challenges started almost right away
article_03,34,anecdote,4383,4484,"Ivanka Trump wore a $10,000 bracelet from her collection during an interview with CBS's ""60 Minutes"""
article_03,35,anecdote,4488,4589,"one of her vice presidents of sales sent a ""style alert"" to journalists encouraging them to share it"
article_03,36,anecdote,4592,4727,"Ivanka Trump's jewelry company sent a 'style alert' to journalists, promoting the bracelet she wore alongside her dad on @60Minutes pic"
article_03,37,anecdote,4752,4844,Ms. Trump shared the news with her staff at Trump Tower and visited with members of her team
article_03,38,testimony,4845,4879,"who were ""most likely surprised,"""
article_03,39,testimony,4882,5011,"the company had previously committed to staying in business for the foreseeable future, according to a source close to Ms. Trump"
article_03,40,testimony,5012,5103,"The staff would be receiving settlements in line with industry standards, the source said."
article_04,0,assumption,0,279,"The Obama administration is proposing a major cut in 2015 payments to Medicare Advantage, in a move that is sure to set off a ferocious campaign by the insurance industry to reverse the decision and likely will further complicate the health care politics of the midterm elections"
article_04,1,statistics,282,396,An annual notice released Friday after the markets closed would reduce Medicare Advantage spending by 3.55 percent
article_04,2,assumption,442,451,spending
article_04,3,assumption,452,511,which has grown at a historically low pace in recent years
article_04,4,assumption,584,636,is calculated through a complicated set of formulas
article_04,5,anecdote,641,810,analysts were still sorting out the 148-page proposal that CMS released late in the afternoon to assess the total impact on the increasingly popular program for seniors
article_04,6,testimony,836,1048,"Lambert van der Walde, a former CMS official under President George W. Bush who now advises investment firms, said the cut is bigger than the industry expected, given estimates the government provided in December"
article_04,7,testimony,1106,1143,"“It looks worse,” van der Walde said,"
article_04,8,testimony,1143,1217,while adding that it’s too soon to determine what the final level will be
article_04,9,assumption,1220,1398,"Republican and Democratic strategists say any cuts to Medicare Advantage, which now covers a third of all Medicare beneficiaries, will give the GOP ammunition to attack Democrats"
article_04,10,assumption,1399,1479,Some Democrats have already asked the administration to leave the program alone
article_04,11,anecdote,1482,1844,"Forty senators, including vulnerable Democrats Kay Hagan of North Carolina, Mary Landrieu of Louisiana, Mark Pryor of Arkansas and Mark Udall of Colorado, as well as Sen. Chuck Schumer (D-N.Y.) and a host of Republicans, sent a letter Tuesday asking the administration to “prioritize beneficiaries’ experience and minimize disruption to payment levels for 2015.”"
article_04,12,testimony,1846,2022,"Friday afternoon, a memo from House Majority Leader Eric Cantor highlighted plans for Republicans to focus on “the negative impact on seniors from the Medicare Advantage cuts.”"
article_04,13,assumption,2339,2347,program
article_04,14,anecdote,2570,2620,choices and urged that payment rates be kept flat
article_04,15,testimony,2621,2717,"“Another round of payment cuts would be devastating,” said AHIP President and CEO Karen Ignagni"
article_04,16,assumption,2720,2916,AHIP has pledged to continue that campaign of advertising and aggressive lobbying on Capitol Hill while leveraging a coalition of 1.5 million seniors to hammer Congress with constituent complaints
article_04,17,assumption,2919,2963,It’s an approach that has worked in the past
article_04,18,anecdote,3016,3053,in cuts for Medicare Advantage plans
article_04,19,anecdote,3054,3336,"After a six-week campaign that included paid advertising inside the Beltway and beyond, and letters from at least 160 supportive lawmakers from both parties, CMS reversed a key assumption that had long been built into its estimates and instead put forward a 3.3 percent growth rate"
article_04,20,statistics,3339,3343,Even
article_04,21,statistics,3347,3497,"because of a variety of other moves and cuts, the industry estimated that Medicare Advantage plans suffered a cumulative 6.5 percent drop in payments"
article_04,22,assumption,3498,3563,That drew warnings of substantial benefit reductions for seniors
article_04,23,assumption,3564,3609,"For the most part, those did not materialize"
article_04,24,assumption,3646,3648,CA
article_04,25,statistics,3659,3772,"Indeed, Avalere Health reported Friday that Medicare Advantage enrollment grew nearly 9 percent from 2013 to 2014"
article_04,26,statistics,3773,3821,The program now covers almost 16 million people
article_04,27,assumption,3824,3958,Friday’s announcement contains several other payment policies in addition to the growth rate that would also affect the total payments
article_04,28,assumption,3959,4105,"Those policies, including for risk adjustment, “coding intensity” and a quality bonus program, were still being reviewed by industry stakeholders"
article_04,29,anecdote,4210,4227,not a new policy
article_04,30,assumption,4282,4287,said
article_04,31,assumption,4288,4361,most were already included in the ACA and other steps Congress has taken
article_04,32,testimony,4364,4602,"“There don’t appear to be any new cuts that weren’t payment changes and adjustments already required under current law, despite the recent claims to the contrary,” Edwin Park, of the Center on Budget and Policy Priorities, noted via email"
article_04,33,assumption,4605,4653,But one important detail was immediately evident
article_04,34,assumption,4654,4868,A quality bonus demonstration project that effectively shielded plans from some Obamacare cuts over the past three years is being allowed to sunset as scheduled at the end of 2014 under the proposed payment policy
article_04,35,testimony,4990,5010,", van der Walde said"
article_04,36,testimony,5011,5195,"“Unlike last year, there’s no obvious assumption change that can easily be made and we have the additional backdrop of a challenging ACA implementation and midterm elections,” he said"
article_05,0,assumption,0,175,Melania Trump appears to have plagiarized her speech at the opening night of the Republican National Convention from Michelle Obama’s address to the 2008 Democratic convention
article_05,1,assumption,178,349,An entire section of Trump’s speech—focused on the values she and her husband share—appears to be lifted directly from Obama’s comments on the same subject eight years ago
article_05,2,assumption,410,426,” of her country
article_05,3,assumption,427,503,now Republicans defend her words when they’re coming out of Melania’s mouth
article_05,4,assumption,506,586,The controversy capped a chaotic first day of the Republican National Convention
article_05,5,anecdote,587,771,Monday started with Trump’s campaign attacking popular Ohio governor and former presidential challenger John Kasich as an “embarrassment” for not attending the convention in Cleveland
article_05,6,anecdote,772,846,"By afternoon, conspiracy theorist Alex Jones was rallying people outside—"
article_05,7,anecdote,846,949,until he was interrupted by a popular comedian asking the fringe radio host to “have sex with my wife.”
article_05,8,anecdote,951,1088,"Not long after, a fight erupted on the convention floor, with anti-Trump delegates demanding a roll call vote before the RNC got underway"
article_05,9,anecdote,1089,1194,"At another point, Rep. Steve King was on MSNBC suggesting white people are better than any “sub-groups.”"
article_05,10,anecdote,1194,1312,"By the evening, speaker after speaker recalled in the most minute detail the attacks on the U.S. compound in Benghazi"
article_05,11,anecdote,1342,1403,and repeated almost line-for-line what Michelle said in 2008
article_05,12,testimony,1406,1649,"“From a young age, my parents impressed on me the values that you work hard for what you want in life, that your word is your bond and you do what you say and keep your promise; that you treat people with respect,” Melania said [emphasis added"
article_05,13,testimony,1651,1716,“They taught and showed me values and morals in their daily life
article_05,14,testimony,1717,2011,"That is a lesson that I continue to pass along to our son, and we need to pass those lessons on to the many generations to follow because we want our children in this nation to know that the only limit to your achievements is the strength of your dreams and your willingness to work for them.”"
article_05,15,assumption,2017,2044,’s Michelle eight years ago
article_05,16,testimony,2048,2338,"Barack and I were raised with so many of the same values: that you work hard for what you want in life; that your word is your bond and you do what you say you’re going to do; that you treat people with dignity and respect, even if you don't know them, and even if you don’t agree with them"
article_05,17,testimony,2339,2443,"And Barack and I set out to build lives guided by these values, and pass them on to the next generation"
article_05,18,testimony,2444,2636,Because we want our children—and all children in this nation—to know that the only limit to the height of your achievements is the reach of your dreams and your willingness to work for them.”
article_05,19,testimony,2638,2739,"Before the convention, Team Trump told CNN that Melania spent five to six weeks working on the speech"
article_05,20,testimony,2740,2833,She told Matt Lauer on Monday afternoon that she had “as little help as possible” writing it
article_05,21,assumption,2836,2922,The Trump campaign didn’t acknowledge the plagiarism allegation when it first surfaced
article_05,22,testimony,2925,3153,"“In writing her beautiful speech, Melania’s team of writers took notes on her life’s inspirations, and in some instances included fragments that reflected her own thinking,” spokesman Jason Miller said in a statement late Monday"
article_05,23,testimony,3154,3267,"“Melania’s immigrant experience and love for America shone through in her speech, which made it such a success.”"
article_05,24,assumption,3269,3361,"But by 1:30 a.m., the campaign finally addressed the plagiarism—and attacked Hillary Clinton"
article_05,25,testimony,3364,3502,"“This is once again an example of when a woman threatens Hillary Clinton she’ll... take her down,” campaign manager Paul Manafort told CNN"
article_05,26,testimony,3503,3529,“It’s not going to work.”
article_05,27,anecdote,3605,3663,speech when the Today show asked him if it was plagiarism
article_05,28,testimony,3666,3763,"“Not when 93 percent of the speech is completely different than Michelle Obama’s speech,” he said"
article_05,29,testimony,3764,3803,“They expressed some common thoughts.”
article_05,30,assumption,3805,3929,The idea that any Republican would share “common thoughts” with Michelle Obama would’ve shocking to the GOP until last night
article_05,31,anecdote,3942,4020,went ballistic when the future First Lady told a crowd of voters in Feb. 2008
article_05,32,testimony,4023,4159,"“For the first time in my adult life, I am really proud of my country because it feels like hope is finally making a comeback,” she said"
article_05,33,testimony,4162,4278,The Obamas subsequently explained that what she meant was that she was thrilled to see Americans turning out to vote
article_05,34,assumption,4283,4370,the meme that the Princeton and Harvard Law grad was a crypto-black militant had stuck
article_05,35,testimony,4407,4412,Beck
article_05,36,testimony,4421,4443,“This is who they are
article_05,37,testimony,4444,4470,They’re anti-colonialists
article_05,38,testimony,4471,4530,They believe America has oppressed the rest of the world.”
article_05,39,testimony,4614,4622,in 2008
article_05,40,testimony,4623,4758,"telling Wolf Blitzer, “You know, he's also been involved in pretty big controversy like plagiarism in college and various other things"
article_05,41,testimony,4759,4789,That's a pretty big statement
article_05,42,testimony,4790,4834,So perhaps you change over a period of time
article_05,43,testimony,4835,4890,"But when you plagiarize, that's a very bad statement.”"
article_06,0,assumption,0,51,The deadly siege of a central Sydney cafe has ended
article_06,1,assumption,55,91,the investigation is just beginning
article_06,2,anecdote,94,227,"Australian authorities stormed the cafe where a self-styled Muslim cleric had been holding hostages early Tuesday, killing the gunman"
article_06,3,testimony,333,404,", New South Wales police Commissioner Andrew P. Scipione told reporters"
article_06,4,testimony,463,486,", according to Scipione"
article_06,5,anecdote,487,558,"They were later identified as Katrina Dawson, 38, and Tori Johnson, 34"
article_06,6,anecdote,559,667,"Other people were injured, including a police officer who suffered a wound to the face from gunshot pellets"
article_06,7,anecdote,668,723,All were described by police to be in stable condition
article_06,8,testimony,726,772,"""Understandably, there is a lot of speculation"
article_06,9,testimony,773,903,"but it will take time to clarify exactly what happened ... and why,"" Australian Prime Minister Tony Abbott told reporters Tuesday"
article_06,10,assumption,906,931,What did the gunman want?
article_06,11,assumption,931,973,Why did he choose the cafe as his target?
article_06,12,testimony,975,1211,"""There is nothing more Australian than dropping in at the local cafe for a morning coffee, and it's tragic beyond words that people going about their everyday business should have been caught up in such a horrific incident,"" Abbott said"
article_06,13,anecdote,1214,1295,He offered his condolences to people caught in the attack and to their loved ones
article_06,14,testimony,1298,1476,"""These events do demonstrate that even a country as free as open as generous and as safe as ours is vulnerable to acts of politically motivated violence,"" the Prime Minister said"
article_06,15,testimony,1477,1578,"""But they also remind us that Australia, and Australians are resilient and we are ready to respond."""
article_06,16,assumption,1580,1606,Gunman had violent history
article_06,17,anecdote,1608,1706,The gunman was identified as Man Haron Monis by an official with direct knowledge of the situation
article_06,18,assumption,1778,1812,embraced a radical Sunni theology
article_06,19,testimony,1815,1993,"Abbott told reporters that the gunman was already well-known to authorities, and that he had a ""long history of violent crime, infatuation with extremism and mental instability."""
article_06,20,anecdote,1995,2064,"Before the raid, Monis had demanded a flag and phone call with Abbott"
article_06,21,testimony,2065,2107,CNN affiliate Sky News Australia reported
article_06,22,anecdote,2184,2198,News reported
article_06,23,anecdote,2201,2314,Some hostages had also reportedly posted messages to social networking sites and the YouTube online video service
article_06,24,anecdote,2315,2371,Police urged media early Tuesday not to show the videos
article_06,25,testimony,2531,2569,according to Australian media reports
article_06,26,assumption,2572,2606,He was believed to be acting alone
article_06,27,testimony,2644,2720,"broader plot, additional U.S. law enforcement and intelligence sources said"
article_06,28,anecdote,2790,2979,"Hundreds of police officers, including snipers, surrounded the cafe in Sydney's central business district shortly after the gunman took over the building at 10 a.m. Monday (6 p.m. ET Sunday"
article_06,29,anecdote,2983,3112,"Chilling images from Australian media showed people, believed to be hostages, with their hands pressed against the cafe's windows"
article_06,30,anecdote,3113,3244,"They were holding up a black flag with Arabic writing on it reading, ""There is no God but God and Mohammed is the prophet of God."""
article_06,31,anecdote,3246,3353,Five hostages sprinted out of the cafe toward heavily armed police officers several hours into the standoff
article_06,32,testimony,3387,3424,", according to an Australian reporter"
article_06,33,testimony,3427,3625,"Chris Reason, a correspondent for CNN affiliate Seven Network, said the gunman became ""extremely agitated"" when he realized what had happened and ""started screaming orders"" at the remaining hostages"
article_06,34,testimony,3628,3749,Reason said he could see the gunman pacing past the cafe's windows from his vantage point at the network's nearby offices
article_06,35,anecdote,3750,3843,"He described the man as unshaven, wearing a white shirt and black cap and carrying a shotgun"
article_06,36,anecdote,3896,3905,reported
article_06,37,anecdote,3908,4038,"After a tense night, police could be seen early Tuesday throwing flash-bang grenades into the cafe in video aired by Seven Network"
article_06,38,anecdote,4039,4070,Gunfire erupted amid the chaos
article_06,39,testimony,4073,4263,A national security source in the United States said that a team of Australian special forces troops and police had entered the Lindt Chocolate Cafe from two directions and killed the gunman
article_06,40,anecdote,4266,4354,Video captured medics working on some people and others being carried away on stretchers
article_06,41,anecdote,4357,4428,"On Tuesday, the hostages who died were identified as Dawson and Johnson"
article_06,42,testimony,4431,4614,"""Katrina was one of our best and brightest barristers who will be greatly missed by her colleagues and friends at the NSW Bar,"" the New South Wales Bar Association said in a statement"
article_06,43,testimony,4615,4717,"""She was a devoted mother of three children and a valued member of her floor and of our bar community"
article_06,44,testimony,4718,4766,"Our thoughts are with her family at this time."""
article_06,45,anecdote,4768,4810,Johnson's family also released a statement
article_06,46,testimony,4811,4997,"It read, in part: ""We are so proud of our beautiful boy Tori, gone from this Earth but forever in our memories as the most amazing life partner, son and brother we could ever wish for."""
article_07,0,testimony,0,192,"President Donald Trump is such an indiscriminate liar that he sometimes doesn't even know he's lying, former FBI Director James Comey said in an interview with ABC News that aired Sunday night"
article_07,1,testimony,193,246,"He said Trump was ""morally unfit"" to hold his office"
article_07,2,anecdote,249,450,"In hours-long interview with ABC's George Stephanopoulos, parts of which aired on ""20/20,"" Comey recounted many of the details he revealed in his memoir, ""A Higher Loyalty: Truth, Lies and Leadership."""
article_07,3,anecdote,450,594,The interview was conducted before NBC News and other news organizations obtained copies of the book and reported many of its details last week
article_07,4,assumption,598,673,the discussion included no responses to Trump's tweeted outrage since then
article_07,5,assumption,676,824,"Slippery James Comey, a man who always ends up badly and out of whack (he is not smart!), will go down as the WORST FBI Director in history, by far!"
article_07,6,testimony,826,1065,"""Our president must embody respect and adhere to the values that are at the core of this country, the most important being truth,"" Comey said last week, according to a transcript of the entire interview that ABC News published Sunday night"
article_07,7,testimony,1066,1106,"""This president is not able to do that."
article_07,8,testimony,1106,1144,"He is morally unfit to be president."""
article_07,9,testimony,1151,1372,"lies are so promiscuous that ""sometimes he's lying in ways that are obvious, sometimes he's saying things that we may not know are true or false, and then there's a spectrum in between,"" Comey said, according to ABC News"
article_07,10,testimony,1375,1459,"""The challenge of this president is that he will stain everyone around him,"" he said"
article_07,11,assumption,1462,1557,And he indicated that the president's behavior in a one-on-one meeting could have been criminal
article_07,12,testimony,1560,1711,"Recounting a key section of his book, Comey said that in a meeting in February 2017, Trump asked Comey to drop the FBI's investigation of Michael Flynn"
article_07,13,anecdote,1712,1771,who had recently resigned as his national security adviser
article_07,14,testimony,1774,1947,"He said that when Trump asked him privately to drop the investigation of Flynn — an allegation Trump has denied — it was ""certainly some evidence of obstruction of justice."""
article_07,15,testimony,1951,2007,he said any criminal charge would be up to a prosecutor
article_07,16,assumption,2008,2045,who would evaluate Trump's intention
article_07,17,testimony,2048,2304,"White House press secretary Sarah Huckabee Sanders told reporters during a briefing aboard Air Force One on the way to Florida on Monday that the president did not watch the entire Comey interview, but saw ""bits and pieces"" and didn't ""learn anything new."""
article_07,18,testimony,2304,2384,"She also labeled him a ""self-admitted leaker"" who has ""proven to be dishonest."""
article_07,19,assumption,2386,2447,Comey revealed little in the interview that isn't in the book
article_07,20,assumption,2448,2728,But one thing he did offer was his confirmation that the FBI already knew all of the major allegations in the so-called Steele dossier before it even learned of the much-debated 35-page opposition-research document alleging that Trump's presidential campaign colluded with Russia
article_07,21,assumption,2731,2902,While much of the president's invective about the investigation — conducted first by the FBI and then by special counsel Robert Mueller — centers on the opposition dossier
article_07,22,testimony,2903,3007,"Comey told ABC News that ""the investigation was triggered entirely separately from the Steele dossier."""
article_07,23,assumption,3035,3041,began
article_07,24,testimony,3080,3265,"George Papadopoulos, who was briefly an adviser to the Trump presidential campaign, ""had been talking to someone in London about getting dirt that the Russians had on Hillary Clinton."""
article_07,25,testimony,3267,3394,"""The FBI didn't get any information that's part of the so-called Steele dossier, as I understand it, until after that,"" he said"
article_07,26,testimony,3397,3714,"Regardless, he said, once it learned of the dossier, the FBI considered Christopher Steele, the former British intelligence officer who compiled it, to be a credible source, calling him ""someone with a track record, someone who was a credible and respected member of an allied intelligence service during his career."""
article_07,27,testimony,3720,4081,"y also spoke at length about what he characterized as his ""no-win situation"" in his deliberations over whether to announce publicly, less than two weeks before the presidential election, that the FBI was looking into more emails connected to its investigation of Democratic nominee Hillary Clinton's use of a private email server when she was secretary of state"
article_07,28,testimony,4084,4340,"Comey wrote in ""A Higher Loyalty"" that he assumed Clinton would win — as virtually every major poll suggested — and that he didn't want to tarnish Clinton's presidency as illegitimate if it were to be learned later that the FBI had withheld the information"
article_07,29,testimony,4343,4405,Comey told ABC News that he would make the same decision again
article_07,30,testimony,4408,4537,"""If I ever start considering whose political fortunes will be affected by a decision, we're done,"" he said, according to ABC News"
article_07,31,testimony,4538,4635,"""We're no longer that group in America that is apart from the partisans and that can be trusted."
article_07,32,testimony,4635,4684,"We're just another player in the tribal battle."""
article_07,33,anecdote,4691,4755,"Comey joins Rachel Maddow live in-studio Thursday at 9 p.m., ET"
article_07,34,anecdote,4756,4765,on MSNBC
article_07,35,anecdote,4797,4798,:
article_07,36,other,4802,4803,.
article_07,37,other,4829,4842,this article
article_07,38,anecdote,4866,4872,title
article_07,39,anecdote,4876,4934,"is a former director of the FBI, not the current director"
article_08,0,testimony,46,108,iate for Russian cyberattacks during the presidential election
article_08,1,testimony,111,281,"In an interview on National Public Radio on Friday morning, the US president said he is waiting for a final report he has ordered into a range of Russian hacking attacks,"
article_08,2,testimony,281,320,but promised there would be a response
article_08,3,testimony,324,467,"I think there is no doubt that when any foreign government tries to impact the integrity of our elections … we need to take action,” Obama said"
article_08,4,testimony,468,523,“And we will – at a time and place of our own choosing
article_08,5,testimony,527,593,Some of it may be explicit and publicised; some of it may not be.”
article_08,6,testimony,595,804,"The CIA has judged that the Russian cyber attacks, including the hacking of emails from the Democratic National Committee, were intended to influence the election in Donald Trump’s favour, according to reports"
article_08,7,testimony,910,931,Republican contender
article_08,8,anecdote,934,1000,Senators from both parties have called for a congressional enquiry
article_08,9,anecdote,1007,1046,Trump himself has rejected the reports
article_08,10,assumption,1050,1081,his office has derided the CIA
article_08,11,testimony,1124,1246,was the “same cyberattack where it was revealed that head of the DNC illegally gave Hillary the questions to the debate?”
article_08,12,anecdote,1246,1509,"One of the hacked emails, from interim DNC head Donna Brazile, said that a woman from Flint, Michigan, would ask at a primary debate with Bernie Sanders what Clinton would do as president to help people in the town suffering from a lead-contaminated water supply"
article_08,13,assumption,1512,1648,Are we talking about the same cyberattack where it was revealed that head of the DNC illegally gave Hillary the questions to the debate?
article_08,14,testimony,1650,1809,"He earlier tweeted: “If Russia, or some other entity, was hacking, why did the White House wait so long to act? Why did they only complain after Hillary lost?”"
article_08,15,anecdote,1811,1917,"In fact, the intelligence community had issued its statement on 7 October, a full month before polling day"
article_08,16,testimony,1920,2002,Obama said he would reserve judgment on Moscow’s intentions pending a final report
article_08,17,testimony,2006,2055,he said the impact of the intervention was clear
article_08,18,testimony,2056,2338,"The debate over motivation, he said “does not in any way, I think, detract from the basic point that everyone during the election perceived accurately – that in fact what the Russian hack had done was create more problems for the Clinton campaign than it had for the Trump campaign"
article_08,19,testimony,2342,2554,"He added: “There’s no doubt that it contributed to an atmosphere in which the only focus for weeks at a time, months at a time were Hillary’s emails, the Clinton Foundation, political gossip surrounding the DNC.”"
article_08,20,assumption,2631,2665,but insisted it had had an effect
article_08,21,testimony,2669,2720,"Elections can always turn out differently,” he said"
article_08,22,testimony,2721,2782,“You never know which factors are going to make a difference
article_08,23,testimony,2787,2857,"I have no doubt that it had some impact, just based on the coverage.”"
article_08,24,assumption,2859,2973,"In the NPR interview, Obama expressed incredulity at Republican party support for Trump’s foreign policy positions"
article_08,25,assumption,2974,3047,which have been uniformly supportive of Russian president Vladimir Putin
article_08,26,testimony,3050,3368,"“This is somebody, the former head of the KGB, who is responsible for crushing democracy in Russia, muzzling the press, throwing political dissidents in jail, countering American efforts to expand freedom at every turn; is currently making decisions that’s leading to a slaughter in Syria,” the outgoing president said"
article_08,27,testimony,3371,3372,“
article_08,28,testimony,3375,3564,"a big chunk of the Republican party, which prided itself during the Reagan era and for decades that followed as being the bulwark against Russian influence, now suddenly is embracing him.”"
article_08,29,assumption,3566,3668,"Earlier on Thursday, the White House went its furthest yet in joining the dots between Trump and Putin"
article_08,30,testimony,3671,3883,"Press secretary Josh Earnest pointed reporters to a unanimous statement from all 17 intelligence agencies, issued in October, that found “only Russia’s senior-most officials could have authorized these activities"
article_08,31,testimony,3887,4094,"The press secretary said that in his personal view, that sentence was “not intended to be subtle”, adding that it was “pretty obvious that they were referring to the senior-most government official in Russia"
article_08,32,testimony,4098,4187,"Ben Rhodes, Obama’s deputy national security adviser for strategic communications, agreed"
article_08,33,testimony,4188,4319,"“I don’t think things happen in the Russian government of this consequence without Vladimir Putin knowing about it,” he told MSNBC"
article_08,34,testimony,4322,4463,But Russian foreign minister Sergei Lavrov told state TV channel Rossiya-24 he was “dumbstruck” by the reports of Putin’s alleged involvement
article_08,35,testimony,4464,4586,"“I think this is just silly, and the futility of the attempt to convince somebody of this is absolutely obvious,” he said"
article_08,36,testimony,4589,4785,"Putin’s spokesman Dmitry Peskov said on Friday of the hacking accusation that the US should “either stop talking about it or finally produce some evidence, otherwise it all begins to look unseemly"
article_08,37,anecdote,4895,4951,before leaving for his annual family vacation in Hawaii
article_09,0,anecdote,266,303,the Treasury Department said Tuesday
article_09,1,testimony,327,462,"after business owners expressed concerns about the complexity of the law’s reporting requirements, the agency said in its announcement"
article_09,2,assumption,463,603,"Under the Affordable Care Act, businesses employing 50 or more full-time workers that don't provide them health insurance will be penalized"
article_09,3,testimony,606,742,"""We recognize that the vast majority of businesses that will need to do this reporting already provide health insurance to their workers"
article_09,4,testimony,743,799,and we want to make sure it is easy for others to do so
article_09,5,testimony,800,834,We have listened to your feedback
article_09,6,testimony,835,971,"And we are taking action,"" Mark J. Mazur, assistant secretary for tax policy, wrote in a post on the website of the Treasury Department"
article_09,7,anecdote,993,1027,implementing the employer mandate
article_09,8,testimony,1030,1190,Mazur said the extra year before the requirement goes into effect will allow the government time to assess ways to simplify the reporting process for businesses
article_09,9,assumption,1191,1321,Penalties for firms not providing health coverage to employees will now begin in 2015 – after next year’s congressional elections
article_09,10,assumption,1324,1489,"The new delay will not affect other aspects of the health law, including the establishment of exchanges in states for low-income Americans to obtain health insurance"
article_09,11,assumption,1492,1601,Supporters of the employer mandate note that most firms already provide health insurance to full time workers
article_09,12,assumption,1602,1673,and downplay the effect the requirement would have on small businesses
article_09,13,statistics,1681,1764,figures showing the vast majority of small businesses employ fewer than 50 workers
article_09,14,assumption,1770,1833,opponents claim the employer mandate is a potential job killer
article_09,15,assumption,1841,1913,businesses near the 50-worker cutoff will be unlikely to ramp up hiring
article_09,16,assumption,1916,1980,it means they're required to provide employees health insurance
article_09,17,testimony,2017,2271,"“The administration has finally recognized the obvious – employers need more time and clarification of the rules of the road before implementing the employer mandate,” said Randy Johnson, a vice president at the U.S. Chamber of Commerce, a business group"
article_09,18,assumption,2385,2487,acted to shorten applications for health insurance on government-run exchanges from 21 pages to three
article_09,19,testimony,2490,2783,"On Tuesday, Obama’s senior adviser Valerie Jarrett – who acts as the White House’s liaison to big business – wrote the new delay was indicative of the administration’s determination to implement the health care law effectively and fairly, and that it wouldn’t affect other aspects of Obamacare"
article_09,20,testimony,2787,2967,"While major portions of the law have yet to be implemented, it’s already a little more affordable for businesses to offer quality health coverage to their employees,” Jarrett wrote"
article_09,21,testimony,2968,2982,adding later:
article_09,22,testimony,2984,3162,"As we implement this law, we have and will continue to make changes as needed. In our ongoing discussions with businesses we have heard that you need the time to get this right.”"
article_09,23,assumption,3174,3234,How the next battle over Obamacare could be the ugliest yet
article_09,24,assumption,3236,3359,Yet many Republicans – and even some Democrats - have continued to express serious concerns about the roll-out of Obamacare
article_09,25,assumption,3363,3446,"Tuesday, GOP lawmakers said the delay of the employer mandate didn’t go far enough"
article_09,26,testimony,3450,3582,"This announcement means even the Obama administration knows the 'train wreck' will only get worse,” House Speaker John Boehner wrote"
article_09,27,testimony,3585,3761,"""Obamacare costs too much and it isn’t working the way the administration promised,” Sen. Mitch McConnell, the Senate Minority Leader, wrote in response to the decision, adding"
article_09,28,testimony,3762,3897,"“The fact remains that Obamacare needs to be repealed and replaced with common-sense reforms that actually lower costs for Americans."""
article_09,29,assumption,3899,3961,"Rep. Eric Cantor, the House Majority Leader, was more succinct"
article_09,30,testimony,3962,4033,"""The best delay for ObamaCare is a permanent one,"" he wrote on Twitter"
article_09,31,assumption,4036,4129,"Many allies of Obama, including major labor unions, did not immediately weigh in on the delay"
article_09,32,testimony,4130,4245,"A spokesman for Senate Majority Leader Harry Reid said in response to the decision, ""Flexibility is a good thing."""
article_09,33,testimony,4247,4500,"""Both the administration and Senate Democrats have shown – and continue to show – a willingness to be flexible and work with all interested parties to make sure that implementation of the Affordable Care Act is as beneficial as possible to all involved."
article_09,34,testimony,4500,4567,"It is better to do this right than fast,"" Adam Jentleson continued"
article_09,35,assumption,4570,4650,Yet even some Democrats have voiced concern about the roll-out of the health law
article_09,36,anecdote,4688,4778,"helped craft the legislation, expressed serious anxiety in April about its implementation"
article_09,37,testimony,4781,4898,"""The administration's public information campaign on the benefits of the Affordable Care Act deserves a failing grade"
article_09,38,testimony,4899,5001,"You need to fix this,"" Baucus told Health and Human Services Secretary Kathleen Sebelius at a hearing"
article_09,39,testimony,5004,5063,"""I just see a huge train wreck coming down,"" he added later"
article_10,0,anecdote,0,106,"For 90 years, Mt. Zion African Methodist Episcopal Church stood as a place of worship in Greeleyville, S.C"
article_10,1,anecdote,109,154,"On June 20, 1995, it was burned to the ground"
article_10,2,anecdote,157,258,Two young white men with suspected ties to the Ku Klux Klan were arrested in connection with the fire
article_10,3,testimony,259,335,according to documents from House Judiciary Committee hearings held in 1996
article_10,4,testimony,338,537,"""To see the church burned was sad to me, but to learn that the church was burned by hideous acts of others crushed my heart,"" the Rev. Terrance G. Mackey, pastor of Mt. Zion, said during the hearings"
article_10,5,assumption,540,651,"His words then echo the emotions after last week's attack on the historic Emanuel AME Church in Charleston, S.C"
article_10,6,testimony,653,818,"""To know that in 1995 people still have that much hate in their hearts for others, I said to myself: Are we going forward or are we going backward in this country?"""
article_10,7,assumption,820,869,Mackey's question to Congress had no clear answer
article_10,8,assumption,872,952,Even then-President Clinton's response almost a year later sounds familiar today
article_10,9,testimony,1150,1158,rebuilt
article_10,10,testimony,1161,1405,"""This year alone there have been 21 church fires involving African American churches,"" he said at the time, noting there was ""considerable evidence that some of these church fires were connected and that some were racially motivated incidents."""
article_10,11,anecdote,1407,1635,"Four African American churches were burned in west Tennessee in 1995, including two on the same day: Macedonia Missionary Baptist Church in Crockett County and Johnson Grove Missionary Baptist Church in Madison County on Jan. 13"
article_10,12,assumption,1638,1673,Some fires included racist messages
article_10,13,anecdote,1674,1765,"On Jan. 8, 1996, the sanctuary of the Inner City Church in Knoxville, Tenn., was destroyed"
article_10,14,anecdote,1878,1905,to congressional documents
article_10,15,anecdote,1926,1960,than 500 members of various races
article_10,16,anecdote,1963,2048,The task force investigating the incident consisted of 70 federal and local officials
article_10,17,testimony,2059,2326,"according to a report from the Justice Department's Office of the Inspector General, controversy erupted when the NAACP learned of possible connections between federal and local law enforcement officials investigating the church fires and the ""Good O' Boy Roundups."""
article_10,18,testimony,2457,2527,"Bureau of Alcohol, Tobacco and Firearms, as the agency was then known"
article_10,19,testimony,2528,2552,according to the report
article_10,20,testimony,2555,2811,"""Several African Americans in Tennessee expressed distrust of the Knoxville Police Department and ATF because of the widespread belief that members of both agencies had participated in such a racially offensive event,"" the inspector general's report stated"
article_10,21,testimony,2812,3063,"""Our local NAACP officials wondered whether ATF agents involved in such despicable and overtly racist conduct as the 'Good O' Boy Roundups' possess the sensitivity to vigorously pursue justice in what many believe are racially motivated hate crimes."""
article_10,22,testimony,3065,3239,"""We welcomed you Wednesday night in our Bible study with open arms,"" Felecia Sanders said before a video feed of Roof shown in the courtroom last week during his bond hearing"
article_10,23,testimony,3240,3307,"""You have killed some of the most beautifulest people that I know."
article_10,24,testimony,3307,3367,"Every fiber in my body hurts … and I'll never be the same."""
article_10,25,anecdote,3369,3399,Sanders survived the shootings
article_10,26,anecdote,3404,3437,"her son, Tywanza, 26, was killed"
article_10,27,assumption,3440,3648,"The attack, in which each victim was shot multiple times, is among the most horrific entries on a list that goes back decades and includes the 1963 bombing of the 16th Street Baptist Church in Birmingham, Ala"
article_10,28,testimony,3651,3777,"In Charleston on Friday, NAACP President Cornell William Brooks called the Emanuel AME shootings ""an act of racial terrorism."""
article_10,29,testimony,3779,3819,"""This crime may have occurred in moments"
article_10,30,testimony,3820,3906,"But it came into being over some time,"" Brooks said Sunday on CBS' ""Face the Nation."""
article_10,31,testimony,3906,4015,"""This young man was indoctrinated, radicalized, if you will, with an ideology of white nationalism or racism"
article_10,32,testimony,4016,4111,And so the point being here is we've got to look at not only this individual act of brutality.
article_10,33,testimony,4111,4172,We also have to look at the atmosphere from which it emerged
article_10,34,testimony,4173,4203,"And we have to address that."""
article_10,35,testimony,4281,4330,"as 1791, according to the National Parks Service"
article_10,36,anecdote,4331,4431,"Emanuel also was once burned to the ground — in 1822, for its connection to an aborted slave revolt"
article_10,37,anecdote,4434,4640,"In the Mt. Zion case, the two suspects were former Ku Klux Klansmen who pleaded guilty to federal charges of civil rights violations in the burnings of two predominantly black churches, one of them Mt. Zion"
article_10,38,anecdote,4641,4773,"In 1998, both saw their sentences reduced after providing information in other cases, including a burglary and a check fraud scheme"
article_10,39,anecdote,4774,4828,Gary Cox had his 19-year sentence reduced to 14 years
article_10,40,anecdote,4832,4891,Timothy Welch's sentence was cut from 18 years to 12 years
article_11,0,assumption,0,28,No man’s a hero to his valet
article_11,1,assumption,29,71,President Donald J. Trump is no exception
article_11,2,assumption,72,181,He’s plainly lost whatever Caesar status he once had with his longtime valet — I mean lawyer — Michael Cohen
article_11,3,testimony,184,330,"According to media reports Friday, Cohen surreptitiously recorded a shady conversation with Trump two months before the 2016 presidential election"
article_11,4,anecdote,331,506,"The two goons reportedly discussed how to suppress the 1st Amendment rights of Trump’s alleged former extramarital girlfriend Karen McDougal, a darling-looking skin-mag model"
article_11,5,assumption,507,527,Their cunning plan?
article_11,6,assumption,527,650,To trick McDougal into thinking she was signing a contract to write about the affair exclusively for the National Enquirer
article_11,7,assumption,653,759,"As for so many of us, journalism seemed like a chance for McDougal to make an honest, fully-clothed living"
article_11,8,testimony,760,764,But
article_11,9,testimony,765,885,"according to McDougal, Trump supporter David Pecker, who runs the company that publishes the Enquirer, killed her story"
article_11,10,testimony,886,939,"He wouldn’t let her take it elsewhere, she maintains"
article_11,11,anecdote,997,1016,never came to pass
article_11,12,other,1022,1036,writer’s life
article_11,13,other,1043,1061,", I’m here for you"
article_11,14,assumption,1064,1068,Don’
article_11,15,assumption,1069,1077,confuse
article_11,16,assumption,1297,1305,", Barron"
article_11,17,anecdote,1306,1323,Daniels is blond
article_11,18,anecdote,1324,1330,"Sure,"
article_11,19,anecdote,1330,1506,"McDougal describes a similar affair with Trump that overlapped with Daniels’, as well as Melania’s postpartum adjustment to new motherhood and of course Barron’s early infancy"
article_11,20,assumption,1511,1534,McDougal is a brunette
article_11,21,assumption,1537,1592,Cohen reportedly has lifelong ties to the Russian mafia
article_11,22,assumption,1597,1641,he’s showing a KGB-level knack for betrayal
article_11,23,assumption,1694,1749,"McDougal is not the other skinmag model, Shera Bechard"
article_11,24,assumption,1750,1811,who was also allegedly silenced through Cohen’s machinations
article_11,25,testimony,1812,1995,"Bechard, whose hair is a whiter-blond than Daniels’, has said she had an abortion after getting pregnant by Elliott Broidy, onetime finance chair of the Republican National Committee"
article_11,26,assumption,2010,2083,What’s this stupid bedroom farce have to do with the fate of the nation?
article_11,27,assumption,2087,2229,no one but a prude like me is feeling scandalized by the president’s ritual humiliation of his wife and infliction of trauma on his young son
article_11,28,assumption,2230,2279,maybe all this prurient chatter should stop here
article_11,29,assumption,2282,2434,"Instead, you can approach the president’s perfidy through the indictments of Russian military intelligence commanders for undermining American democracy"
article_11,30,assumption,2435,2503,But then you have to wade through a lot of Russian and hacker names
article_11,31,anecdote,2657,2669,to remember
article_11,32,assumption,2673,2794,"It’s more summery to go the farce route and focus on McDougal, Daniels, Bechard and the Republican bribers who loved them"
article_11,33,assumption,2795,2856,"Plus, Cohen forms a bridge between from Russia and with love"
article_11,34,anecdote,2859,3095,"Recall that Cohen’s one-stop valet shop, Essential Consultants, took money from AT&T, Korean Aerospace Industries and Swiss pharma company Novartis, as well as an offshoot business of Viktor Vekselberg, a Russian oligarch and Putin ally"
article_11,35,assumption,3098,3148,This looks a lot like Cohen was peddling influence
article_11,36,assumption,3149,3189,And the deal with Vekselberg’s business
article_11,37,assumption,3191,3268,"well, that goes to the heart of the matter: Trump’s financial ties to Russia"
article_11,38,assumption,3271,3450,Cohen’s apparent willingness to pay hush money on Trump’s behalf — especially in re. sex capers — also gives credence to the 2016 Trump-Russia dossier by ex-spy Christopher Steele
article_11,39,assumption,3451,3588,"The dossier warned that the president was vulnerable to sexual blackmail and, if elected, could be grievously manipulated by the Kremlin"
article_11,40,assumption,3591,3831,"In the Steele dossier, the story goes that the Kremlin knew about Trump’s financial tomfoolery — and maybe knew or had recorded something to do with urine and one of those luxe Stearns & Foster mattresses the Ritz-Carlton chain is known for"
article_11,41,testimony,3840,3960,"the journalist Julia Ioffe wrote this week, Russian President Vladimir Putin’s kompromat might be hiding in plain sight"
article_11,42,assumption,3961,4051,"He’s the one who knows, and can say, that Trump didn’t win the presidency fair and square"
article_11,43,assumption,4135,4187,"On the home front, kompromat also seems near to hand"
article_11,44,assumption,4191,4313,"Cohen recorded his boss prattling on about his sexual needs, his extramarital girlfriends and his efforts to silence them"
article_11,45,assumption,4314,4358,"Cohen probably has some other receipts, too"
article_11,46,testimony,4361,4500,"According to Michael Avenatti, Daniels’ sharp-dressed lawyer, some 16 phones were found when the FBI raided Michael Cohen’s office in April"
article_11,47,anecdote,4545,4579,There’s a useful app called iHere3
article_11,48,anecdote,4580,4631,which pairs a small keychain device with an iPhone
article_11,49,assumption,4632,4710,It lets you wiretap anyone without anything fishy on your phone’s lock screen
article_11,50,assumption,4714,4759,"Cohen can manage that kind of spyware, kudos"
article_11,51,assumption,4760,4849,Impressive — especially while keeping track of all the nude models and Russian oligarchs
article_11,52,assumption,4852,4870,One way or another
article_11,53,assumption,4871,4885,bugging Trump
article_11,54,assumption,4886,4932,"That’s some cold, cold valet work right there"
article_11,55,assumption,4933,4989,Cohen reportedly has lifelong ties to the Russian mafia
article_11,56,assumption,4994,5038,he’s showing a KGB-level knack for betrayal
article_11,57,other,5039,5059,I think I admire it
article_12,0,assumption,0,196,"After years of causing angst for White House political aides by delving into issues of race, Attorney General Eric Holder is heading to Ferguson, Missouri, as President Barack Obama's top emissary"
article_12,1,assumption,199,411,"The trip on Wednesday to the St. Louis suburb now in the spotlight represents the latest effort by the Obama administration to find a way to calm racial tensions following the police shooting of Michael Brown, 18"
article_12,2,anecdote,414,535,"Under Holder, the first black attorney general, the Justice Department has intensified its scrutiny of police departments"
article_12,3,anecdote,639,655,past five years
article_12,4,statistics,658,733,That's more than twice the number of such probes in the previous five years
article_12,5,assumption,736,945,"That record is part of Holder's pitch to reassure the local community in Ferguson that the Justice Department will properly investigate the shooting of Brown, who was unarmed, by a white officer, Darren Wilson"
article_12,6,assumption,949,1056,erguson has been at the center of daily standoffs between protesters and police since the August 9 shooting
article_12,7,anecdote,1078,1098,have turned violent
article_12,8,assumption,1101,1181,Holder's visit will focus on the Justice Department's civil rights investigation
article_12,9,assumption,1182,1253,which is examining whether Wilson acted properly in using deadly force
article_12,10,assumption,1254,1341,The federal probe is separate from a criminal one being conducted by local authorities
article_12,11,testimony,1344,1616,"""At a time when so much may seem uncertain, the people of Ferguson can have confidence that the Justice Department intends to learn — in a fair and thorough manner — exactly what happened,"" Holder wrote in an opinion piece for the St. Louis Post-Dispatch ahead of his trip"
article_12,12,testimony,1619,1819,"""We understand the need for an independent investigation, and we hope that the independence and thoroughness of our investigation will bring some measure of calm to the tensions in Ferguson,"" he added"
article_12,13,assumption,1822,2016,Holder has been outspoken on issues related to disparity in the judicial system and has led efforts to reduce disparities in sentences that statistically have greater effect on racial minorities
article_12,14,assumption,2047,2052,While
article_12,15,assumption,2052,2092,those efforts have the backing of Obama
article_12,16,assumption,2093,2184,Holder's public views on the issue of race haven't always been welcome for the White House
article_12,17,testimony,2187,2497,"In his first major speech after taking office in 2009, Holder told a Black History Month gathering at the Justice Department: ""Though this nation has proudly thought of itself as an ethnic melting pot, in things racial we have always been and continue to be, in too many ways, essentially a nation of cowards."""
article_12,18,testimony,2499,2556,"Obama criticized the ""nation of cowards"" characterization"
article_12,19,testimony,2557,2649,"saying ""if I had been advising my attorney general, we would have used different language."""
article_12,20,assumption,2651,2690,"Privately, Holder believed he was right"
article_12,21,assumption,2691,2737,But he stayed away from the issue for a while
article_12,22,assumption,2740,2829,"At the same time, he vowed to reinvigorate the Justice Department's civil rights division"
article_12,23,assumption,2830,2943,which was the center of controversy over partisan meddling during the administration of President George W. Bush
article_12,24,assumption,2973,3187,That unit enforces a 1994 law approved after the Rodney King beating by police in Los Angeles that makes it unlawful for police to engage in a pattern or practice that deprives people of their constitutional rights
article_12,25,anecdote,3296,3376,"including those against police departments in Albuquerque, Miami, and Cleveland"
article_12,26,assumption,3379,3505,"As a result of increased scrutiny, there are now 13 law enforcement agencies subject to agreements with the Justice Department"
article_12,27,assumption,3506,3609,"Seven of those are under court-ordered consent decrees, the largest number in the department's history"
article_12,28,assumption,3612,3778,"Holder has criticized some of the police response to the street protests in Ferguson, while at the same time advocating enforcement against people rioting and looting"
article_12,29,assumption,3781,3971,"He has sent Justice Department officials to provide technical assistance to police, suggesting less aggressive tactics and avoiding the use of military-style vehicles to deal with protesters"
article_12,30,assumption,3990,3996,about
article_12,31,assumption,4049,4055,Davis
article_12,32,anecdote,4060,4117,heads the Office of Community Oriented Policing Services
article_12,33,anecdote,4118,4249,"A former police chief in East Palo Alto, California, Davis is African-American and has spoken out about racial profiling by police"
article_12,34,testimony,4253,4418,"I am a black man who is subject to increased scrutiny from my community, my profession, and my country because of the color of my skin,"" Davis said at a 2012 hearing"
article_12,35,testimony,4421,4470,"He added that he is proud to be a police officer,"
article_12,36,testimony,4474,4685,"noted that ""as a black man with a 14-year-old son, Glenn, I know that when I teach him how to drive a car I must also teach him what to do when stopped by the police -- a mandatory course for young men of color"
article_12,37,testimony,4688,4947,"""I must also prepare him for the bias he is likely to face and the reality that, despite the strength of his character or his contributions to society, there will be those who will attach criminality to him simply because of the color of his skin,"" Davis said"
article_13,0,assumption,0,120,President Barack Obama’s plan to normalize relations with Cuba has hit a familiar roadblock: Republicans on Capitol Hill
article_13,1,assumption,123,384,"Just hours after Obama announced that a prisoner swap with the Cuban government for two Americans was the start of a new relationship with the communist country, Republicans began informally kicking around ideas to stop any changes to the U.S.-Cuba relationship"
article_13,2,assumption,427,439,Obama funds
article_13,3,assumption,442,449,reopen
article_13,4,assumption,452,460,embassy
article_13,5,assumption,463,467,Hav
article_13,6,assumption,471,518,stall the nomination of a potential ambassador
article_13,7,assumption,519,637,vote down a bill to open up travel more widely and ignore requests from the White House to lift a decades-old embargo
article_13,8,assumption,688,804,"When Republicans control the Senate next year, the party would be in a good position to get some of their plans done"
article_13,9,assumption,817,845,they can’t fully stop Obama
article_13,10,assumption,846,893,who has some authority to act without Congress
article_13,11,assumption,894,1089,"the dispute will provide another opportunity for the president’s Hill rivals, including 2016 likely hopefuls Sens. Ted Cruz and Marco Rubio, to continue to question his use of executive action —"
article_13,12,assumption,1089,1200,a theme Republicans had already planned to take on next year around Obama’s moves on immigration and Obamacare
article_13,13,testimony,1203,1398,"“I will do all in my power to block the use of funds to open an embassy in Cuba. Normalizing relations with Cuba is bad idea at a bad time,” Sen. Lindsey Graham (R-S.C.) said on Twitter Wednesday"
article_13,14,testimony,1513,1625,"’s place on a list of state sponsors of terrorism, reestablish an embassy in Havana and ease travel restrictions"
article_13,15,testimony,1626,1721,"Obama also said the U.S. would increase remittance levels, expand commercial sales and exports"
article_13,16,testimony,1766,1865,"“We will end an outdated approach that for decades has failed to advance our interests,” Obama said"
article_13,17,testimony,1866,2014,“Neither the American nor the Cuban people are well-served by a rigid policy that is rooted in events that took place before most of us were born.”
article_13,18,assumption,2016,2071,Republicans will control the Senate starting in January
article_13,19,assumption,2072,2139,meaning they will have the power to block presidential nominations
article_13,20,assumption,2140,2322,"Already a number of influential Republicans vocal on foreign affairs, including Graham, Sens. John McCain (R-Ariz.), Rubio (R-Fla.) and Cruz said they staunchly oppose Obama’s plans"
article_13,21,anecdote,2330,2449,also called on Congress to peruse legislation that would lift the 50-year embargo against goods and travel to the Cuba
article_13,22,assumption,2450,2602,"That embargo, launched by President John F. Kennedy, is not solidified by decades of congressional legislation - a fact Obama alluded to in his remarks"
article_13,23,testimony,2606,2682,The embargo that has been imposed for decades is now codified in legislation
article_13,24,testimony,2686,2812,"these changes unfold, I look forward to engaging Congress in an honest and serious debate about lifting the embargo,” he said"
article_13,25,testimony,2815,2917,But Speaker John Boehner said he would not allow any Cuban-U.S. relations to be revisited in the House
article_13,26,testimony,2971,3116,"“Relations with the Castro regime should not be revisited, let alone normalized, until the Cuban people enjoy freedom – and not one second sooner"
article_13,27,testimony,3117,3301,"There is no ‘new course’ here, only another in a long line of mindless concessions to a dictatorship that brutalizes its people and schemes with our enemies,” the Ohio Republican said"
article_13,28,testimony,3304,3440,Incoming Senate Majority Leader Mitch McConnell (R-Ky.) said he would defer the upper chamber’s response to Cuba policy changes to Rubio
article_13,29,assumption,3441,3507,who slammed Obama for threatening U.S. national security concerns
article_13,30,assumption,3510,3716,Already some Republicans are casting doubt on if the Obama administration has the legal authority to roll back some travel restrictions and allow increased numbers of Cuban cigars to be brought into the U.S
article_13,31,testimony,3717,3976,Rep. Ileana Ros-Lehtinen (R-Fla.) said action by Obama “may be in direct violation of Helms-Burton that specifically states that all political prisoners must be released and free and fair elections must be held before establishing a diplomatic relationship.”
article_13,32,assumption,3981,4163,incoming chairman of the Senate Foreign Relations Committee Tennessee Republican Bob Corker gave few details on Wednesday on what his panel would do to halt any of Obama’s proposals
article_13,33,testimony,4166,4345,"“The new U.S. policy announced by the administration is no doubt sweeping, and as of now there is no real understanding as to what changes the Cuban government is prepared to make"
article_13,34,testimony,4346,4453,"We will be closely examining the implications of these major policy changes in the next Congress,” he said"
article_13,35,assumption,4456,4521,Meanwhile Democrats were mixed on their response to Obama’s plans
article_13,36,assumption,4628,4646,Obama’s proposals
article_13,37,testimony,4707,4709,.”
article_13,38,testimony,4712,4868,"It is clear that policy of isolating Cuba is serving neither the interests of the American people nor the democratic aspirations of the Cubans,” Pelosi said"
article_13,39,testimony,4869,5039,“We must acknowledge our policy towards Cuba is a relic of a bygone era that weakens our leadership in the Americas and has not advanced freedom and prosperity in Cuba.”
article_14,0,testimony,0,179,President Trump announced on Wednesday that his administration is making a radical break with nearly 70 years of official United States policy and with the international community
article_14,1,anecdote,186,228,recognizing Jerusalem as Israel’s capital
article_14,2,assumption,231,336,"This decision will be interpreted by Palestinians, Arabs and the rest of the world as a major provocation"
article_14,3,assumption,337,479,"It will cause irreparable harm to Mr. Trump’s own plans to make peace in the Middle East, and to any future administration’s efforts, as well"
article_14,4,assumption,480,544,It will also undermine the United States’ own national security
article_14,5,assumption,545,603,The president should reconsider this decision immediately
article_14,6,anecdote,606,611,Since
article_14,7,anecdote,611,818,"Israel was established in 1948, the United Nations and the United States, like most countries, have refused to recognize any country’s sovereignty over Jerusalem, a city holy to Muslims, Jews and Christians"
article_14,8,anecdote,881,911,embassy to Israel in Tel Aviv
article_14,9,anecdote,918,989,Israel militarily occupied East Jerusalem in the 1967 Arab-Israeli War
article_14,10,assumption,990,1292,"the United States and the international community have rejected as illegal Israel’s attempts to cement its control over the city by expanding its boundaries, annexing it and constructing a ring of settlements on occupied Palestinian land around its outskirts to sever it from the rest of the West Bank"
article_14,11,assumption,1295,1489,"With his announcement on Wednesday, Mr. Trump has legitimized Israel’s illegal actions and sent the message that the United States no longer has any regard for international conventions or norms"
article_14,12,assumption,1494,1548,that might and power prevail over justice and the law
article_14,13,assumption,1551,1594,Perhaps this shouldn’t have been a surprise
article_14,14,assumption,1595,1758,"Members of Israel’s hard-right government were overjoyed at Mr. Trump’s election, believing they would have a free rein to accelerate the expansion of settlements"
article_14,15,assumption,1759,2104,"The president’s selection of his son-in-law, Jared Kushner, to lead his administration’s Israeli-Palestinian peace efforts and the appointment of David Friedman as ambassador to Israel, both of whom have ties to Israel’s settlement movement, further emboldened the settlers and their supporters in Prime Minister Benjamin Netanyahu’s government"
article_14,16,anecdote,2137,2168,settlements over the past year
article_14,17,assumption,2173,2496,"rewarding its claim on Jerusalem with official recognition, Mr. Trump is giving Israel a free hand to accelerate its policies of creeping annexation of the occupied Palestinian territories and its deliberate attempts to erase the Palestinians’ historical, political, cultural and demographic presence in historic Palestine"
article_14,18,assumption,2499,2608,This will encourage Israeli officials to further intensify their violations of Palestinian rights in the city
article_14,19,assumption,2609,2694,more Palestinian homes will be destroyed and more Palestinian families made homeless
article_14,20,testimony,2697,2853,"Since Israel occupied East Jerusalem in 1967, Israeli authorities have, according to the United Nations, destroyed some 20,000 Palestinian homes in the city"
article_14,21,assumption,2855,3083,It will also mean more Palestinian land stolen for settlements and more Palestinian Jerusalemites will have their right to reside in the city where they were born and raised and where their families still live revoked by Israel
article_14,22,testimony,3087,3177,"it has done to more than 14,000 Palestinians since 1967, according to human rights groups"
article_14,23,assumption,3178,3323,"And it will fuel further calls from right-wing Israelis, including members of Mr. Netanyahu’s government, to annex parts or all of the West Bank"
article_14,24,assumption,3338,3419,the United States has given its stamp of approval to the annexation of Jerusalem
article_14,25,assumption,3420,3511,why shouldn’t right-wing Israelis believe it will one day do the same with more territory?
article_14,26,assumption,3522,3688,the United States’ recognition of Jerusalem as part of Israel could embolden messianic Jewish extremists — some of whom are supported by Israeli government officials
article_14,27,assumption,3690,3852,"who want to build a Jewish temple in the Noble Sanctuary mosque complex in the Old City of East Jerusalem, one of the most sensitive religious sites in the world"
article_14,28,assumption,3853,3981,This could easily ignite a major religious conflagration in the Middle East and beyond with an outcome that cannot be predicted
article_14,29,assumption,3984,4066,Wednesday’s announcement may finally put to rest the dream of a two-state solution
article_14,30,assumption,4067,4191,which has been on life support for years already — after more than 25 years as the United States government’s official goal
article_14,31,assumption,4199,4234,all of Jerusalem is part of Israel
article_14,32,assumption,4235,4301,"then East Jerusalem cannot be the capital of a Palestinian state,"
article_14,33,assumption,4301,4372,rendering the idea of two states living side by side in peace obsolete
article_14,34,assumption,4377,4437,that is not enough to persuade Mr. Trump to change his mind
article_14,35,assumption,4438,4515,"he should listen to the advice of his own secretary of defense, James Mattis"
article_14,36,testimony,4635,4784,"Middle East, Mr. Mattis said that he “paid a military security price every day” because the United States was “seen as biased in support of Israel.”"
article_14,37,assumption,4784,4877,American recognition of Jerusalem as Israel’s capital exacerbates this problem exponentially
article_14,38,assumption,4880,5044,It is our hope as Palestinians that saner voices will prevail and that the United States will refrain from any actions that will further destabilize the Middle East
article_14,39,assumption,5048,5104,Mr. Trump truly wishes to have a chance at making peace
article_14,40,assumption,5105,5159,he must reverse his decision on Jerusalem immediately
article_15,0,assumption,16,252,Obama administration issued new rules on Friday that allow closely held for-profit corporations like Hobby Lobby Stores to opt out of providing women with insurance coverage for contraceptives if the companies have religious objections
article_15,1,testimony,255,367,"Women enrolled in such health plans would still be able to get birth control at no cost, the administration said"
article_15,2,assumption,368,414,Insurers would pay for contraceptive services
article_15,3,assumption,419,482,the payments would be separate from the employer’s health plan
article_15,4,anecdote,485,559,The rules came in response to a decision by the Supreme Court in June 2014
article_15,5,testimony,604,780,", the court said that requiring family-owned corporations to pay for coverage of contraception under the Affordable Care Act violated a federal law protecting religious freedom"
article_15,6,testimony,783,964,"The administration had argued against that conclusion, saying there was no precedent for granting “a religious exemption” to commercial enterprises like the Hobby Lobby craft stores"
article_15,7,assumption,967,1273,"But under the rules issued by the administration on Friday, certain for-profit businesses will be able to obtain an accommodation like the one already available to nonprofit religious groups, including Roman Catholic universities, hospitals and charities that object to covering the costs of contraceptives"
article_15,8,assumption,1276,1359,Contraceptive coverage has been the focus of fierce political debate for five years
article_15,9,assumption,1363,1546,the administration struggled to meet the health needs of women while recognizing the concerns of people who have deep religious convictions against some or all forms of contraception
article_15,10,testimony,1549,1739,"Sylvia Mathews Burwell, the secretary of health and human services, said Friday that the new rules would “secure women’s access to contraceptive services while respecting religious beliefs.”"
article_15,11,assumption,1747,1836,"planning advocates, usually supportive of the administration, criticized the final rules"
article_15,12,testimony,1839,2049,"Senator Patty Murray of Washington, the senior Democrat on the Senate health committee, said the rules allowed a wide range of businesses to have “power over the health care decisions of the women they employ.”"
article_15,13,testimony,2049,2177,"The rules, she said, show why “the Supreme Court’s deeply harmful ruling in Burwell v. Hobby Lobby is completely unacceptable.”"
article_15,14,anecdote,2190,2258,is planning to introduce legislation to override the court decision
article_15,15,assumption,2259,2311,Senate Republicans blocked a similar bill last year
article_15,16,assumption,2315,2364,"now, with more seats, could probably do so again"
article_15,17,testimony,2367,2713,"Marcia D. Greenberger, co-president of the National Women’s Law Center, a research and advocacy group, said, “The rules go beyond the facts of the Hobby Lobby decision and will allow a broader set of for-profit employers to exempt themselves from the general requirement that contraception be covered as part of preventive health care for women.”"
article_15,18,testimony,2715,2899,"In an explanation of the rules, the administration confirmed that its definition of eligible closely held for-profit entities “goes beyond what is required” by the Hobby Lobby decision"
article_15,19,statistics,2902,3160,A study this week by researchers at the University of Pennsylvania estimated that women saved $1.4 billion a year on birth control pills because of the requirement in the Affordable Care Act for coverage of contraceptives without co-payments or other charges
article_15,20,assumption,3163,3300,"Under the law, employers with 50 or more full-time employees are generally required to offer health coverage or pay substantial penalties"
article_15,21,assumption,3473,3493,Drug Administration
article_15,22,assumption,3498,3581,"they report their objections, and adhere to procedures described by the government"
article_15,23,assumption,3582,3659,they can be excused from having to provide or pay for contraceptive coverage
article_15,24,assumption,3662,3751,"These companies can, in effect, opt out of providing or paying for contraceptive coverage"
article_15,25,assumption,3756,3846,"their insurance carriers must, under the rules, make separate payments for contraceptives"
article_15,26,assumption,3850,3888,women would still have access to them
article_15,27,assumption,3893,3940,insurers could be reimbursed by the government
article_15,28,statistics,4176,4210,held by five or fewer individuals
article_15,29,testimony,4213,4356,"Family members, including brothers, sisters and spouses, “count as a single owner for purposes of these final regulations,” the government said"
article_15,30,assumption,4483,4517,to the one described in the rules
article_15,31,testimony,4520,4726,"Based on available data, the administration said it believed that its definition would encompass all the for-profit companies that have challenged the contraceptive coverage requirement on religious grounds"
article_15,32,testimony,4740,4862,it predicted that at least 87 closely held for-profit businesses would try to opt out of providing contraceptive coverage
article_15,33,assumption,5154,5156,.”
article_15,34,assumption,5265,5345,directly to their insurers and the companies that administer their health plans
article_16,0,testimony,269,452,MORE (R-Iowa) said Thursday there’s no corroboration of sexual assault allegations against Supreme Court nominee Brett Kavanaugh in a supplementary FBI report submitted to the Senate
article_16,1,testimony,455,575,“I’ve now received a committee staff briefing on the FBI’s supplement to Judge Kavanaugh’s background investigation file
article_16,2,testimony,576,657,"There’s nothing in it that we didn’t already know,” Grassley said in a statement"
article_16,3,testimony,660,881,"“These uncorroborated accusations have been unequivocally and repeatedly rejected by Judge Kavanaugh, and neither the Judiciary Committee nor the FBI could locate any third parties who can attest to any of the allegations"
article_16,4,testimony,882,934,"There’s also no contemporaneous evidence,” he added"
article_16,5,testimony,937,984,"""This investigation found no hint of misconduct"
article_16,6,testimony,988,1032,I’ll be voting to confirm Judge Kavanaugh.”
article_16,7,anecdote,1034,1123,Grassley made his statement after being briefed by Senate GOP staff who viewed the report
article_16,8,anecdote,1126,1279,Senators have been filing into and out of the secure compartmented information facility in the Capitol Visitor Center to view the report Thursday morning
article_16,9,anecdote,1280,1474,They are being granted access to the results of the confidential FBI background investigation into the allegations brought forward against Kavanaugh by Christine Blasey Ford and two other women
article_16,10,anecdote,1475,1512,Kavanaugh has denied the allegations
article_16,11,testimony,1515,1649,GOP lawmakers said the FBI failed to find any significant evidence backing Ford’s claims after interviewing an additional 10 witnesses
article_16,12,assumption,1690,1696,group
article_16,13,assumption,1699,1719,three GOP lawmakers
article_16,14,assumption,1722,1725,ens
article_16,15,assumption,1732,1740,Collins
article_16,16,assumption,1743,1822,an Margaret CollinsSenate Republicans reintroduce bill to repeal the estate tax
article_16,17,assumption,1826,1848,Hill's Morning Report
article_16,18,assumption,1850,1872,"Government is funded,"
article_16,19,assumption,1876,1890,for how long?
article_16,20,assumption,1901,1959,Congress pivots to preventing second shutdown MORE (Maine
article_16,21,assumption,1961,2073,Lisa MurkowskiLisa Ann MurkowskiShutdown ends without funding for Trump’s border wall Murkowski blasts shutdown
article_16,22,assumption,2074,2107,'This never should have happened
article_16,23,assumption,2108,2269,Senate expected to pass bill to end shutdown on Friday MORE (Alaska) and Jeff FlakeJeffrey (Jeff) Lane FlakeDNC should be cautious about overemphasizing debates
article_16,24,assumption,2273,2434,Trump may skip them in 2020 RNC votes to give Trump 'undivided support' ahead of 2020 White House immigration agenda hurts Senate Republicans in 2020 MORE (Ariz
article_16,25,testimony,2450,2497,"“They wound up interviewing 10 people, not four"
article_16,26,testimony,2498,2731,"They were given the latitude they wanted, nobody told them where to go, who to interview or how to interview them,” said Sen. Lindsey GrahamLindsey Olin GrahamDems to grill Pentagon brass on border troop deployment Overnight Defense"
article_16,27,testimony,2733,2753,Presented by Raythe
article_16,28,anecdote,2764,2766,oy
article_16,29,assumption,2818,2851,hits Venezuelan oil company with
article_16,30,assumption,2872,2932,line on landmark arms control treaty approaches GOP lawmaker
article_16,31,testimony,2987,3015,t legislate the way he wants
article_16,32,anecdote,3016,3095,"MORE (R-S.C.), a member of the Judiciary Committee, after reviewing the report"
article_16,33,testimony,3098,3165,"“The main thing for me is the FBI did a professional job,” he added"
article_16,34,testimony,3166,3215,“I didn’t learn anything I didn’t already know.”
article_16,35,assumption,3279,3286,report
article_16,36,testimony,3289,3351,"“It appears to be a very thorough investigation,” she told CNN"
article_16,37,testimony,3354,3471,"Flake, another key vote, said he saw “no additional corroborating information” in an initial review of the FBI report"
article_16,38,anecdote,3478,3556,Dianne FeinsteinDianne Emiel FeinsteinSenate Dems introduce bill to keep DACA
article_16,39,anecdote,3561,3569,private
article_16,40,anecdote,3589,3630,Russia sought access to Trump transition
article_16,41,anecdote,3714,3837,"MORE (Calif.), the ranking Democrat on the Judiciary Committee, initially declined to comment after reviewing the document"
article_16,42,testimony,3840,3959,"She later told reporters that the FBI report ""looks to be the product of an incomplete investigation that was limited."""
article_16,43,testimony,3961,4000,"""Perhaps by the White House,"" she added"
article_16,44,testimony,4001,4017,"""I don't know."""
article_16,45,testimony,4019,4170,"Senate Minority Leader Charles Schumer (D-N.Y.) said he disagreed with Grassley's assessment ""that there was no hint of misconduct"" in the FBI's report"
article_16,46,testimony,4173,4280,"""We had many fears that this was a very limited process that would constrain the FBI from getting the facts"
article_16,47,testimony,4285,4331,"Those fears have been realized,"" Schumer said"
article_16,48,testimony,4334,4528,"Deputy White House press secretary Raj Shah said in a statement early Thursday that the White House is now ""fully confident the Senate will vote to confirm Judge Kavanaugh to the Supreme Court.”"
article_16,49,testimony,4530,4821,"""This is now the 7th. time the FBI has investigated Judge Kavanaugh,"" President TrumpDonald John TrumpTrump calls for global warming to 'come back' amid winter storm Meadows re-elected House Freedom Caucus chairman Schultz says he won’t respond to Trump’s ‘childish’ tweet MORE later tweeted"
article_16,50,testimony,4822,4911,"""If we made it 100, it would still not be good enough for the Obstructionist Democrats."""
article_16,51,assumption,4918,5216,ity Leader Mitch McConnellAddison (Mitch) Mitchell McConnellPress: Trump wastes 35 days for nothing Senate advances Syria policy bill after shutdown ends Senate Republicans reintroduce bill to repeal the estate tax MORE (R-Ky.) has vowed to bring Kavanaugh's nomination to the full Senate this week
article_16,52,assumption,5224,5310,several key GOP and Democratic senators have so far refused to say how they will vote
article_17,0,assumption,0,136,"A computer malware that has spread across 150 countries appears to be slowing down, with few reports of fresh attacks globally on Monday"
article_17,1,testimony,139,222,"A spokesperson for police agency Europol said the situation in Europe ""seems stable"
article_17,2,assumption,298,355,"on Friday, the attack has been less severe than expected"
article_17,3,anecdote,358,435,"The ransomware takes over users' files, demanding $300 (£230) to restore them"
article_17,4,testimony,438,561,"The White House said on Monday that under $70,000 (£54,000) had been paid in total in a bid to get any locked data released"
article_17,5,assumption,564,584,Payments could go up
article_17,6,anecdote,587,721,"the ransomware warned the cost would double after three days, and threatened to delete files within seven days if no payment was made"
article_17,7,testimony,724,851,"Computer giant Microsoft said the attack, which has affected hundreds of thousands of computers, should serve as a wake-up call"
article_17,8,anecdote,854,1048,"Among the organisations targeted worldwide have been Germany's rail network Deutsche Bahn, Spanish telecommunications operator Telefonica, US logistics giant FedEx and Russia's interior ministry"
article_17,9,anecdote,1051,1128,Many firms employed experts over the weekend to try to prevent new infections
article_17,10,testimony,1131,1323,"Senior spokesman for Europol, Jan Op Gen Oorth, told the AFP news agency: ""The number of victims appears not to have gone up and so far the situation seems stable in Europe, which is a success"
article_17,11,testimony,1326,1448,"""It seems that a lot of internet security guys over the weekend did their homework and ran the security software updates."""
article_17,12,testimony,1450,1591,UK Health Minister Jeremy Hunt confirmed to the BBC that UK intelligence services had found no evidence of a second wave of attacks on Monday
article_17,13,testimony,1594,1711,The badly affected National Health Service said seven out of 47 trusts that were hit were still facing serious issues
article_17,14,testimony,1826,1843,the cyber-attack
article_17,15,assumption,1846,1888,"In Asia, the spread was reportedly slowing"
article_17,16,assumption,1889,1929,with banking systems largely unaffected
article_17,17,testimony,1932,2068,US President Donald Trump's Homeland Security adviser Tom Bossert has also confirmed that no US federal government systems were affected
article_17,18,assumption,2071,2091,This won't take long
article_17,19,assumption,2092,2105,Nobody knows
article_17,20,testimony,2106,2202,"Europol's Jan Op Gen Oorth said: ""A bit early to say... but we are working on a decrypting tool"
article_17,21,testimony,2206,2368,"Associated Press quoted Tim Wellsmore, of US security firm FireEye, as saying: ""We expect this is a small operation... They just happened to hit the mother lode."""
article_17,22,testimony,2370,2455,"Russian President Vladimir Putin said: ""Russia has absolutely nothing to do with it."""
article_17,23,testimony,2457,2612,EU Commissioner for Security Julian King told the BBC on Monday that the EU was proposing legislation to reinforce cyber security in the wake of the attack
article_17,24,testimony,2615,2781,Some private sector security researchers say they have seen some similarities between some of the code in the recent attack and some linked to North Korea in the past
article_17,25,testimony,2784,2947,"Security officials in the UK, however, say they have not seen anything they would regard as hard evidence, Gordon Corera, the BBC's security correspondent, reports"
article_17,26,anecdote,3059,3075,in their emails
article_17,27,assumption,3078,3143,"The message from the UK's National Crime Agency was ""do not pay!"""
article_17,28,assumption,3145,3197,there is no guarantee that systems will be restored
article_17,29,testimony,3200,3349,"Michael Gazeley, of Network Box, a Hong Kong-based cyber-security firm, told Reuters there were still ""many 'landmines' waiting in people's inboxes"","
article_17,30,testimony,3349,3466,adding that his firm had detected a new version that infected users directly via a malicious link on hacked websites
article_17,31,testimony,3469,3673,"Becky Pinkard, from Digital Shadows, a UK-based cyber-security firm, also said it would be easy for the initial attackers or ""copy-cat authors"" to change the virus code so it is difficult to guard against"
article_17,32,testimony,3676,3827,"A UK security researcher known as ""MalwareTech"", who helped to limit the ransomware attack, had predicted ""another one coming... quite likely on Monday"
article_17,33,anecdote,3949,4014,after registering a domain name to track the spread of the virus
article_17,34,assumption,4015,4050,which actually ended up halting it
article_17,35,testimony,4053,4194,The computing giant says the tool used in this current attack had been developed by the US National Security Agency and was stolen by hackers
article_17,36,assumption,4197,4280,It is highly critical of the way governments store data on software vulnerabilities
article_17,37,testimony,4283,4510,"Microsoft president and chief legal officer Brad Smith said on Sunday: ""We have seen vulnerabilities stored by the CIA show up on Wikileaks, and now this vulnerability stolen from the NSA has affected customers around the world"
article_17,38,testimony,4513,4633,"""An equivalent scenario with conventional weapons would be the US military having some of its Tomahawk missiles stolen."""
article_17,39,testimony,4635,4759,"The organisation also said that many organisations had failed to keep their systems up to date, allowing the virus to spread"
article_17,40,testimony,4762,4880,"Microsoft said it had released a Windows security update in March to tackle the problem involved in the latest attack,"
article_17,41,testimony,4884,4914,many users were yet to run it
article_17,42,other,4952,4987,Get news from the BBC in your inbox
article_17,43,other,4988,5009,each weekday morning
article_18,0,anecdote,0,140,"President Donald Trump's controversial nominee for the Supreme Court, Brett Kavanaugh, has been sworn in following weeks of rancorous debate"
article_18,1,anecdote,143,201,The Senate earlier backed his nomination by 50 votes to 48
article_18,2,assumption,204,292,Mr Kavanaugh had been embroiled in a bitter battle to stave off claims of sexual assault
article_18,3,assumption,293,309,which he denies
article_18,4,anecdote,312,440,"But after an 11th-hour investigation by the FBI into the allegations, enough wavering senators decided to support the nomination"
article_18,5,assumption,443,538,His confirmation hands Mr Trump a political victory ahead of key mid-term elections in November
article_18,6,anecdote,541,652,"Before the vote, hundreds of people protested against Mr Kavanaugh's nomination at the US Capitol in Washington"
article_18,7,anecdote,655,728,"During the vote, other protesters shouted ""shame"" from the public gallery"
article_18,8,anecdote,732,795,Vice-President Mike Pence had to call for order to be restored
article_18,9,assumption,798,836,Mr Kavanaugh's appointment is for life
article_18,10,assumption,840,904,he will strengthen conservative control of the nine-judge court
article_18,11,assumption,905,939,which has the final say on US law
article_18,12,anecdote,942,1033,The 53-year-old was sworn in on Saturday evening in a private ceremony at the Supreme Court
article_18,13,anecdote,1034,1201,"Chief Justice John Roberts administered the constitutional oath, and retired justice Anthony Kennedy - whom Mr Kavanaugh is replacing - administered the judicial oath"
article_18,14,anecdote,1204,1245,Protesters had gathered outside the court
article_18,15,anecdote,1249,1315,at one point some ran up the steps and banged on its ornate doors
article_18,16,anecdote,1316,1376,Other demonstrators climbed on the nearby statue of justice
article_18,17,anecdote,1379,1417,He sent out a tweet of congratulations
article_18,18,testimony,1420,1540,"Later he spoke to reporters aboard Air Force One, saying Mr Kavanaugh had withstood a ""horrible attack by the Democrats"""
article_18,19,testimony,1544,1607,"that women were ""outraged"" at what had happened to the nominee"
article_18,20,testimony,1610,1763,"Mr Trump also said he was ""100% certain"" that the woman who had accused Mr Kavanaugh of sexual assault, Christine Blasey Ford, had named the wrong person"
article_18,21,anecdote,1766,1825,The upper house is split 51-49 in favour of the Republicans
article_18,22,anecdote,1842,1868,largely along party lines
article_18,23,anecdote,1869,1956,"In the end, there was indeed a two-vote margin, the closest nomination vote since 1881"
article_18,24,anecdote,1959,2093,"The only party dissenters were Republican Senator Lisa Murkowski, who had intended to vote no, and Democrat Joe Manchin, who voted yes"
article_18,25,anecdote,2126,2132,tally
article_18,26,assumption,2223,2250,", altered the final figures"
article_18,27,anecdote,2253,2345,"Ms Murkowski opted instead to simply mark herself as ""present"", leaving the final vote 50-48"
article_18,28,assumption,2348,2446,"In their final summations, the two Senate party leaders reflected how bitter the divide had become"
article_18,29,testimony,2449,2533,Minority Democrat leader Chuck Schumer said Mr Kavanaugh did not belong on the bench
article_18,30,testimony,2536,2713,"he had ""obscured his views to the American people"", ""repeatedly misled the Senate"" and delivered one of the ""bitterest and most partisan testimonies ever presented by a nominee"
article_18,31,testimony,2717,2816,"He also said Mr Trump had ""stooped to new depths"" in mocking the testimony of Christine Blasey Ford"
article_18,32,testimony,2819,2945,"Mr Schumer said that for all those who opposed the nomination, ""there is one answer - vote"" in the November mid-term elections"
article_18,33,testimony,2948,3109,"Majority Republican leader Mitch McConnell said Mr Kavanaugh was a ""serious scholar, a brilliant student of the law and a meticulous and dedicated public servant"
article_18,34,testimony,3113,3187,"He said events had ""strained our basic principles of fairness and justice"""
article_18,35,testimony,3191,3275,"that the vote showed the Senate was ""an institution where evidence and facts matter"
article_18,36,testimony,3279,3383,"He spoke of ""intimidation by the mob"" and said the Senate vote should be one ""to turn away from darkness"
article_18,37,testimony,3387,3522,"Ms Murkowski had earlier said that although Mr Kavanaugh was a ""good man"", he was ""not the right person for the court at this time"" and"
article_18,38,testimony,3522,3576,"his ""appearance of impropriety has become unavoidable"
article_18,39,anecdote,3651,3718,", a traditionally Republican state that Mr Trump won by a landslide"
article_18,40,testimony,3719,3778,"He said he ""found Judge Kavanaugh to be a qualified jurist"
article_18,41,anecdote,3782,3834,"There were shouts of ""shame"" from the public gallery"
article_18,42,anecdote,3837,3850,he voted yes
article_18,43,assumption,3853,3941,"Two Republican waverers, Susan Collins and Jeff Flake, finally decided to back the judge"
article_18,44,anecdote,3992,4060,Brett Kavanaugh's confirmation to the Supreme Court has been decided
article_18,45,assumption,4061,4107,"The political war, however, is just beginning"
article_18,46,assumption,4110,4234,Donald Trump's court pick generated a controversy that captured the nation's attention in a way that few political issues do
article_18,47,assumption,4235,4323,It generated daily headlines rivalled only by the US quadrennial presidential elections
article_18,48,assumption,4326,4394,"Now that the bombs have been thrown, it's time to assess the fallout"
article_18,49,assumption,4421,4464,"Basically, it's the final arbiter of US law"
article_18,50,assumption,4467,4545,It has the ultimate say on such contentious issues as abortion and gun control
article_18,51,assumption,4548,4624,The Democrats are still smarting from the previous Supreme Court appointment
article_18,52,anecdote,4625,4680,Republicans last year successfully stalled the process
article_18,53,assumption,4710,4756,"not Barack Obama, to nominate the new justice"
article_18,54,assumption,4757,4829,Mr Trump's choice of Neil Gorsuch strengthened the conservative leaning
article_18,55,assumption,4832,4885,All eyes will now be on November's mid-term elections
article_18,56,assumption,4886,4956,Mr Trump will be able to campaign on the back of an important victory
article_18,57,assumption,4961,5045,commentators will be watching closely how the Kavanaugh affair affects women voters
article_19,0,testimony,0,91,"President Donald Trump says the US military is ""locked and loaded"" to deal with North Korea"
article_19,1,assumption,92,131,ramping up the rhetorical brinkmanship
article_19,2,testimony,135,287,"Military solutions are now fully in place, locked and loaded, should North Korea act unwisely. Hopefully Kim Jong-un will find another path!"" he tweeted"
article_19,3,testimony,290,388,"He spoke as Pyongyang accused him of ""driving"" the Korean peninsula to the ""brink of a nuclear war"
article_19,4,anecdote,392,470,North Korea has announced plans to fire missiles near the US territory of Guam
article_19,5,anecdote,473,606,The Pacific island's homeland security agency issued a fact sheet on Friday with tips for residents to prepare for any missile threat
article_19,6,testimony,609,678,"It states: ""Do not look at the flash or fireball - it can blind you."""
article_19,7,testimony,680,723,"""Lie flat on the ground and cover your head"
article_19,8,testimony,727,825,"the explosion is some distance away, it could take 30 seconds or more for the blast wave to hit."""
article_19,9,testimony,827,915,"Moscow said the exchange of threats between Washington and Pyongyang ""worry us very much"
article_19,10,testimony,919,999,"Foreign Minister Sergei Lavrov rated the risk of military conflict as ""very high"
article_19,11,anecdote,1003,1068,he put forward a joint Russian-Chinese plan to defuse the crisis
article_19,12,testimony,1071,1196,"German Chancellor Angela Merkel said there was no military solution, and ""an escalation of the rhetoric is the wrong answer."""
article_19,13,anecdote,1198,1303,"But later on Friday, at his private golf club in New Jersey, Mr Trump issued further threats to Pyongyang"
article_19,14,testimony,1306,1537,"Asked about his ""locked and loaded"" tweet, he told reporters: ""I hope that they [North Korea] are going to fully understand the gravity of what I said, and what I said is what I mean… those words are very, very easy to understand."""
article_19,15,testimony,1539,1879,"He added: ""If he [Kim Jong-un] utters one threat in the form of an overt threat - which, by the way, he has been uttering for years, and his family has been uttering for years - or if he does anything with respect to Guam or anyplace else that's an American territory or an American ally he will truly regret it and he will regret it fast."""
article_19,16,assumption,1881,1979,"Mr Trump's latest remarks follow his threat earlier this week to rain ""fire and fury"" on Pyongyang"
article_19,17,assumption,1982,2125,His latest post came hours after his Defence Secretary Jim Mattis attempted to cool tensions by emphasising a peaceful resolution to the crisis
article_19,18,testimony,2128,2232,"Speaking in California late on Thursday, the Pentagon chief said it was his job to be ready for conflict"
article_19,19,testimony,2235,2238,But
article_19,20,testimony,2238,2382,"he said the effort by Secretary of State Rex Tillerson and UN Ambassador Nikki Haley ""has diplomatic traction, it is gaining diplomatic results"
article_19,21,testimony,2386,2443,"Mr Mattis added: ""The tragedy of war is well enough known"
article_19,22,testimony,2444,2533,"It doesn't need another characterisation beyond the fact that it would be catastrophic."""
article_19,23,testimony,2535,2625,"When asked about US military plans for a potential conflict, he said the country was ready"
article_19,24,testimony,2630,2691,"he would not ""tell the enemy in advance what I'm going to do"
article_19,25,testimony,2695,2842,"Also on Friday, North Korea's official KCNA news agency accused Washington of a ""criminal attempt to impose nuclear disaster upon the Korean nation"
article_19,26,testimony,2846,2954,"Pyongyang's media outlet said America was making ""desperate efforts"" to test weapons in the Korean peninsula"
article_19,27,testimony,2957,3051,"The US is ""the mastermind of nuclear threat, the heinous nuclear war fanatic"", the report said"
article_19,28,testimony,3200,3242,", the Associated Press news agency reports"
article_19,29,testimony,3245,3380,"Washington has been addressing the issue of Americans detained in the country and escalating tensions on the peninsula, according to AP"
article_19,30,anecdote,3383,3516,"Joseph Yun, the US envoy for North Korea, and Pak Song-Il, a senior North Korean diplomat at the UN, are said to be leading the talks"
article_19,31,anecdote,3519,3611,Tensions have risen since North Korea tested two intercontinental ballistic missiles in July
article_19,32,assumption,3614,3713,The regime was further angered by last week's UN decision to increase economic sanctions against it
article_19,33,testimony,3716,3807,North Korea said it was finalising a plan to fire medium-to-long-range rockets towards Guam
article_19,34,anecdote,3808,3887,"where US strategic bombers are based, along with more than 160,000 US citizens"
article_19,35,assumption,3890,3975,There has been no indication that any actual attack on the Pacific island is imminent
article_19,36,testimony,3978,4073,On Thursday Mr Trump suggested that his own statements on North Korea had not been tough enough
article_19,37,testimony,4074,4119,"warning the regime to be ""very, very nervous"
article_19,38,testimony,4123,4131,"However,"
article_19,39,testimony,4131,4187,he added that the US would always consider negotiations
article_19,40,testimony,4190,4268,"He also chided the North's closest ally, China, saying it could do ""a lot more"
article_19,41,testimony,4272,4407,China's state-run Global Times newspaper wrote that Beijing should stay neutral if North Korea launches an attack that threatens the US
article_19,42,testimony,4410,4542,"But it also said that if the US and South Korea attacked North Korea to force regime change, then China must intervene to prevent it"
article_19,43,testimony,4545,4699,"Meanwhile, Australian Prime Minister Malcolm Turnbull said his nation would be prepared to join a conflict against North Korea if the US came under attack"
article_19,44,testimony,4702,4823,"Australia would honour its commitment under a 1951 treaty, he said, ""as America would come to our aid if we were attacked"
article_19,45,other,4830,4862,news from the BBC in your inbox
article_19,46,other,4863,4868,each
article_19,47,other,4876,4884,morning
article_20,0,assumption,0,83,Many conservative white voters have despaired at what they saw as America’s decline
article_20,1,assumption,84,147,"On Election Day, they pushed Donald Trump to a historic result"
article_20,2,assumption,150,328,"Rural white America has staged a political rebellion unprecedented in recent American history, propelling billionaire developer Donald Trump to an astounding presidential victory"
article_20,3,assumption,331,515,"The result is essentially a repudiation of Washington and overthrows a pundit class that, as late as Tuesday afternoon, thought Hillary Clinton was poised for a tight but clear victory"
article_20,4,assumption,516,635,A Republican surge undetected by virtually all polling kept the party in solid control of the House and Senate as well
article_20,5,testimony,638,909,"“The polls underestimated two forces – one was voter discontent and the other was Republicans’ loyalty to their party’s nominee despite the ambivalence about Trump expressed by GOP leaders,” says Columbia University political science professor Donald P. Green in an email"
article_20,6,assumption,912,1169,"The result will be at least four years of a Washington unified under the direction of one party, holding out the prospect of a sharp swerve in the nation’s direction on such core issues as foreign policy, trade, immigration, health care, and the environment"
article_20,7,assumption,1172,1261,"More broadly for the nation, Trump's victory reverses the narrative of the past few years"
article_20,8,assumption,1262,1426,"Many conservative white voters have despaired at what they saw as America’s decline economically, militarily, and culturally, feeling the country was slipping away"
article_20,9,assumption,1427,1492,Now they have emphatically turned the table on Democratic voters
article_20,10,testimony,1495,1554,"After Hillary Clinton called Trump to concede the election,"
article_20,11,testimony,1554,1657,"he told supporters, he offered her his congratulations to her for ""a very, very hard-fought campaign."""
article_20,12,testimony,1657,1692,"He also called for reconciliation,"
article_20,13,testimony,1692,1781,"saying it was time to bind the nation's wounds and come together ""as one united people."""
article_20,14,testimony,1783,1907,"""I pledge to every citizen in our land, that I will be president for all Americans, and this is so important to me,"" he said"
article_20,15,testimony,1908,2046,"""For those who have chosen not to support me… I am reaching out to you for your guidance and your help so we can unify our great nation."""
article_20,16,assumption,2048,2127,It’s difficult for any party to hold the presidency for three consecutive terms
article_20,17,assumption,2132,2179,that may have played a role in Trump’s victory
article_20,18,assumption,2180,2234,But at first look his win seemed a story foreordained
article_20,19,assumption,2235,2360,"his core supporters, whites without college degrees, turned out in huge numbers and supported him to an unprecedented degree"
article_20,20,assumption,2363,2435,This mixed up the nation’s long-standing order of electoral swing states
article_20,21,anecdote,2436,2532,"Trump took Florida and Ohio before midnight, and won the election in Wisconsin and Pennsylvania"
article_20,22,assumption,2535,2583,Exurban and rural areas were the Trump heartland
article_20,23,anecdote,2584,2678,"He ran up huge margins in such places as Newton County, Ga., about an hour outside of Atlanta"
article_20,24,assumption,2679,2753,A visit to this area on Election Day showed it a shoo-in county for Trump
article_20,25,anecdote,2754,2815,There were handwritten roadside signs advertising stud bulls
article_20,26,anecdote,2816,2965,"voters rumbled into parking lots in massive pick-ups, and honked at supporters waving Trump signs just feet from where cars whooshed by on Route 278"
article_20,27,testimony,2968,3189,"Al Fortune, a trucking company manager, had a long list of actual policy issues he said he thought Trump would promote if elected: job creation, conservative healthcare reform, and energy independence from the Middle East"
article_20,28,statistics,3192,3306,Exit polls on Tuesday night showed Trump won 80 percent or more of voters who rated “change” as their top priority
article_20,29,assumption,3311,3355,Fortune seemed to reflect just such a voter
article_20,30,testimony,3358,3437,"“I would sure hope he would have an impact on the presidency,” said Mr. Fortune"
article_20,31,testimony,3438,3540,“I think he’d take the country to greater heights than what we’ve been used to the last eight years.”
article_20,32,assumption,3542,3607,Now it will be up to Trump to deliver on his voters’ expectations
article_20,33,assumption,3608,3650,They are expecting him to move decisively
article_20,34,anecdote,3653,3817,"Far to the north, in New Hampshire, lifelong Manchester resident Tyler Brouillard registered to vote as a Republican on Tuesday, then cast a ballot for Donald Trump"
article_20,35,testimony,3818,3901,"He said he expected high-speed change in US policies, based simply on who Trump is"
article_20,36,testimony,3904,4059,"“I think it’s going to be a big difference between now and all the other people we’ve had, just because of the way he carries himself,” said Mr. Brouillard"
article_20,37,assumption,4062,4220,"As for Democrat Hillary Clinton, her loss is likely to set off a battle of bitter recriminations among Democrats, with the liberal faction personified by Sens"
article_20,38,assumption,4221,4304,Elizabeth Warren and Bernie Sanders pushing for radical change in the party agenda
article_20,39,other,4310,4314,the
article_20,40,other,4330,4345,you care about
article_20,41,other,4355,4363,to your
article_20,42,assumption,4372,4594,"Trump, of course, represents a major change in GOP identity as well, focusing unabashedly on white Americans – contrary to the desires of party leadership – and rejecting mainstream Republican principles such as free trade"
article_20,43,assumption,4601,4640,that’s won him the White House in 2016
article_20,44,assumption,4641,4791,"the changing face of the US, with a fast-growing Hispanic population and a declining percentage of whites, may challenge the approach in coming years"
article_20,45,testimony,4794,4937,"“It’s not a good strategy in the long-term,” noted Matthew Wilson, an associate professor of political science at Southern Methodist University"
article_20,46,assumption,4941,4977,Trump’s victory hung in the balance
article_21,0,anecdote,158,245,drawing a rebuke from his fellow Republicans in Congress who said the probe must go on
article_21,1,assumption,248,389,It was Trump’s most direct call for his top U.S. law enforcement officer to shut down Special Counsel Robert Mueller’s criminal investigation
article_21,2,assumption,393,464,Democrats promptly accused the president of trying to obstruct justice
article_21,3,assumption,465,616,Trump’s remark coincided with the start of the trial this week of his former campaign chairman Paul Manafort on charges arising from Mueller’s inquiry
article_21,4,anecdote,619,710,"In a series of tweets, Trump called a “TOTAL HOAX” the idea his campaign worked with Moscow"
article_21,5,anecdote,725,738,is examining
article_21,6,testimony,739,913,"“This is a terrible situation and Attorney General Jeff Sessions should stop this Rigged Witch Hunt right now, before it continues to stain our country any further,” he said"
article_21,7,assumption,916,1079,"Since his surprise election in November 2016, Republican Trump has chafed at any suggestion that the Russian interference might have helped him win the White House"
article_21,8,assumption,1090,1141,he has long maligned Mueller and the investigation
article_21,9,assumption,1142,1263,his tweet on Wednesday was an extraordinary bid to try to influence the course of an inquiry hanging over his presidency
article_21,10,assumption,1266,1272,In any
article_21,11,assumption,1362,1379,power to stop it
article_21,12,testimony,1382,1516,The White House said the tweet was not an order to Sessions and that Trump was expressing his frustration with the length of the probe
article_21,13,testimony,1519,1538,“It’s not an order.
article_21,14,testimony,1538,1628,"It’s the president’s opinion,” White House spokeswoman Sarah Sanders told a news briefing"
article_21,15,testimony,1629,1684,She denied that Trump was trying to obstruct the probe
article_21,16,testimony,1685,1716,"“He’s fighting back,” she said"
article_21,17,testimony,1719,1821,"Trump’s personal lawyer, Rudy Giuliani, said Trump was expressing an opinion long espoused by his team"
article_21,18,testimony,1828,1905,U.S. lawmakers said shutting down the investigation early would be a mistake
article_21,19,testimony,1908,1961,Trump also said that Mueller is “totally conflicted.”
article_21,20,assumption,1961,2085,"He provided no evidence that the team led by Mueller, a Republican who was appointed by a Republican, is biased against him"
article_21,21,anecdote,2182,2187,post
article_21,22,testimony,2188,2256,A Justice Department spokeswoman said the department had no comment
article_21,23,assumption,2259,2316,Trump has steadily attacked Sessions for recusing himself
article_21,24,anecdote,2326,2476,cited his role as a senior adviser to Trump’s presidential campaign and appointed Deputy Attorney General Rod Rosenstein to oversee the investigation
article_21,25,assumption,2479,2564,Rosenstein in turn appointed Mueller and is the person with the authority to fire him
article_21,26,assumption,2683,2692,Congress
article_21,27,anecdote,2699,2733,Republicans control both chambers
article_21,28,anecdote,2736,2851,Six Republican senators going into a vote on Wednesday disapproved of Trump’s tweet calling for an end to the probe
article_21,29,testimony,2854,2897,“They ought to let them conclude their work
article_21,30,testimony,2898,3098,"What they’re doing is something that is important and we support and I don’t think any effort to truncate that or somehow shut it down early is in the public’s best interest,” said Senator John Thune"
article_21,31,testimony,3101,3182,Senator Orrin Hatch said he did not think Sessions had the power to end the probe
article_21,32,assumption,3186,3214,it would be unwise to do so
article_21,33,assumption,3312,3329,obstruct justice
article_21,34,testimony,3330,3495,The New York Times reported last week that Mueller’s office was examining negative tweets and statements by Trump about Sessions and former FBI Director James Comey
article_21,35,anecdote,3496,3526,Trump fired Comey in May 2017
article_21,36,anecdote,3649,3656,s favor
article_21,37,testimony,3675,3693,such interference
article_21,38,assumption,3767,3775,justice
article_21,39,testimony,3778,3963,"Senator Dianne Feinstein, the top Democrat on the Judiciary Committee, said after Trump’s tweet, “It’s clear to me he’s very worried about it and he wants to prevent it any way he can.”"
article_21,40,anecdote,3965,4028,"In April, the committee approved legislation to protect Mueller"
article_21,41,testimony,4032,4168,Republican Senate leader Mitch McConnell said there was no need to advance the bill because he did not believe Trump would fire Mueller
article_21,42,anecdote,4269,4276,charge
article_21,43,assumption,4280,4360,it could be used to establish a pattern of conduct revealing Trump’s intentions
article_21,44,testimony,4363,4389,“It is a piece of evidence
article_21,45,testimony,4390,4595,"It is part and parcel with the other 94 things the man has done that show obstruction of justice,” said Paul Rosenzweig, a former prosecutor who was part of a team that investigated President Bill Clinton"
article_21,46,testimony,4598,4831,"Jens David Ohlin, a law professor at Cornell University, said the tweets would likely not be seen as an order to Sessions, but as “Trump venting his continued frustration with the fact that he can’t control the Russia investigation.”"
article_21,47,other,4833,4836,Rep
article_21,48,anecdote,4854,4857,iac
article_21,49,anecdote,4868,4877,Cornwell
article_21,50,anecdote,4941,4945,avey
article_21,51,anecdote,4946,4949,Ed
article_21,52,other,4954,5003,"by Frances Kerry, Mary Milliken and Grant McCool"
article_22,0,anecdote,0,3,MEX
article_22,1,testimony,232,255,Mexican officials said
article_22,2,assumption,258,372,"Now the lawyers take over, kicking off the legally arduous effort to extradite Joaquin Guzmán to the United States"
article_22,3,anecdote,373,477,where he faces trafficking charges dating as far back as 2009 and a federal murder indictment from 2014
article_22,4,anecdote,480,582,"On Sunday, authorities notified Guzman that he is wanted in the USA, beginning extradition proceedings"
article_22,5,testimony,703,745,", Mexico Attorney General Arely Gomez said"
article_22,6,testimony,848,889,Reuters and other media outlets reported
article_22,7,anecdote,890,1018,"Guzmán fled but ultimately was nabbed Friday in Los Mochis, a Mexican coastal city of 250,000 in Guzmán's home state of Sinaloa"
article_22,8,anecdote,1021,1222,"Rolling Stone magazine published an article late Saturday, written by Penn, in which the Academy Award-winning actor tells of flying to Mexico with Mexican actress Kate del Castillo to meet with Guzmán"
article_22,9,anecdote,1225,1255,Penn lauds Guzmán in the story
article_22,10,anecdote,1256,1283,"calling him, “Robin Hood,”"
article_22,11,statistics,1435,1446,statistics
article_22,12,testimony,1449,1669,"The actor and activist described Guzmán's old-school style of doing business by writing, “El Chapo is a businessman first, and only resorts to violence when he deems it advantageous to himself or his business interests.”"
article_22,13,anecdote,1671,1737,El Chapo also coveted the drug-running route through Ciudad Juárez
article_22,14,anecdote,1765,1771,Texas
article_22,15,assumption,1772,1884,His attempts to control Ciudad Juárez contributed to the region's reputation as the murder capital of the world
article_22,16,testimony,1887,2119,"“El Chapo sticks to an illicit game (drugs), proudly volunteering, ‘I supply more heroin, methamphetamine, cocaine and marijuana than anybody else in the world. I have a fleet of submarines, airplanes, trucks and boats,’” Penn wrote"
article_22,17,testimony,2170,2184,drug epidemic
article_22,18,testimony,2185,2249,saying drugs would be supplied whether he ran the cartel or not
article_22,19,testimony,2252,2366,Penn said in the magazine that he raised the issue of billionaire presidential candidate Donald Trump in the visit
article_22,20,testimony,2373,2512,news stories surfaced of Guzmán's putting a $100 million bounty on Trump's head for the GOP candidate's unfavorable comments about Latinos
article_22,21,testimony,2515,2581,"El Chapo smiled and ironically said, ""Ah! Mi amigo!"" Penn recalled"
article_22,22,testimony,2584,2702,"Rolling Stone said Guzmán asked for permission to see the story prior to publication, but requested no changes be made"
article_22,23,anecdote,2703,2867,"In Mexico, Penn is drawing scrutiny, with the newspaper Reforma reporting that Penn and del Castillo were under investigation and would be asked to make statements"
article_22,24,anecdote,2868,2937,The newspaper cited sources in the Mexican attorney general's office
article_22,25,assumption,2940,3118,"Guzmán made global headlines for his daring and elaborate escape from the infamous, maximum-security Altiplano prison 50 miles outside the city through an almost mile-long tunnel"
article_22,26,assumption,3121,3215,Mexican officials had expressed little interest in extraditing Guzmán prior to his July escape
article_22,27,anecdote,3216,3274,Extradition requests made prior to his escape were denied
article_22,28,testimony,3275,3424,"Then-attorney general Jesús Murillo Karam said Guzmán would go to the United States after serving his sentence in Mexico, in ""about 300, 400 years.”"
article_22,29,testimony,3426,3487,But Gomez said Saturday that the extradition effort had begun
article_22,30,assumption,3490,3522,It will be a complicated process
article_22,31,assumption,3523,3656,Mexico eliminated capital punishment more than a decade ago and normally won't extradite to countries seeking to execute a defendant
article_22,32,assumption,3657,3742,Guzmán could face the death penalty for a U.S. murder indictment from September 2014
article_22,33,assumption,3743,3792,"That is just one of several hurdles, experts say"
article_22,34,testimony,3795,3990,"""They can challenge the judge, challenge the probable cause, challenge the procedure,"" Juan Masini, former U.S. Justice Department attache at the U.S. Embassy in Mexico, told the Associated Press"
article_22,35,testimony,3991,4032,"""They won't challenge everything at once"
article_22,36,testimony,4033,4077,"... They can drip, drip, milk it that way."""
article_22,37,anecdote,4079,4160,U.S. officials twice requested Guzmán’s extradition in July and August 2015 after
article_22,38,anecdote,4160,4243,he had slipped out of a maximum-security prison through an almost mile-long tunnel
article_22,39,anecdote,4244,4339,Federal judges accepted the requests and issued arrest warrants for the purpose of extradition
article_22,40,assumption,4342,4374,The capture of Guzmán was bloody
article_22,41,testimony,4375,4489,"Mexican marines said in a statement that marines, acting on a tip, raided a home before dawn Friday in Los Mochis"
article_22,42,anecdote,4490,4518,"The assault team drew fire,"
article_22,43,anecdote,4522,4572,five suspects were killed and six others arrested
article_22,44,anecdote,4643,4662,the statement said
article_22,45,testimony,4782,4800,they commandeered
article_22,46,anecdote,4801,4817,Marines pursued
article_22,47,anecdote,4822,4875,the duo was arrested on a highway a short time later
article_22,48,anecdote,4878,4924,Guzmán was first captured in Guatemala in 1993
article_22,49,anecdote,4925,5040,He was extradited to Mexico and was serving a 20-year sentence on drug-trafficking charges when he escaped in 2001
article_22,50,anecdote,5041,5102,He was recaptured at a Mexican beach resort in February 2014
article_22,51,anecdote,5105,5132,"Bacon reported from McLean,"
article_23,0,assumption,0,129,The Islamic State threatened to kill two Japanese hostages Tuesday unless the militants receive a $200 million ransom in 72 hours
article_23,1,anecdote,132,263,"In a video posted online, a black-clad, masked man with a British accent is shown standing between two hostages in orange jumpsuits"
article_23,2,anecdote,263,319,who are identified as Kenji Goto Jogo and Haruna Yukawa
article_23,3,anecdote,322,421,"Shortly after the video was released, Japanese Prime Minister Shinzo Abe vowed to save the hostages"
article_23,4,testimony,422,531,"""Their lives are the top priority,"" he said, speaking in Jerusalem during a six-day visit to the Middle East"
article_23,5,testimony,532,552,"""It is unforgivable"
article_23,6,testimony,553,607,"Extremism and Islam are completely different things."""
article_23,7,anecdote,609,773,The video has been identified as being made by the Islamic State group's al-Furqan media arm and was posted on militant websites associated with the extremist group
article_23,8,assumption,945,1033,likely referring to money Abe pledged to help Iraq's government and aid Syrian refugees
article_23,9,testimony,1036,1238,"""To the prime minister of Japan: Although you are more than 8,000 and 500 kilometers (5,280 miles) from the Islamic State, you willingly have volunteered to take part in this crusade,"" the militant says"
article_23,10,testimony,1239,1480,"""You have proudly donated $100 million to kill our women and children, to destroy the homes of the Muslims … and in an attempt to stop the expansion of the Islamic State, you have also donated another $100 million to train the (apostates)."""
article_23,11,testimony,1482,1611,The militant says the Japanese public has 72 hours to pressure the government to pay the $200 million to save the hostages' lives
article_23,12,assumption,1689,1697,payment
article_23,13,testimony,1824,1841,"crisis, Abe said"
article_23,14,anecdote,1842,1910,Japanese officials will analyze the video to verify its authenticity
article_23,15,testimony,1913,1914,""""
article_23,16,testimony,1916,2072,"true, the act of threat in exchange of people's lives is unforgivable and we feel strong indignation,"" Chief Cabinet Secretary Yoshihide Suga said in Tokyo"
article_23,17,testimony,2073,2148,"""We will make our utmost effort to win their release as soon as possible."""
article_23,18,testimony,2150,2352,"The U.S. State Department, in a statement, said the U.S. ""strongly condemns"" the threat by the Islamic State militants ""to murder Japanese citizens,"" and called for the immediate release of all hostages"
article_23,19,testimony,2353,2416,"""The United States is fully supportive of Japan in this matter"
article_23,20,testimony,2417,2501,"We stand in solidarity with Japan and are coordinating closely,"" the statement said"
article_23,21,testimony,2627,2666,", according to a post on a blog he kept"
article_23,22,anecdote,2667,2732,Pictures on his Facebook page show him in Iraq and Syria in July
article_23,23,anecdote,2733,2848,"One video on his page showed him holding a Kalashnikov assault rifle with the caption: ""Syria war in Aleppo 2014."""
article_23,24,testimony,2850,2921,"""I cannot identify the destination,"" Yukawa wrote in his last blog post"
article_23,25,testimony,2922,2970,"""But the next one could be the most dangerous."""
article_23,26,testimony,2970,3042,"He added: ""I hope to film my fighting scenes during an upcoming visit."""
article_23,27,anecdote,3044,3148,"Goto, 47, is a respected Japanese freelance journalist who went to report on Syria's civil war last year"
article_23,28,testimony,3151,3247,"""I'm in Syria for reporting,"" he wrote in an e-mail to an Associated Press journalist in October"
article_23,29,testimony,3248,3315,"""I hope I can convey the atmosphere from where I am and share it."""
article_23,30,anecdote,3317,3496,"The Islamic State group, also known as ISIL or ISIS, has beheaded and shot dead hundreds of captives — mainly Syrian and Iraqi soldiers — during its sweep across the two countries"
article_23,31,anecdote,3497,3562,and has celebrated its mass killings in extremely graphic videos
article_23,32,anecdote,3565,3742,"A British-accented jihadi has appeared in the beheading videos of slain American hostages James Foley and Steven Sotloff, and with British hostages David Haines and Alan Henning"
article_23,33,anecdote,3745,3813,"The militants continue to hold British photojournalist John Cantlie,"
article_23,34,anecdote,3813,3958,"who has appeared in other extremist propaganda videos, and a 26-year-old American woman captured last year in Syria while working for aid groups"
article_23,35,anecdote,3959,4046,U.S. officials have asked that the woman not be identified out of fears for her safety
article_23,36,assumption,4049,4207,"The videos, threats and killings appear to be an attempt to thwart a U.S.-led coalition that is waging a military campaign against the group in Syria and Iraq"
article_23,37,assumption,4210,4285,The Islamic State has suffered recent losses in airstrikes by the coalition
article_23,38,assumption,4290,4389,their revenue from selling stolen oil likely has dropped as well in the wake of falling oil prices
article_23,39,assumption,4390,4489,"The extremists have also made money from extortion, illicit businesses and other criminal activity"
article_23,40,anecdote,4492,4572,"Recently, the militants released some 200 mostly elderly Yazidi hostages in Iraq"
article_23,41,assumption,4573,4666,fueling speculation by Iraqi officials that the group didn't have the money to care for them
article_23,42,anecdote,4669,4841,"Last week, the group released a video purporting to show a child executing two men accused of being Russian spies who tried to infiltrate the militant organization in Syria"
article_23,43,anecdote,4842,4932,"The authenticity of the video, released by SITE Monitoring Service, could not be verified"
article_23,44,other,4952,4969,Associated Press
article_24,0,testimony,12,93,President Donald Trump says he likes all of his potential Supreme Court nominees
article_24,1,testimony,97,154,ides and advisers say he likes them for different reasons
article_24,2,testimony,165,341,"approaches Monday's announcement of his nominee to replace Justice Anthony Kennedy, aides and advisers say the president is weighing different factors for different candidates"
article_24,3,assumption,351,420,the biggest factor: The degree of difficulty for Senate confirmation
article_24,4,testimony,423,560,"""He needs to produce a nominee who is hard to criticize on objective grounds,"" says David Lat, founder of the legal website Above The Law"
article_24,5,assumption,561,618,who is in contact with officials involved in the process
article_24,6,anecdote,727,736,Maryland
article_24,7,anecdote,741,743,U
article_24,8,anecdote,744,752,S. Court
article_24,9,anecdote,755,767,Appeals for
article_24,10,anecdote,771,792,District of Columbia
article_24,11,assumption,809,889,"Like Associate Justice Neil Gorsuch, named to the high court by Trump last year"
article_24,12,assumption,890,932,he is out of conservative central casting
article_24,13,anecdote,933,1046,"A Yale Law graduate to Gorsuch's Harvard, they served together as law clerks to retiring Justice Anthony Kennedy"
article_24,14,assumption,1047,1102,Whip-smart and popular with the Federalist Society set
article_24,15,assumption,1103,1215,he has a long record of opinions and dissents that leaves little for Trump or Senate Republicans to worry about
article_24,16,assumption,1226,1281,That long record will give opponents much to work with
article_24,17,assumption,1282,1424,His mild dissent in a case upholding the Affordable Care Act's individual mandate left room for conservatives as well as liberals to disagree
article_24,18,assumption,1425,1553,His contention that presidents should be free from lawsuits and investigations likely pleases Trump but will confound Democrats
article_24,19,assumption,1554,1634,His work in the George W. Bush administration also could come back to haunt him
article_24,20,anecdote,1646,1665,Barrett of Indiana
article_24,21,anecdote,1670,1712,U.S. Court of Appeals for the 7th Circuit
article_24,22,assumption,1721,1822,She rocketed to the top of Trump's list with a stellar performance during her confirmation last fall
article_24,23,assumption,1823,1891,when Democrats cited her deep Catholic faith as a potential problem
article_24,24,assumption,1892,2011,"The mother of seven children, including two from Haiti and one with special needs, she offers the imagery Trump craves"
article_24,25,assumption,2012,2047,Being a woman may box in Democrats
article_24,26,assumption,2048,2116,Being from Indiana may box in moderate Democratic Sen. Joe Donnelly
article_24,27,assumption,2117,2156,who faces a tough re-election campaign
article_24,28,assumption,2157,2221,Being the youngest on Trump's list buys more years on the court
article_24,29,assumption,2222,2296,"And degrees from Notre Dame, where she taught for two decades, can't hurt"
article_24,30,anecdote,2311,2355,has served as a judge for just eight months
article_24,31,assumption,2356,2426,which gives her the least experience of any of the potential nominees
article_24,32,anecdote,2488,2492,anct
article_24,33,assumption,2493,2601,which liberals have interpreted as a threat to the 1973 Roe v. Wade decision legalizing abortion nationwide
article_24,34,anecdote,2613,2616,eth
article_24,35,anecdote,2624,2633,Michigan
article_24,36,anecdote,2668,2680,6th Circuit
article_24,37,assumption,2689,2823,"His strong adherence to textualism and originalism, the twin tenets that drove the late Justice Antonin Scalia, pleases conservatives"
article_24,38,anecdote,2824,2928,"A finalist for the job last year, he emerged with Kavanaugh as a leading contender for the next opening"
article_24,39,anecdote,2929,2990,"Like Gorsuch and Kavanaugh, he is a former Kennedy law clerk"
article_24,40,assumption,2991,3041,He's known for his attention to detail in writing
article_24,41,assumption,3042,3097,"which he often does from a remote, Internet-free cabin"
article_24,42,assumption,3108,3194,"Despite a decade on the appeals court, his record is thin in several areas of the law"
article_24,43,assumption,3195,3228,which worries some conservatives
article_24,44,anecdote,3229,3308,Though major cases on Obamacare and same-sex marriage came through his circuit
article_24,45,anecdote,3309,3357,he did not serve on the panels considering them
article_24,46,anecdote,3358,3515,His 2016 ruling that cellphone users do not have a reasonable expectation of privacy in their location records was overturned at the Supreme Court this term
article_24,47,anecdote,3546,3588,U.S. Court of Appeals for the 6th Circuit
article_24,48,anecdote,3597,3665,"After Gorsuch, he was Trump's first federal court nominee last year"
article_24,49,anecdote,3670,3755,"guardian angel in the Senate is Majority Leader Mitch McConnell, a fellow Kentuckian"
article_24,50,assumption,3756,3878,"He would be the first Indian American on the court, and among few in history to have trial experience on a district court"
article_24,51,anecdote,3879,3892,Nevertheless
article_24,52,anecdote,3893,3950,he often was designated to sit on appellate court panels
article_24,53,anecdote,3958,3980,him needed experience
article_24,54,assumption,3981,4003,He is a strong writer
article_24,55,assumption,4014,4180,"He has served on the appeals court for little more than a year and has yet to rule on most controversial topics, giving conservatives little proof of his convictions"
article_24,56,anecdote,4219,4221,U
article_24,57,anecdote,4222,4261,S. Court of Appeals for the 3rd Circuit
article_24,58,assumption,4270,4310,He was the runner-up to Gorsuch in 2017
article_24,59,assumption,4311,4342,giving him instant credibility
article_24,60,assumption,4343,4423,He's a law-and-order conservative in the mold of Associate Justice Samuel Alito
article_24,61,anecdote,4424,4461,who came from the same appeals court
article_24,62,anecdote,4462,4545,"Maryanne Trump Barry, the president's sister, served with him until her retirement"
article_24,63,anecdote,4546,4588,He drove a taxi to get through law school
article_24,64,assumption,4593,4669,his degrees from Notre Dame and Georgetown give him a non-Ivy League appeal
article_24,65,assumption,4680,4710,His star appears to be fading
article_24,66,assumption,4711,4781,A limited paper trail on the appeals court worries some conservatives
article_24,67,assumption,4782,4867,"He is not known as a great legal theorist like Kavanaugh, nor is he a ""feeder judge"""
article_24,68,assumption,4867,4925,whose law clerks are snapped up by Supreme Court justices
article_24,69,anecdote,4932,4967,Kavanaugh has sent 41 clerks there
article_24,70,anecdote,4968,4991,Hardiman has sent none
article_25,0,anecdote,0,149,"A day after police killed two terror suspects in eastern Belgium, a bomb scare forced the evacuation of the busy Gare de l'Est train station in Paris"
article_25,1,anecdote,154,259,Secretary of State Kerry joined French President Hollande in a visit to the sites of last week's attacks
article_25,2,anecdote,262,364,"French, German, and Belgian police arrested more than two dozen suspects in antiterrorism raids Friday"
article_25,3,assumption,368,481,European authorities rushed to thwart more attacks by people with links to Islamic extremists in the Middle East
article_25,4,testimony,484,745,"Rob Wainwright, head of the police agency Europol, told The Associated Press that foiling terror attacks has become ""extremely difficult"" because Europe's 2,500-5,000 radicalized Muslim extremists have little command structure and are increasingly sophisticated"
article_25,5,anecdote,748,880,"Highlighting the fears, a bomb scare forced Paris to evacuate its busy Gare de l'Est train station during Friday morning's rush hour"
article_25,6,anecdote,881,899,No bomb was found
article_25,7,anecdote,902,1112,"Visiting a scarred Paris on Friday, US Secretary of State John Kerry met French President Francois Hollande and visited the sites of the attacks last week on the newspaper Charlie Hebdo and a kosher supermarket"
article_25,8,anecdote,1113,1168,"Twenty people, including the three gunmen, were killed"
article_25,9,anecdote,1171,1287,French and German authorities arrested at least 14 other people Friday suspected of links to the Islamic State group
article_25,10,anecdote,1288,1449,Thirteen more were detained in Belgium and two arrested in France in an anti-terror sweep following a firefight Thursday in the eastern Belgian city of Verviers
article_25,11,anecdote,1452,1558,Two suspected terrorists were killed and a third was wounded in that raid on a suspected terrorist hideout
article_25,12,testimony,1563,1720,federal magistrate Eric Van der Sypt said Friday that the suspects were within hours of implementing a plan to kill police on the street or in their offices
article_25,13,testimony,1723,1908,"Belgian authorities were searching for more suspects Friday, and found four military-style weapons including Kalashnikov assault rifles in more than a dozen raids, Mr. Van der Sypt said"
article_25,14,testimony,1911,1978,"""I cannot confirm that we arrested everyone in this group,"" he said"
article_25,15,testimony,2058,2102,"killed, but said most were Belgian citizens"
article_25,16,anecdote,2220,2239,neighboring France
article_25,17,testimony,2242,2489,"Belgium has seen a particularly large number of people join extremists in Syria, and is ""the worst affected country in Europe relative to population size,"" said Peter Neumann of the London-based International Center for the Study of Radicalization"
article_25,18,testimony,2490,2619,"He estimates 450 people have left Belgium to fight with Islamic radical groups in Syria, and that 150 of them have returned home"
article_25,19,assumption,2622,2657,"Across Europe, anxiety has grown as"
article_25,20,assumption,2657,2728,the hunt continues for potential accomplices of the three Paris gunmen
article_25,21,testimony,2893,2937,who claimed ties to the Islamic State group
article_25,22,testimony,2938,3026,Police officials earlier told AP that they were seeking up to six potential accomplices
article_25,23,anecdote,3029,3074,Paris is at its highest terrorism alert level
article_25,24,anecdote,3079,3148,police evacuated the Gare de l'Est train station after a bomb threat
article_25,25,anecdote,3149,3259,"The station, one of several main stations in Paris, serves cities in eastern France and countries to the east"
article_25,26,anecdote,3262,3384,"In Berlin, police arrested two men Friday morning on suspicion of recruiting fighters for the Islamic State group in Syria"
article_25,27,anecdote,3470,3550,that were part of a months-old investigation into a group of Turkish extremists
article_25,28,anecdote,3698,3704,Paris
article_25,29,assumption,3705,3765,which drew more than 1 million people to denounce terrorism
article_25,30,testimony,3768,3816,"Mr. Hollande thanked Kerry for offering support,"
article_25,31,testimony,3816,3901,"saying: ""You've been victims yourself of an exceptional terrorist attack on Sept. 11"
article_25,32,testimony,3902,3939,You know what it means for a country
article_25,33,testimony,3943,3990,"Together, we must find appropriate responses."""
article_25,34,testimony,3992,4202,"In a separate speech to diplomats, Hollande said France is ""waging war"" against terrorism and will not back down from its international military operations against Islamic extremists in Iraq and northern Africa"
article_25,35,anecdote,4203,4301,France's Parliament voted this week to extend airstrikes against Islamic State extremists in Iraq
article_25,36,assumption,4304,4417,The Belgian raid on a former bakery was another palpable sign that terror had seeped deep into Europe's heartland
article_25,37,assumption,4420,4511,"security forces struck against militants, some of who may be returnees from jihad in Syria"
article_25,38,other,4514,4552,Get the Monitor Stories you care about
article_25,39,other,4562,4570,to your
article_25,40,assumption,4579,4650,That investigation had started well before last week's rampage in Paris
article_25,41,anecdote,4655,4826,Belgian authorities are separately looking for possible links between a man they arrested in the southern city of Charleroi for illegal trade in weapons and Mr. Coulibaly
article_25,42,anecdote,4827,4876,who killed four people in the kosher supermarket
article_25,43,assumption,4879,5046,"Several other countries are also involved in the hunt for possible accomplices to Coulibaly and the gunmen who attacked the newspaper, brothers Cherif and Said Kouachi"
article_25,44,anecdote,5047,5108,The Kouachi brothers claimed allegiance to Al Qaeda in Yemen
article_25,45,anecdote,5109,5146,Coulibaly to the Islamic State group
article_26,0,anecdote,0,140,"Ohio officials announced Wednesday that Libertarian presidential candidate, Gary Johnson, will appear on the presidential ballot in the fall"
article_26,1,assumption,141,245,"But for third-party candidates, being a viable challenge to the major parties is still an uphill battle"
article_26,2,anecdote,248,336,Libertarian presidential candidate Gary Johnson will appear on Ohio's ballot in November
article_26,3,assumption,337,534,The swing state is the latest to accept Mr. Johnson onto the ballot as a third-party alternative to Democratic presidential nominee Hillary Clinton and Republican presidential nominee Donald Trump
article_26,4,assumption,542,601,his appearance on the Ohio ballot is a victory for Johnson
article_26,5,assumption,602,680,it's still a relatively small one compared with the challenges that lie ahead
article_26,6,testimony,797,823,recognize the Green Party
article_26,7,anecdote,824,885,The right-wing Constitution Party is recognized in 15 states
article_26,8,assumption,888,950,It was a difficult battle to get Johnson on the ticket in Ohio
article_26,9,assumption,951,1097,The complex process required to put a third-party candidate on the Ohio ballot highlights the pitfalls and challenges third-party candidates face
article_26,10,testimony,1098,1248,"The ""winner-take-all"" US electoral system usually ""reward[s] strong, larger parties while penalizing weak, smaller parties,"" according to Ballotpedia"
article_26,11,anecdote,1251,1353,"In Ohio, like many states, Libertarians have not received enough support for formal ballot recognition"
article_26,12,anecdote,1354,1429,"The state does, however, allow independent candidates to run on the ballot"
article_26,13,anecdote,1433,1534,the party submitted paperwork to have a Libertarian candidate appear on the ballot as an independent
article_26,14,anecdote,1539,1652,"when the time came to submit the paperwork, the Libertarian convention had not officially chosen a candidate yet"
article_26,15,anecdote,1655,1802,"Charlie Earl, a Libertarian Party member who had run unsuccessful campaigns for Ohio governor and secretary of state, was put on the ballot instead"
article_26,16,testimony,1803,1947,"According to Cincinnati.com, Mr. Earl was to serve as a placeholder until the necessary paperwork went through to change Earl's name to Johnson"
article_26,17,anecdote,2149,2158,as hoped
article_26,18,testimony,2159,2260,"According to The Columbus Dispatch, Libertarians acquired 7,619 signatures calling for the name swap"
article_26,19,anecdote,2263,2373,"The two largest third parties in the United States are the Libertarian Party and the Green Party, respectively"
article_26,20,anecdote,2374,2441,The Green Party nominated Jill Stein at its presidential candidate
article_26,21,statistics,2445,2642,"the election were held at the time of polling, 10 percent of American voters would vote for Johnson and only 4 percent would vote for Ms. Stein, according to a recent poll from Pew Research Center"
article_26,22,statistics,2643,2722,"In the same poll, Mrs. Clinton led at 41 percent with Mr. Trump trailing at 37"
article_26,23,assumption,2725,2850,"Despite the low polling, however, both Stein's and Johnson's campaigns have seen an opportunity in this presidential election"
article_26,24,assumption,2851,2955,Clinton and Trump both have historically high unfavorability ratings over the course of their campaigns
article_26,25,testimony,2959,2995,the Monitor has previously reported
article_26,26,assumption,2998,3127,Trump's unconventional manner and controversial statements have driven away many voters who would have otherwise voted Republican
article_26,27,assumption,3138,3365,", the unexpected popularity of Sen. Bernie Sanders (I) of Vermont caused a rift in the Democratic party after Mr. Sanders was unable to secure the Democratic nomination, causing many Sanders supporters to move away from Clinton"
article_26,28,assumption,3368,3531,Both Johnson and Stein hope to capitalize on disenchanted majority parties voters in hopes that their campaigns will have a chance of facing down Clinton and Trump
article_26,29,anecdote,3532,3692,"Stein's official Facebook page reflected this strategy when it posted a photo in July bearing the slogan, ""Reject the Lesser Evil, Fight for the Greater Good!"""
article_26,30,assumption,3694,3777,But earning enough support to viably run against Trump and Clinton will not be easy
article_26,31,assumption,3966,3974,in Ohio
article_26,32,assumption,3975,4019,they will likely not appear on every ballot
article_26,33,testimony,4020,4125,"Johnson is currently missing from 8 state ballots, according to the Libertarian Party's official website"
article_26,34,testimony,4132,4188,'s campaign site says that she is missing from 15 states
article_26,35,assumption,4191,4350,"For now, the candidates' immediate goals are centered around the all-important presidential debates and the exposure the debates could bring to their campaigns"
article_26,36,assumption,4353,4432,In order for that to happen the candidates will have to overcome a major hurdle
article_26,37,testimony,4433,4712,"According to the Commission on Presidential Debates (CPD) website, candidates have to appear on enough state ballots to have a mathematical possibility of winning a majority of electoral college votes, and must have the support of at least 15 percent of voters in national polls"
article_26,38,assumption,4758,4779,necessary 15 percent
article_26,39,other,4782,4789,Get the
article_26,40,other,4805,4820,you care about
article_26,41,other,4830,4838,to your
article_26,42,assumption,4847,4912,Both campaigns are trying to gather enough support for the debate
article_26,43,anecdote,4917,5113,"Stein's campaign has even launched an online petition for the debates to ""include all Presidential candidates who have qualified for enough state ballots to be a choice for a majority of voters."""
article_26,44,assumption,5115,5166,The petition is unlikely to change the CPD's policy
article_26,45,assumption,5171,5257,both third-party candidates seem prepared to stick it out until polls close on Nov. 8
article_27,0,anecdote,11,252,"A Republican clung to a narrow lead in a hotly contested U.S. House of Representatives race in Ohio late on Tuesday, holding off a strong challenge in the reliably Republican district after a late show of support from President Donald Trump"
article_27,1,statistics,263,358,"an Troy Balderson led Democrat Danny O’Connor by about 1,700 votes with all precincts reporting"
article_27,2,testimony,368,510,"the Ohio secretary of state’s office said a final result would be delayed until more than 8,000 provisional and absentee ballots were counted"
article_27,3,assumption,513,683,The close race in the Ohio special election became a referendum on Trump’s leadership and a last chance to gauge Democratic strength ahead of November’s midterm elections
article_27,4,assumption,686,824,The narrow margin will be little comfort for Republicans anxious about the prospect of a Democratic wave heading into the Nov. 6 elections
article_27,5,assumption,829,979,it is certain to encourage Democrats who performed dramatically better than expected in a district Republicans have represented since the early 1980s
article_27,6,anecdote,1032,1269,"day when four other states held nominating contests, including a battle for governor in Michigan in which a mainstream candidate beat a progressive and a high-profile conservative challenge to the incumbent Republican governor in Kansas"
article_27,7,assumption,1272,1344,The Ohio contest drew an avalanche of national attention in recent weeks
article_27,8,statistics,1347,1374,polls showed it tightening
article_27,9,statistics,1375,1540,with Republicans and their allies outspending Democratic groups by more than 4 to 1 and running ads linking O’Connor to liberal House Democratic leader Nancy Pelosi
article_27,10,assumption,1544,1611,"’Connor, a local county official, tried to project a moderate image"
article_27,11,testimony,1612,1739,saying he would support new Democratic leadership in Congress and work with Republicans but also criticizing the Trump tax cut
article_27,12,assumption,1747,1795,took credit for the apparent Republican victory
article_27,13,testimony,1796,1935,saying on Twitter that Balderson’s campaign made “a big turn for the better” after he campaigned for him in the district on Saturday night
article_27,14,testimony,1938,2009,Balderson told supporters in Ohio: “I’d like to thank President Trump.”
article_27,15,assumption,2011,2063,Other Republicans had also rushed to Balderson’s aid
article_27,16,anecdote,2064,2126,"Ohio Governor John Kasich, a Trump critic, endorsed Balderson"
article_27,17,anecdote,2130,2164,Vice President Mike Pence visited
article_27,18,anecdote,2167,2245,Trump won the district by 11 percentage points in the White House race in 2016
article_27,19,anecdote,2249,2335,Republican Pat Tiberi won re-election to the House by a whopping 37 percentage points
article_27,20,anecdote,2346,2388,Tiberi resigned before finishing his term
article_27,21,anecdote,2389,2433,forcing the special election to replace him
article_27,22,anecdote,2498,2519,a full two-year term
article_27,23,testimony,2614,2652,", the secretary of state’s office said"
article_27,24,anecdote,2658,2675,they are tallied
article_27,25,anecdote,2754,2763,5 percent
article_27,26,testimony,2810,2910,and urged supporters on Twitter to make donations for what “could be a long and expensive recount.”
article_27,27,testimony,2913,3051,"We’re not stopping now. Tomorrow we rest and then we keep fighting through to November,” O’Connor told supporters at a post-election party"
article_27,28,assumption,3054,3249,"The Ohio district includes many of the suburban women and college-educated, affluent residents that polls show have been the sort of voters turned off by Trump’s chaotic first 19 months in office"
article_27,29,assumption,3252,3400,Democrats need to pick up 23 seats in the House and two seats in the Senate to win majorities in those chambers and put the brakes on Trump’s agenda
article_27,30,anecdote,3409,3506,"House seats, 35 of 100 Senate seats and 36 of 50 governors’ offices are up for grabs in November"
article_27,31,anecdote,3509,3576,"Michigan, Missouri, Kansas and Washington held primaries on Tuesday"
article_27,32,assumption,3577,3670,setting the stage for a number of competitive congressional and governor’s races in November
article_27,33,assumption,3673,3776,The Democratic race for governor in Michigan tested the electoral power of the party’s progressive wing
article_27,34,anecdote,3786,3964,"former Detroit health director Abdul El-Sayed lost his bid to become the country’s first Muslim governor to a more moderate Democrat, former state Senate leader Gretchen Whitmer"
article_27,35,anecdote,3974,4049,"will face Republican Bill Schuette, who was endorsed by Trump, in November"
article_27,36,statistics,4211,4305,Colyer with about 84 percent of the votes counted for the Republican gubernatorial nomination
article_27,37,testimony,4315,4451,"most of the votes in Johnson County, the state’s most populous county, had yet to be counted, according to the Kansas elections website"
article_27,38,anecdote,4454,4514,"Trump endorsed Kobach, Kansas’ secretary of state, on Monday"
article_27,39,anecdote,4515,4672,Kobach was an immigration adviser to Trump’s campaign in 2016 and vice chairman of Trump’s commission to investigate voting fraud before the panel collapsed
article_27,40,anecdote,4675,4806,"In Missouri, voters overwhelmingly decided to overturn a right-to-work law passed by the legislature that targeted union organizing"
article_27,41,anecdote,4809,5118,"Bob McCulloch, the incumbent prosecutor in St. Louis county who was criticized for his conduct following the 2014 shooting of Michael Brown in Ferguson that sparked the “Black Lives Matter” movement, also lost a primary race to Wesley Bell, a Ferguson city council member who has vowed criminal justice reform"
article_27,42,other,5121,5124,Rep
article_27,43,other,5141,5145,ites
article_28,0,other,0,1,H
article_28,1,assumption,46,342,"President-elect Donald Trump’s unforeseen election win over Hillary Clinton has ignited immediate infighting inside the Democratic Party, with progressive members lashing out at the establishment wing for failing to defeat one of the most flawed Republican presidential candidates in a generation"
article_28,2,testimony,345,526,"“There is no question there is a civil war taking place inside the Democratic Party,” said Cenk Uygur, co-founder of The Young Turks, a progressive internet-based commentary program"
article_28,3,testimony,529,572,“And the progressive side is going to win.”
article_28,4,assumption,574,640,"Progressives have long felt disaffected from the Democratic Party,"
article_28,5,assumption,640,779,often arguing elected officials cater to special interests and regularly compromise their values to work with Republicans across the aisle
article_28,6,assumption,782,919,"But Trump's electoral triumph has shattered the Democratic Party, bringing out venom that bubbled to a breaking point during the campaign"
article_28,7,anecdote,920,1025,"Last summer, WikiLeaks published hacked emails exposing top members of the Democratic National Committee"
article_28,8,assumption,1026,1204,"Those emails showed that party officials were actively working to help Clinton secure the nomination, while simultaneously sabotaging the campaign of Vermont Sen. Bernie Sanders"
article_28,9,assumption,1205,1273,who became a progressive hero in a stunning outsider run of his own
article_28,10,assumption,1276,1358,The outrage was enough to force then-chair Rep. Debbie Wasserman Schultz to resign
article_28,11,anecdote,1359,1476,"Donna Brazile was promoted from vice chair to interim chair of the party, temporarily pacifying progressive concerns"
article_28,12,other,1479,1482,Deb
article_28,13,anecdote,1485,1487,W
article_28,14,anecdote,1495,1503,Schultz
article_28,15,other,1511,1512,/
article_28,16,assumption,1527,1613,"But, following a stunning defeat Tuesday night, progressives are once again up in arms"
article_28,17,assumption,1614,1780,"They contend that the Democratic Party has allowed corporate interests to dictate its policy agenda for far too long, resulting in major losses like the one to Trump"
article_28,18,testimony,1784,1864,"It’s so obvious, I can’t believe they can’t see it,” Uygur told Business Insider"
article_28,19,testimony,1865,1916,“The Democrats have become the establishment party
article_28,20,testimony,1917,1953,And people hate the establishment.”
article_28,21,testimony,1955,2003,"Clinton “represents the establishment,” he added"
article_28,22,testimony,2004,2081,"“She looks like and acts like she’s from The Capitol in 'The Hunger Games.'"""
article_28,23,assumption,2083,2208,The most immediate battlefield for the anti-establishment war is over who will be selected as the next Democratic Party chair
article_28,24,assumption,2209,2301,"Progressives have consolidated around Rep. Keith Ellison, a reliable liberal from Minnesota"
article_28,25,assumption,2308,2388,former party chair Howard Dean represents a more establishment minded candidate
article_28,26,anecdote,2391,2508,"On Friday morning, Ellison received a significant endorsement from likely future-Senate Minority Leader Chuck Schumer"
article_28,27,assumption,2509,2573,"But to progressives, the move from Schumer did not seem sincere"
article_28,28,assumption,2574,2644,"Instead, they argued, it was one done in an attempt to maintain power"
article_28,29,testimony,2647,2782,"“Chuck is a very smart guy,” said Nomiki Konst, a Democratic strategist, former Sanders surrogate, and host of “The Filter” on Sirus XM"
article_28,30,testimony,2783,2807,“He has to be a senator
article_28,31,testimony,2808,2869,"He has the responsibility in the Senate to make things work,"
article_28,32,testimony,2873,2948,he knows probably half the Hillary supporters were much more progressive.”
article_28,33,testimony,2950,3071,"She added: “I think he knows he has a responsibility to follow the trend — otherwise, he would have a riot on his hands.”"
article_28,34,other,3073,3077,Bern
article_28,35,assumption,3112,3210,Konst has offered a number of suggestions to Democratic Party leadership on how to initiate reform
article_28,36,anecdote,3213,3312,The Democratic strategist suggested barring consultants and lobbyists from being members of the DNC
article_28,37,anecdote,3313,3495,"implementing a union membership quota, and eliminating superdelegates, Democratic Party leaders and elected officials who can vote for their candidate of choice during the primaries"
article_28,38,testimony,3499,3547,"I would call for emergency elections,” she added"
article_28,39,testimony,3548,3601,“This is crisis level — get rid of these vice chairs
article_28,40,testimony,3602,3653,A lot of these vice chairs are really bad people.”
article_28,41,testimony,3655,3977,"Ryan Williams, a former deputy national press secretary for Mitt Romney’s 2012 presidential campaign, said what is taking place inside the Democratic Party is perhaps worse than what happened when President Barack Obama defeated the Republican nominee in 2012, while Democrats retook the Senate and made gains in the House"
article_28,42,assumption,3978,4075,"Now, after Tuesday's shock results, Republicans have control of all three branches of government"
article_28,43,testimony,4078,4114,"“They are in a dark place,” he said,"
article_28,44,testimony,4122,4232,“It’s very difficult to go from a party being in control of the White House to being cast into the wilderness
article_28,45,testimony,4233,4291,The White House is the glue that holds the party together
article_28,46,testimony,4292,4361,"You have a set leader. Right now, the Democrats have no set leader.”"
article_28,47,testimony,4363,4473,Both Konst and Uygur said progressives will absolutely fight for control of the party while the vacuum is open
article_28,48,testimony,4476,4587,"Establishment Democrats, including leaders like Schumer, should not feel their positions are secure, Uygur said"
article_28,49,testimony,4591,4679,"We are going to rip you down,” he warned, speaking of the Democratic Party establishment"
article_28,50,testimony,4680,4704,“I have no use for them
article_28,51,testimony,4705,4773,I don’t know what to tell them other than we are going to beat them
article_28,52,testimony,4774,4798,I don’t want their help
article_28,53,testimony,4799,4832,I know what their incentives are
article_28,54,testimony,4833,4853,They want the money
article_28,55,testimony,4854,4888,Almost anything else is a trick.”
article_28,56,testimony,4890,5121,"The political commentator predicted that in a week progressives should win the DNC chair fight and ""firmly establish in the voters' mind — and in Washington's mind — that the progressives are right and the establishment was wrong."""
article_28,57,testimony,5123,5189,"""Having said that, the empire will strike back,"" Uygur anticipated"
article_28,58,testimony,5190,5276,"adding that progressives were more than ready for what he called the ""long war"" ahead"
article_29,0,assumption,221,284,", prompting critics to accuse him of subverting the rule of law"
article_29,1,anecdote,287,372,Trump announced on Twitter his decision to pardon pundit and filmmaker Dinesh D’Souza
article_29,2,testimony,440,575,"and was an outspoken critic of Democratic former President Barack Obama, saying he had been “treated very unfairly by our government!”"
article_29,3,anecdote,580,689,Republican president then told reporters on a flight to Houston he was also considering a pardon for Stewart
article_29,4,anecdote,690,821,"who was convicted in 2004 on charges of conspiracy, obstruction of justice and making false statements in an insider-trading probe"
article_29,5,assumption,853,1077,"as FBI director last year and has repeatedly assailed, was the lead federal prosecutor in Stewart’s case and played a role in the prosecution of Lewis “Scooter” Libby, the chief of staff to former Vice President Dick Cheney"
article_29,6,assumption,1102,1108,April
article_29,7,anecdote,1264,1333,was considering pardoning a woman convicted of a drug-related charge
article_29,8,anecdote,1339,1411,reality TV star Kim Kardashian discussed the case with him on Wednesday
article_29,9,testimony,1414,1632,"White House spokesman Hogan Gidley, briefing reporters on Air Force One as Trump later flew to Dallas for Republican fundraising events, denied that celebrity was a consideration in whom the president decides to pardon"
article_29,10,testimony,1635,1741,"“Look, there are plenty of people the president is looking at right now under the pardon process,” he said"
article_29,11,assumption,1744,1812,The U.S. Constitution gives the president the power to issue pardons
article_29,12,assumption,1817,1977,Trump sometimes has used that authority to benefit convicted figures revered by some on the political right such as former Arizona sheriff Joe Arpaio and Libby
article_29,13,assumption,1980,2165,"After D’Souza’s pardon, some constitutional scholars, legal analysts and Democratic lawmakers accused Trump of undermining the rule of law with pardons based on political considerations"
article_29,14,assumption,2356,2408,including his longtime private lawyer Michael Cohen
article_29,15,assumption,2409,2475,whose business dealings are separately under scrutiny in New York
article_29,16,testimony,2478,2702,"“Trump’s Dinesh D’Souza pardon today, on top of his pardons of Scooter Libby and Joe Arpaio, make sense only as an elephant-whistle to Michael Cohen & all who know damning things about Trump: protect me & I’ll have your back"
article_29,17,testimony,2703,2837,Turn on me & your goose is cooked. More obstruction!” Harvard Law School constitutional law professor Laurence Tribe wrote on Twitter
article_29,18,testimony,2840,3041,"“As with the pardon of Joe Arpaio, Trump is sending a message that he will reward political allies for loyalty with get-out-of-jail-free cards,” Democratic U.S. Representative Don Beyer said on Twitter"
article_29,19,testimony,3042,3083,“He doesn’t care about the rule of law.”
article_29,20,assumption,3168,3170,.”
article_29,21,anecdote,3243,3244,”
article_29,22,anecdote,3244,3415,"who donated $10,000 each to the unsuccessful 2012 U.S. Senate campaign in New York of Wendy Long, a Republican he had known since attending Dartmouth College in the 1980s"
article_29,23,anecdote,3418,3528,He was sentenced to five years of probation after telling the judge he was ashamed of his actions and contrite
article_29,24,testimony,3529,3645,"“I cannot believe how stupid I was, how careless, and how irresponsible,” D’Souza wrote in a statement to the judge"
article_29,25,assumption,3648,3713,Some conservatives complained of selective prosecution of D’Souza
article_29,26,anecdote,3714,3813,"The prosecutor, Manhattan U.S. Attorney Preet Bharara, was an Obama appointee later fired by Trump"
article_29,27,assumption,3890,3893,ara
article_29,28,testimony,3896,3997,KARMA IS A BITCH DEPT: @PreetBharara wanted to destroy a fellow Indian American to advance his career
article_29,29,testimony,4003,4049,"he got fired & I got pardoned,” D’Souza wrote"
article_29,30,testimony,4052,4269,"Bharara earlier said on Twitter: “The President has the right to pardon but the facts are these: D’Souza intentionally broke the law, voluntarily pled guilty, apologized for his conduct & the judge found no unfairness"
article_29,31,testimony,4270,4320,The career prosecutors and agents did their job.”
article_29,32,assumption,4322,4417,Stewart and Blagojevich both were involved with Trump’s “Apprentice” reality TV television show
article_29,33,anecdote,4420,4588,Blagojevich was convicted of corruption offenses including soliciting bribes for appointment to the U.S. Senate seat Obama vacated after being elected president in 2008
article_29,34,anecdote,4591,4736,"Last August, Trump pardoned Arpaio less than a month after his conviction for criminal contempt in a case involving racial profiling of Hispanics"
article_29,35,assumption,4737,4823,Arpaio was known for his crackdown on illegal immigrants in Arizona’s Maricopa County
article_29,36,anecdote,4826,4916,Libby was convicted in 2007 of lying in an investigation into the unmasking of a CIA agent
article_29,37,anecdote,4919,5019,"Trump last week posthumously pardoned boxer Jack Johnson, the first black world heavyweight champion"
article_29,38,anecdote,5020,5096,who was jailed a century ago because of his relationship with a white woman
article_29,39,other,5124,5142,and Steve Holland
article_29,40,other,5143,5180,Additional reporting by Makini Brice
article_29,41,other,5189,5208,by Will Dunham and
article_29,42,other,5214,5221,Cooney
article_30,0,other,0,6,Donald
article_30,1,assumption,32,167,"The White House blasted the outgoing head of the Office of Government Ethics, Walter Shaub, just days before he's set to leave the post"
article_30,2,assumption,173,348,"White House's statement, provided to The New York Times, came in response to Shaub's persistent criticism of the administration in the days since he announced his resignation"
article_30,3,testimony,351,656,"""Mr. Schaub's penchant for raising concerns on matters well outside his scope with the media before ever raising them with the White House — which happens to be his actual day job — is rather telling,"" White House spokesperson Lindsay Walters, said in a statement to the Times that misspelled Shaub's name"
article_30,4,testimony,659,745,"""The truth is, Mr. Schaub is not interested in advising the executive branch on ethics"
article_30,5,testimony,746,843,"He's interested in grandstanding and lobbying for more expansive powers in the office he holds."""
article_30,6,anecdote,845,1102,Walters' statement came in response to a Times interview with Shaub in which he criticized the administration's handling of ethics guidelines and made a laundry list of new proposals he recommends the government takes to help limit and handle ethical snafus
article_30,7,testimony,1105,1199,"Shaub said the administration has made the US ""pretty close to a laughingstock at this point."""
article_30,8,testimony,1201,1379,"""It's hard for the United States to pursue international anticorruption and ethics initiatives when we're not even keeping our own side of the street clean,"" Shaub told the Times"
article_30,9,testimony,1380,1409,"""It affects our credibility."
article_30,10,testimony,1409,1476,"... I think we are pretty close to a laughingstock at this point."""
article_30,11,assumption,1478,1590,Shaub was particularly critical of President Donald Trump's constant weekend trips to his clubs and golf courses
article_30,12,anecdote,1591,1717,"Just this past weekend, Trump attended the US Women's Open golf tournament being held at his Bedminster, New Jersey golf club"
article_30,13,anecdote,1718,1800,The president repeatedly promoted the event on Twitter while he was in attendance
article_30,14,testimony,1803,1875,"""It creates the appearance of profiting from the presidency,"" Shaub said"
article_30,15,testimony,1876,2025,"""Misuse of position is really the heart of the ethics program, and the internationally accepted definition of corruption is abuse of entrusted power"
article_30,16,testimony,2026,2136,"It undermines the government ethics program by casting doubt on the integrity of government decision making."""
article_30,17,assumption,2138,2375,"Shaub's recommendations included forcing presidential candidates to release their tax returns, providing the OGE with subpoena power, and giving the office additional power when it comes to dealing with presidential conflicts of interest"
article_30,18,anecdote,2383,2459,"to Trump, every major party candidate since 1976 released their tax returns"
article_30,19,assumption,2473,2534,", the victorious candidates have divested from their holdings"
article_30,20,assumption,2535,2741,"Trump, with holdings that far outpace any president before him, has not, instead allowing his two adult sons, Donald Jr. and Eric, in addition to a senior Trump Organization employee, to control his assets"
article_30,21,testimony,2744,2884,"""Other presidents have understood it is a pragmatic necessity,"" Shaub, who is joining the Campaign Legal Center after he leaves office, said"
article_30,22,testimony,2885,2946,"""This president seems to think it is a perk of high office."""
article_30,23,testimony,2948,3138,"Shaub, who was appointed by President Barack Obama to a five-year term as head of the OGE that began in January of 2013, said he did not want his role to be that of challenging the president"
article_30,24,testimony,3141,3186,"""I would not have picked this fight,"" he said"
article_30,25,testimony,3187,3241,"""But I have never been one to shy away from bullies."""
article_30,26,other,3266,3279,. Scott Apple
article_30,27,anecdote,3286,3391,Shaub announced in a letter to Trump earlier this month that he would resign ahead of the end of his term
article_30,28,anecdote,3392,3435,which was scheduled to end in January 2018
article_30,29,assumption,3436,3466,Shaub's last day is Wednesday
article_30,30,testimony,3469,3706,"In an interview with NPR shortly after his announcement, Shaub said ""the current situation has made it clear that the ethics program needs to be stronger than it is. At the Campaign Legal Center, I'll have more freedom to push for reform"
article_30,31,testimony,3707,3795,"I'll also be broadening my focus to include ethics issues at all levels of government."""
article_30,32,assumption,3797,3932,Shaub has been sharply critical of both Trump and his administration's ethical quandaries during the president's early months in office
article_30,33,assumption,3935,4096,"The OGE pushed Trump to fully divest from his businesses ahead of taking office and placing his assets into a blind trust, a move Trump subsequently did not make"
article_30,34,testimony,4097,4373,"Shaub criticized the plan that involved Donald Jr. and Eric during a speech at the Brookings Institution prior to Trump's inauguration, saying it ""doesn't meet the standards that the best of his nominees are meeting and that every president in the past four decades has met."""
article_30,35,testimony,4375,4469,"""His sons are still running the businesses, and, of course, he knows what he owns,"" Shaub said"
article_30,36,assumption,4472,4552,Shaub has had a fraught relationship with the administration in the months since
article_30,37,assumption,4689,4767,a move with which the White House later complied after initially stonewalling
article_30,38,assumption,4768,4954,"The release of the waivers showed that several top White House officials, such as counselor Kellyanne Conway and chief strategist Steve Bannon, received ethics waivers for certain areas"
article_30,39,anecdote,5025,5027,"."""
article_31,0,anecdote,0,49,Jair Bolsonaro won Brazil’s presidential election
article_31,1,assumption,50,193,"The candidate promises to go after violent crimes but has gained a reputation for, what some are calling, extreme views and offensive comments"
article_31,2,anecdote,196,473,"Brazil’s Supreme Electoral Tribunal declared Sunday that anti-establishment congressman Jair Bolsonaro, a champion of traditional Brazilian values, has won the country&aposs election for the presidency of Latin America’s biggest country and the world’s fourth-largest democracy"
article_31,3,assumption,476,696,"Bolsonaro, who cast himself as a political outsider despite a 27-year career in Congress, is the latest of several leaders around the globe to gain prominence by mixing tough, often violent talk with right-wing positions"
article_31,4,assumption,697,966,"But he also is very much a product of a political tempest in Brazil that made his messages less marginalized: widespread anger at the political class amid years of corruption, an economy that has struggled to recover after a punishing recession and a surge in violence"
article_31,5,assumption,967,1033,"The name of his party, PSL, translates to ""Social Liberal Party,"""
article_31,6,assumption,1033,1110,although it largely abandoned its socially liberal platforms after he joined
article_31,7,assumption,1113,1274,"Bolstering his rebel image is his reputation for offensive statements and sometimes extreme views, including insulting women, black people and the LGBT community"
article_31,8,testimony,1277,1446,"“I’m afraid to go out at night when it gets dark,” said Raquel Nunes, 27, a secretary from Sao Paulo and an avid Bolsonaro supporter, as The Wall Street Journal reported"
article_31,9,testimony,1447,1567,"“But he’s going to solve this, he’s going to be firm, talking didn’t get us anywhere so we need to respond with force.”"
article_31,10,anecdote,1569,1717,"In a highly unusual moment, the chief justice of the Supreme Court, Jose Dias Toffoli, read out part of the Constitution to reporters after he voted"
article_31,11,testimony,1957,1975,extreme positions
article_31,12,anecdote,1978,1991,Supporters of
article_31,13,anecdote,1993,2122,"air Bolsonaro singing the national anthem in front of his house during the presidential runoff election in Rio de Janeiro, Brazil"
article_31,14,anecdote,2123,2133,on Sunday
article_31,15,statistics,2164,2239,"With 96 percent of ballots counted, Bolsonaro had 55.5 percent of the votes"
article_31,16,statistics,2240,2303,Leftist Fernando Haddad of the Workers’ Party had 44.5 percent
article_31,17,testimony,2339,2516,"“We have everything we need to become a great nation,” Bolsonaro said Sunday night in a video broadcast on his Facebook account shortly after he won, as The New York Times noted"
article_31,18,testimony,2517,2566,“Together we will change the destiny of Brazil.”
article_31,19,assumption,2568,2756,"Voters in Sunday’s runoff election apparently looked past warnings that the brash former army captain could erode democracy, and embraced a chance for radical change after years of turmoil"
article_31,20,testimony,2759,2904,"“I feel in my heart that things will change,” said Sandra Coccato, a 68-year-old small business owner, after she voted for Bolsonaro in Sao Paulo"
article_31,21,testimony,2905,3024,"“Lots of bad people are leaving, and lots of new, good people are entering. There’s a light at the end of the tunnel.”"
article_31,22,assumption,3026,3163,Bolsonaro’s campaign first gained traction with his promises to go after violent crime in a country that leads the world in homicides and
article_31,23,assumption,3163,3230,where many Brazilians live in daily fear of muggings or burglaries
article_31,24,assumption,3239,3445,", his vows to loosen gun laws and give police a freer hand to use force against suspects also have raised concerns that a Bolsonaro presidency could lead to a bloody crackdown and an erosion of civil rights"
article_31,25,anecdote,3448,3589,"A woman donning the official Workers' Party color celebrates after voting in the presidential runoff election in Sao Paulo, Brazil, on Sunday"
article_31,26,assumption,3618,3855,"The campaign gained momentum by winning over much of the business community with promises of enacting market-friendly reforms that would reduce the size of the Brazilian state, including cutting ministries and privatizing state companies"
article_31,27,assumption,3858,3925,His divisive politics have heightened disharmony between Brazilians
article_31,28,anecdote,3928,4006,"In Rio de Janeiro, his supporters set off fireworks on iconic Copacabana Beach"
article_31,29,anecdote,4007,4123,"In Sao Paulo, Brazil’s largest city, cars horns could be heard honking and crowds celebrated as the results came in"
article_31,30,anecdote,4124,4202,"In that same city, crowds gathered on a central avenue with banners and flags"
article_31,31,anecdote,4206,4288,people cheered and set off firecrackers in other neighborhoods as results came in
article_31,32,anecdote,4351,4474,Riot police separated supporters of Bolsonaro and those of his leftist rival Haddad when they briefly scuffled in Sao Paulo
article_31,33,statistics,4477,4635,Bolsonaro went into the election the clear front-runner after getting 46 percent of the votes to Haddad’s 29 percent in the first round of the election Oct. 7
article_31,34,statistics,4638,4730,After opinion polls in recent weeks had Bolsonaro leading by as much as 18 percentage points
article_31,35,assumption,4731,4769,the race had tightened in recent days
article_31,36,assumption,4770,4818,But Haddad was unable to make up the difference
article_31,37,testimony,4822,4851,I’m not crazy about Bolsonaro
article_31,38,testimony,4852,4988,"But he is our way to keep the Workers’ Party out of office,” said Rafaela Rosa, a 32-year-old teacher, after voting Sunday in Sao Paulo"
article_31,39,testimony,4989,5050,“We have had enough corruption and now we need to clean up.”
article_31,40,other,5066,5072,Press
article_31,41,other,5084,5099,to this report
article_32,0,assumption,0,162,President Barack Obama is expected to endorse changes to the way the government collects millions of Americans&apos phone records for possible future surveillance
article_32,1,testimony,241,326,", according to three U.S. officials familiar with the White House intelligence review"
article_32,2,assumption,329,592,That move would thrust much of the decision-making on Section 215 of the USA Patriot Act toward a branch of government that is deeply divided over the future of the surveillance apparatus and in no hurry to settle their differences and quickly enact broad changes
article_32,3,assumption,593,807,Among the key decisions Obama is expected to leave to Congress is whether the National Security Agency should continue hold the trove of phone records or move the data to the phone companies or another third party
article_32,4,assumption,810,988,"In a highly anticipated speech Friday, Obama is also expected to announce broader oversight of the process that helps determine which foreign leaders the U.S. government monitors"
article_32,5,assumption,989,1146,"And he&aposs likely to back increased privacy protections for foreign citizens, a step aimed at soothing international anger over U.S. surveillance programs"
article_32,6,assumption,1176,1257,ation of a monthslong review sparked by former NSA systems analyst Edward Snowden
article_32,7,anecdote,1258,1350,who leaked a trove of classified documents about the secret surveillance programs last year
article_32,8,testimony,1353,1614,"In another revelation about NSA activities, The New York Times reported Tuesday that the agency has implanted software in nearly 100,000 computers around the world -- but not in the United States -- that allows the U.S. to conduct surveillance on those machines"
article_32,9,testimony,1617,1912,"The NSA calls the effort an ""active defense"" and has used the technology to monitor units of China&aposs Army, the Russian military, drug cartels, trade institutions inside the European Union, and sometime U.S. partners against terrorism like Saudi Arabia, India and Pakistan, the Times reported"
article_32,10,testimony,1915,2089,White House officials on Tuesday cautioned that the review Obama has been conducting is not complete and that the president could make additional decisions in the coming days
article_32,11,anecdote,2090,2169,Obama is reviewing more than 40 recommendations from a presidential commission
article_32,12,assumption,2172,2343,The U.S. judiciary threw cold water on one proposal Obama has indicated he supports: putting an independent privacy advocate on the Foreign Intelligence Surveillance Court
article_32,13,assumption,2344,2391,which currently hears only from the government
article_32,14,testimony,2392,2580,"Speaking for the entire judiciary, U.S. District Judge John D. Bates said Tuesday that appointing an independent advocate to the secret court is unnecessary and possibly counterproductive"
article_32,15,testimony,2644,2766,aposs recommendation to strip the NSA of its authority to hold Americans&apos phone records has proven difficult for Obama
article_32,16,anecdote,2767,2986,The panel proposed moving the records to the phone companies or another third party and requiring the NSA to get separate authority from the Foreign Intelligence Surveillance Court each time it wants to access the data
article_32,17,assumption,3049,3053,NSA
article_32,18,testimony,3054,3275,"But officials say he is unlikely to announce specific entities he believes should hold the records in the future, in part because telephone companies have balked at the proposal to bring the data back under their control"
article_32,19,assumption,3276,3448,They&aposre worried about their exposure to lawsuits and the price tag if the U.S. government asks them to hold information about customers for longer than they already do
article_32,20,assumption,3451,3567,Some lawmakers are pushing for Obama to get specific in his recommendations about the future of the bulk collections
article_32,21,testimony,3570,3686,"""It would be useful to set a timeline for the restructuring of the metadata program,"" said Rep. Adam Schiff, D-Calif"
article_32,22,testimony,3687,3689,""""
article_32,23,testimony,3692,3768,"I would not make the reforms reliant in all cases on congressional action."""
article_32,24,assumption,3770,3856,Many privacy advocates support requiring Congress to codify any changes to Section 215
article_32,25,assumption,3857,3948,arguing that legislation is the only way to ensure they last beyond Obama&aposs presidency
article_32,26,testimony,3949,4121,And two phone executives said the cellular industry has told the government it would only accept changes to its role in the programs if they were legally required to do so
article_32,27,anecdote,4124,4170,The executives spoke on condition of anonymity
article_32,28,anecdote,4178,4259,they were not authorized to disclose the private discussions with the government
article_32,29,anecdote,4260,4376,The U.S. officials insisted on anonymity because they were not authorized to discuss the White House review by name
article_32,30,assumption,4379,4456,Section 215 has been one of the most controversial aspects of the Patriot Act
article_32,31,assumption,4457,4577,"which passed shortly after the Sept. 11, 2001, terrorist attacks and increased the government&aposs surveillance powers"
article_32,32,anecdote,4578,4616,Congress reauthorized the law in 2011
article_32,33,anecdote,4723,4774,"wide range of documents, including library records"
article_32,34,testimony,4775,5001,"It requires the government to show that there are ""reasonable grounds to believe"" that the records are relevant to an investigation intended to ""protect against international terrorism or clandestine intelligence activities."""
article_32,35,testimony,5003,5146,"Last month, a federal judge declared the program is probably unconstitutional and said there is little evidence it had thwarted any terror plot"
article_32,36,testimony,5147,5267,"The Justice Department has staunchly defended Section 215, saying it was narrowly written and has safeguarded liberties"
article_33,0,assumption,0,187,"Speaking at a memorial service held over the weekend in honor of Navy Yard shooting victims and their families, President Obama didn't miss another chance for a good crisis to go to waste"
article_33,1,anecdote,194,285,"President, I have now grieved with five American communities ripped apart by mass violence"
article_33,2,anecdote,286,296,Fort Hood
article_33,3,anecdote,297,304,Tucson
article_33,4,anecdote,305,312,Aurora
article_33,5,anecdote,313,324,Sandy Hook
article_33,6,anecdote,329,359,"now, the Washington Navy Yard"
article_33,7,assumption,364,429,these mass shootings occur against a backdrop of daily tragedies
article_33,8,assumption,430,433,as
article_33,9,assumption,433,566,an epidemic of gun violence tears apart communities across America -- from the streets of Chicago to neighborhoods not far from here
article_33,10,assumption,583,798,"yet, here in the United States, after the round-of-clock coverage on cable news, after the heartbreaking interviews with families, after all the speeches and all the punditry and all the commentary, nothing happens"
article_33,11,assumption,799,1040,"Alongside the anguish of these American families, alongside the accumulated outrage so many of us feel, sometimes I fear there’s a creeping resignation that these tragedies are just somehow the way it is, that this is somehow the new normal"
article_33,12,assumption,1049,1069,We can’t accept this
article_33,13,assumption,1070,1221,"As Americans bound in grief and love, we must insist here today there is nothing normal about innocent men and women being gunned down where they work"
article_33,14,assumption,1222,1303,There is nothing normal about our children being gunned down in their classrooms
article_33,15,assumption,1304,1383,There is nothing normal about children dying in our streets from stray bullets
article_33,16,assumption,1392,1454,No other advanced nation endures this kind of violence -- none
article_33,17,statistics,1455,1541,"Here in America, the murder rate is three times what it is in other developed nations"
article_33,18,statistics,1542,1619,The murder rate with guns is ten times what it is in other developed nations
article_33,19,assumption,1620,1661,And there is nothing inevitable about it
article_33,20,assumption,1662,1722,It comes about because of decisions we make or fail to make
article_33,21,assumption,1723,1765,And it falls upon us to make it different
article_33,22,assumption,1779,1867,But we Americans are not an inherently more violent people than folks in other countries
article_33,23,assumption,1868,1926,We're not inherently more prone to mental health problems
article_33,24,assumption,1927,2171,"The main difference that sets our nation apart, what makes us so susceptible to so many mass shootings, is that we don’t do enough -- we don’t take the basic, common-sense actions to keep guns out of the hands of criminals and dangerous people"
article_33,25,assumption,2172,2238,What's different in America is it's easy to get your hands on gun
article_33,26,assumption,2245,2267,a lot of us know this
article_33,27,assumption,2268,2300,"But the politics are difficult,"
article_33,28,assumption,2303,2328,we saw again this spring
article_33,29,assumption,2329,2454,And that’s sometimes where the resignation comes from -- the sense that our politics are frozen and that nothing will change
article_33,30,assumption,2463,2489,"Well, I cannot accept that"
article_33,31,assumption,2490,2759,"I do not accept that we cannot find a common-sense way to preserve our traditions, including our basic Second Amendment freedoms and the rights of law-abiding gun owners, while at the same time reducing the gun violence that unleashes so much mayhem on a regular basis"
article_33,32,assumption,2760,2791,And it may not happen tomorrow
article_33,33,assumption,2795,2823,it may not happen next week
article_33,34,assumption,2824,2853,it may not happen next month
article_33,35,assumption,2860,2875,it will happen
article_33,36,assumption,2876,2913,Because it's the change that we need
article_33,37,assumption,2918,2986,it's a change overwhelmingly supported by the majority of Americans
article_33,38,assumption,2995,3121,"By now, though, it should be clear that the change we need will not come from Washington, even when tragedy strikes Washington"
article_33,39,assumption,3122,3169,Change will come the only way it ever has come
article_33,40,assumption,3174,3206,that’s from the American people
article_33,41,assumption,3207,3287,"So the question now is not whether, as Americans, we care in moments of tragedy"
article_33,42,assumption,3288,3305,"Clearly, we care"
article_33,43,assumption,3306,3337,Our hearts are broken -- again
article_33,44,assumption,3338,3381,And we care so deeply about these families
article_33,45,assumption,3382,3422,"But the question is, do we care enough?"
article_33,46,assumption,3432,3433,?
article_33,47,assumption,3436,3494,"you don't support new ""common sense"" gun control measures"
article_33,48,assumption,3495,3547,you just don't care about preventing mass shootings
article_33,49,assumption,3548,3689,"And with all due respect, mass shootings are not the new normal and are not on the rise as President Obama would like the country to believe"
article_33,50,assumption,3690,3755,Violence in the streets of Chicago between rival gangs is normal
article_33,51,assumption,3756,3780,"Mass shootings, are not"
article_33,52,assumption,3799,3810,I Reported
article_33,53,assumption,3814,3829,Case of an 11-
article_33,54,assumption,3895,3932,Let's refresh what happened last week
article_33,55,anecdote,3933,4079,"Mad man Aaron Alexis, who was hearing aliens talk to him, purchased a shotgun legally at a Virginia gun store after passing two background checks"
article_33,56,anecdote,4080,4169,"He carved cryptic sayings into the shotgun like ""better off this way,"" and ""my elf gun."""
article_33,57,anecdote,4169,4223,"He then illegally took that gun into Washington D.C.,"
article_33,58,anecdote,4223,4289,illegally brought it into the Navy Yard and committed mass murder
article_33,59,assumption,4290,4383,"When it comes to more gun control, I'm not exactly sure what Obama is trying to get out here"
article_33,60,assumption,4384,4456,Is he implying we should institute more restrictions on basic shotguns?
article_33,61,assumption,4460,4467,what's
article_33,62,testimony,4473,4584,"Although Obama said in his remarks Sunday that changes in gun control will come from Americans, not Washington"
article_33,63,testimony,4585,4717,White House Press Secretary Jay Carney announced last week Obama is getting ready to take even more executive actions on the issue.
article_34,0,assumption,0,1,'
article_34,1,anecdote,29,65,weighs in on why CNN is standing by
article_34,2,anecdote,67,131,"Michael Cohen story that his lawyer, Lanny Davis, says is false"
article_34,3,testimony,134,260,"Lanny Davis, who has been engaged in high-stakes crisis management and political lawyering for decades, says he made a mistake"
article_34,4,assumption,263,372,"CNN, which relied on Davis at least in part for a story he now says is false, won&apost say it made a mistake"
article_34,5,assumption,375,543,And the contretemps contains a revealing look at the sausage-making of investigative reporting and the sometimes murky dance between reporters and their unnamed sources
article_34,6,testimony,669,740,telephone interview yesterday that he had made an error and regrets it
article_34,7,testimony,743,900,"""I should not be talking to reporters on background about something I&aposm not certain about,"" Davis told me, describing his interactions with CNN reporters"
article_34,8,testimony,901,973,"""The combination of big stakes and a big mistake is a bad moment for me"
article_34,9,testimony,974,1053,"If I had a redo in life, I wouldn&apost have said anything about the subject."""
article_34,10,testimony,1055,1110,"He added: ""I don&apost blame anyone other than myself."""
article_34,11,testimony,1112,1254,"After initially saying nothing, here is the sum total of CNN&aposs comment: ""We stand by our story, and are confident in our reporting of it."""
article_34,12,testimony,1254,1350,A CNN report yesterday said that Davis kept changing his story in his dealings with the network
article_34,13,other,1353,1377,Here&aposs the backstory
article_34,14,testimony,1576,1619,"law, campaign chairman and a Russian lawyer"
article_34,15,testimony,1620,1734,"""Cohen is willing to make that assertion to special counsel Robert Mueller,"" according to ""the sources,"" CNN said"
article_34,16,assumption,1772,1809,any advance knowledge of the meeting
article_34,17,assumption,1812,1958,"The story, whose bylines included Carl Bernstein and Jim Sciutto, was picked up by the broadcast networks and many other major media organizations"
article_34,18,assumption,1984,2104,"himself as an anonymous source for CNN, and says Cohen has no such information about advance knowledge by the president"
article_34,19,testimony,2107,2248,"In my interview, Davis said he told CNN reporters that he couldn&apost confirm the Trump Tower allegation but encouraged them to check it out"
article_34,20,assumption,2313,2325,green light
article_34,21,testimony,2328,2534,"""When I work for a client, whether it&aposs the White House or anybody else, and there&aposs something that might be true but I&aposm not sure, I have to not expect reporters to get it right,"" Davis told me"
article_34,22,testimony,2535,2647,He said he should have been more explicit in telling the CNN journalists not to pursue an unsubstantiated story
article_34,23,testimony,2650,2774,Davis added that he did not intentionally mislead CNN&aposs Anderson Cooper in saying he wasn&apost a source for the network
article_34,24,testimony,2775,2893,He meant that he wasn&apost a confirming source on the Trump Tower allegation and says he should have been more clear
article_34,25,assumption,2896,3002,Implicit in CNN standing by the story is that the network has other sources for the Trump Tower allegation
article_34,26,assumption,3003,3177,"But how could others have information about what Cohen believes when the president&aposs former lawyer is essentially saying, through Davis, that he has no such information?"
article_34,27,anecdote,3179,3357,"Cohen, of course, pleaded guilty last week to bank fraud, tax evasion and campaign finance violations related to hush money payments to two women making accusations against Trump"
article_34,28,anecdote,3427,3435,Twitter
article_34,29,assumption,3438,3506,The Washington Post handled its dealings with Davis very differently
article_34,30,anecdote,3507,3561,The Post had also dealt with him as an unnamed source
article_34,31,testimony,3566,3812,"the paper recounts, the day after the CNN story, ""The Post reported that Cohen had told associates that he witnessed an exchange in which Trump Jr. told his father about an upcoming gathering in which he expected to get information about Clinton"
article_34,32,testimony,3813,3914,The Post did not report that Trump Jr. told his father that the information was coming from Russians
article_34,33,testimony,3917,4107,"""The information in the Post story, which was attributed to one person familiar with discussions among Cohen&aposs friends, came from Davis, who is now acknowledging his role on the record."""
article_34,34,assumption,4109,4129,And that’s the thing
article_34,35,assumption,4130,4164,CNN doesn’t have to protect Davis
article_34,36,assumption,4165,4213,who has come clean about his role in the matter
article_34,37,assumption,4216,4341,"When the White House makes a mistake or clings to an unsubstantiated charge, news organizations hammer top officials about it"
article_34,38,assumption,4342,4470,Shouldn&apost a network have the same obligation to explain itself when an explosive story is denied by one of its own sources?
article_34,39,testimony,4472,4566,"Davis says he has learned a valuable lesson, and is ""pulling back"" on other claims he has made"
article_34,40,testimony,4567,4706,The Washington lawyer told MSNBC&aposs Rachel Maddow there were indications that Trump knew in advance of the hacking of Democratic emails
article_34,41,testimony,4709,4783,He said that was his belief but that he had no hard evidence to back it up
article_34,42,assumption,4786,4825,Lanny Davis has owned up to his mistake
article_34,43,assumption,4826,4906,We&aposll have to see what lessons are drawn by other players in this melodrama
article_35,0,assumption,0,62,Immigration continues to be a contentious sociopolitical issue
article_35,1,assumption,63,239,"with politicians, faith leaders and American citizens all weighing in on proposals to cope with the millions of illegals who are currently residing within the nation’s borders"
article_35,2,assumption,240,304,"Due to its complexities, finding common ground can be difficult"
article_35,3,assumption,313,539,"religious leaders like the Rev. Samuel Rodriguez, president of the National Hispanic Christian Leadership Conference (NHCLC), believe that it is possible to reach viable — and faith-based — solutions to the domestic conundrum"
article_35,4,anecdote,542,678,"TheBlaze recently interviewed Rodriguez, a prominent evangelical leader, to learn more about how he is tackling this controversial issue"
article_35,5,assumption,679,787,Considering the role that preachers have in American communities and the work Rodriguez has been engaged in
article_35,6,assumption,788,831,his perspective on this front is important
article_35,7,testimony,834,1074,"Among other observations, Rodriguez told TheBlaze that Christians’ views on immigration have changed dramatically over the past seven years, noting that progressive and conservative evangelicals, alike, are coming together like never before"
article_35,8,anecdote,1076,1196,we reported on a massive campaign bridging political divides earlier this year called “The Evangelical Immigration Table
article_35,9,testimony,1201,1499,"“It’s important to that conservative evangelicals today, as in comparison to seven years ago, serve as probably one of the most significant supportive groups in favor of comprehensive immigration reform,” he said, noting that just a few years ago these same individuals and collectives were opposed"
article_35,10,testimony,1500,1676,"“Today, because of groups like the Southern Baptists [and] Liberty Counsel…we are pushing immigration reform and we have a piece of legislation coming forth from Marco Rubio.”"
article_35,11,testimony,1678,1803,"Rodriguez noted that he believes the previous stance against reform was rooted in “spiritual, cultural and political myopia.”"
article_35,12,testimony,1803,2005,"Rather than a horizontal issue, the faith leader said that conservative evangelicals are now seeing the issue vertically and have woken up to the realities the nation is facing on the immigration front"
article_35,13,testimony,2013,2213,"outside of the political realm, Rodriguez noted that the most significant growth in Christianity is actually coming from these immigrants, making this as much a religious issue as it is one of policy"
article_35,14,testimony,2216,2299,"“Before it was a political issue. Now it’s a God and Christian issue,” he continued"
article_35,15,assumption,2302,2398,As for critics who might dismiss plans to provide a path to citizenship and other such proposals
article_35,16,anecdote,2527,2544,be given amnesty
article_35,17,testimony,2548,2625,"I agree they broke the law and they shouldn’t be given amnesty,” he responded"
article_35,18,testimony,2626,2707,“We have to ask ourselves what is the Biblical solution for those who are here.”
article_35,19,assumption,2709,2854,Rather than deporting them — something Rodriguez said simply isn’t a viable option — he advocated a more compassionate and understanding approach
article_35,20,testimony,2855,3017,"He also claimed that many of the 11 million people (estimated) who are here actually came to the country legally at some point, but some “overstayed their VISAs”"
article_35,21,statistics,3019,3136,a Wall Street Journal report corroborated that 40 percent of illegals did enter the nation legitimately at some point
article_35,22,testimony,3140,3280,He said that there’s a fact-versus-fiction paradigm that shows that many of these individuals have actually contributed to their communities
article_35,23,assumption,3281,3409,Rodriguez also highlighted his belief that it’s unfair to throw these individuals out when they have been living here for years
article_35,24,testimony,3412,3454,“Ronald Reagan would agree with me on this
article_35,25,testimony,3455,3548,"He was the one who said that these immigrants really embody the future of America,” he added"
article_35,26,testimony,3549,3673,"“True conservatism [means that] if we are to conserve the spirit of entrepreneurship, we want to welcome these immigrants.”"
article_35,27,assumption,3675,3739,It’s not as though the faith leader wants to open the floodgates
article_35,28,assumption,3740,3794,"Rodriguez is, in fact, calling for overarching reform"
article_35,29,assumption,3795,3910,"And he’s fully on-board with making illegals go to the back of the line, pay fines, and learn the English language"
article_35,30,testimony,4023,4074,— take someone 10 to 13 years to achieve this goal
article_35,31,assumption,4084,4181,for the contention between progressive and conservative evangelicals on a wide variety of issues
article_35,32,assumption,4182,4244,Rodriguez spoke candidly about immigration as a uniting force
article_35,33,testimony,4245,4491,"He said that it has been the most unifying issue he’s observed in quite some time among evangelicals — so powerful, in fact, that it has conservative evangelicals like Rodriguez finding common ground with progressives like Sojourners’ Jim Wallis"
article_35,34,testimony,4494,4547,"“We coalesce around welcoming the stranger,” he said,"
article_35,35,assumption,4554,4624,that Matthew 25 is a key Bible verse in the immigration reform debate
article_35,36,testimony,4660,4666,me in
article_35,37,testimony,4700,4703,me
article_35,38,testimony,4704,4739,I was sick and you looked after me
article_35,39,testimony,4740,4819,"I was in prison and you came to visit me,” reads a portion of Matthew 25:35-36"
article_35,40,assumption,4822,5035,Rodriguez’s comments come at the same time that a bi-partisan immigration plan is being proposed to help cope with the nation’s borders as well as the 11 million illegals who are estimated to be living within them
article_35,41,anecdote,5036,5102,TheBlaze told you about the proposal’s contents earlier this week
article_35,42,other,5105,5109,What
article_35,43,other,5122,5123,?
article_36,0,anecdote,127,157,10th Circuit Court of Appeals
article_36,1,assumption,160,223,Trump knew this choice really mattered to those who elected him
article_36,2,statistics,224,333,"In fact, of voters who said the Supreme Court was their number one issue, 56 percent of them voted for Trump"
article_36,3,assumption,334,407,The president promised a constitutionalist in the mold of Antonin Scalia
article_36,4,assumption,411,439,with Gorsuch he's delivered
article_36,5,testimony,468,656,"Trump told a crowd gathered in the White House Tuesday night, ""I promised to select someone who respects our laws and is representative of our Constitution and who loves our Constitution."""
article_36,6,testimony,658,946,"Gorsuch told the same audience, ""The Supreme Court's work is vital not just to a region of the country but to the whole, vital to the protection of the people's liberties under law and to the continuity of our Constitution, the greatest charter of human liberty the world has ever known."""
article_36,7,testimony,948,1062,Trump said he'd thought longer and harder about this pick than any other he's made as president or president-elect
article_36,8,testimony,1063,1078,That's because
article_36,9,testimony,1082,1201,"he pointed out, a justice could serve 40 or 50 years and make decisions that could affect generations across centuries"
article_36,10,testimony,1231,1367,"""He will be a superlative Supreme Court Justice,"" John Malcolm, The Heritage Foundation's veteran Supreme Court-watcher, said of Gorsuch"
article_36,11,testimony,1370,1484,Malcolm says he can understand from Gorsuch's past rulings and writings why Trump would choose the Colorado native
article_36,12,testimony,1487,1553,"""He is clearly a constitutionalist judge,"" the legal expert stated"
article_36,13,testimony,1554,1628,"""He looks deeply and studies the text and structure of the Constitution."""
article_36,14,testimony,1630,1708,"Malcolm then added, ""He has a sparkling writing style much like Antonin Scalia"
article_36,15,testimony,1709,1835,"But more important, he's a very, very deep thinker who's written some incredibly scholarly opinions on a whole host of issues"
article_36,16,testimony,1836,1896,"His opinions are always thoughtful and well worth reading."""
article_36,17,assumption,1898,1930,"Is He ""Extreme"" or ""Mainstream?"""
article_36,18,assumption,1932,1968,Naming the nominee was the easy part
article_36,19,assumption,1969,2040,But Senate Democrats have promised a bruising battle over confirmation
article_36,20,assumption,2041,2133,"Americans will hear over and over again how Trump's pick is ""extreme"" and not ""mainstream."""
article_36,21,assumption,2135,2307,"And the Democrats' Senate leader, Charles Schumer, has sworn to fight ""tooth and nail"" against any high court nominee who isn't ""mainstream"" in the opinion of the Democrats"
article_36,22,assumption,2310,2445,Some pledged to fight ANY Trump nominee - a vow that elicited a withering rebuke this week from White House press secretary Sean Spicer
article_36,23,testimony,2448,2680,"Responding to a question from CBN News' David Brody, Spicer said of those Democrats, ""Before they've even heard who this individual is, you've got some of them saying 'absolutely no.' That just shows you that it's all about politics"
article_36,24,testimony,2681,2712,"It's not about qualification."""
article_36,25,assumption,2717,2751,ate Once Confirmed Him Unanimously
article_36,26,testimony,2753,2888,"Trump pointed out of Gorsuch, ""When he was nominated to the 10th Circuit Court of Appeals, he was confirmed by the Senate unanimously."""
article_36,27,testimony,2890,3060,"Regarding the coming confirmation hearings and vote, Trump said, ""I only hope that both Democrats and Republicans can come together for once for the good of the country."""
article_36,28,assumption,3062,3150,Malcolm believes Democrats will attack but with Gorsuch's sterling record and reputation
article_36,29,assumption,3151,3187,he's not sure how or on what fronts
article_36,30,testimony,3190,3349,"""You never really can replace a legal lion like Antonin Scalia, but a fitting successor to Antonin Scalia: Neil Gorsuch certainly fits that mold,"" Malcolm said"
article_36,31,testimony,3350,3352,""""
article_36,32,testimony,3355,3478,"I expect that at the end of the day, he will get confirmed despite some heated opposition from some pretty mad Democrats."""
article_36,33,testimony,3480,3526,"He added, ""It's hard to go after Judge Gorsuch"
article_36,34,testimony,3527,3559,"He's such a thoughtful jurist."""
article_36,35,assumption,3563,3610,"Abortion Rulings, But May Still Be a Hot Topic"
article_36,36,assumption,3612,3738,Malcolm did mention that abortion is often one of the most controversial topics when it comes to confirming justices or judges
article_36,37,testimony,3741,3861,"""He (Gorsuch) hasn't written any opinions per se in the area of abortion, which tends to be a hot-button issue,"" he said"
article_36,38,testimony,3862,3978,"""But he did write a book, actually, based on his doctoral dissertation on euthanasia and physician-assisted suicide"
article_36,39,testimony,3979,4064,And he said that the reason he opposed those is because of the inviolability of life
article_36,40,testimony,4065,4119,"So perhaps that gets some insight into his thinking."""
article_36,41,assumption,4121,4123,On
article_36,42,assumption,4127,4382,"issue of religious liberty, Gorsuch ruled for both Hobby Lobby and Little Sisters of the Poor in their legal battles against being forced to cover abortifacient contraceptives for their employees - something that would've violated their religious beliefs"
article_36,43,testimony,4385,4486,"Malcolm pointed out, ""If you care about religious freedom, there's a lot to like about Neil Gorsuch."""
article_36,44,testimony,4488,4567,"As for Gorsuch, he said he's ready for whatever his critics in the Senate bring"
article_36,45,testimony,4570,4667,"""I consider the United States Senate the greatest deliberative body in the world,"" Gorsuch stated"
article_36,46,testimony,4668,4765,"""And I respect the important role the Constitution affords it in the confirmation of our judges."
article_36,47,assumption,4767,4901,"Senate Democrats have already delayed moving on some of Trump's cabinet choices, including attorney general nominee Sen. Jeff Sessions"
article_36,48,assumption,4902,4906,But
article_36,49,assumption,4906,4969,Gorsuch could face the hardest confirmation battle of them all
article_36,50,other,4972,4985,Stay informed
article_36,51,other,4994,5006,latest from
article_36,52,other,5010,5015,News
article_36,53,other,5025,5028,to
article_37,0,anecdote,248,264,Trade Agreement
article_37,1,assumption,331,429,", a shift that could soften the international blow amid threats of retaliation by trading partners"
article_37,2,testimony,464,502,sign the orders on Thursday afternoon
article_37,3,assumption,505,582,opponents of the tariffs engaged in last-minute lobbying to blunt the impact
article_37,4,testimony,585,767,"""We're going to be very fair, we're going to be very flexible but we're going to protect the American worker as I said I would do in my campaign,"" Trump said during a Cabinet meeting"
article_37,5,testimony,770,1007,"The president reiterated that he would levy tariffs of 25 percent on imported steel and 10 percent on aluminum but would ""have a right to go up or down depending on the country and I'll have a right to drop out countries or add countries"
article_37,6,testimony,1008,1031,"I just want fairness."""
article_37,7,testimony,1126,1132,talks
article_37,8,assumption,1139,1177,are expected to resume in early April
article_37,9,assumption,1180,1457,"The process of announcing the penalties has been the subject of an intense debate and chaotic exchanges within the White House, pitting hard-liners against free trade advocates such as outgoing economic adviser Gary Cohn aiming to add more flexibility for U.S. trading partners"
article_37,10,assumption,1460,1526,The fight over tariffs comes amid intense turmoil in the West Wing
article_37,11,assumption,1527,1650,which has seen waves of departures and negative news stories that have left Trump increasingly isolated in the Oval Office
article_37,12,testimony,1651,1753,according to two senior officials speaking on the condition of anonymity to discuss internal thinking
article_37,13,anecdote,1754,1830,Trump was still hearing last-minute pleas from opponents of the tariff plan
article_37,14,testimony,1835,1912,White House officials said they couldn't predict how the day would shake out
article_37,15,anecdote,1915,2015,Steel and aluminum workers were invited to the White House for the afternoon announcement with Trump
article_37,16,testimony,2018,2324,"Peter Navarro, Trump's trade and manufacturing adviser, said in an interview on Fox Business on Wednesday that the tariffs would go into effect within about 15 to 30 days and that the proclamation signed by the president would include a clause that would not immediately impose tariffs on Canada and Mexico"
article_37,17,testimony,2327,2460,"Press secretary Sarah Huckabee Sanders told reporters the exemptions would be made on a ""case by case"" and ""country by country"" basis"
article_37,18,assumption,2567,2585,from Trump's plan
article_37,19,assumption,2588,2791,"Congressional Republicans and business groups are bracing for the impact of the tariffs, appearing resigned to additional protectionist trade actions as Trump signals upcoming economic battles with China"
article_37,20,assumption,2794,2984,"The looming departure of Cohn, a former Goldman Sachs executive who has opposed the promised tariffs, set off anxiety among business leaders and investors worried about a potential trade war"
article_37,21,testimony,2987,3168,"""We urge you to reconsider the idea of broad tariffs to avoid unintended negative consequences to the U.S. economy and its workers,"" 107 House Republicans wrote in a letter to Trump"
article_37,22,anecdote,3171,3330,"At the White House, officials were working to include language in the tariffs that would give Trump the flexibility to approve exemptions for certain countries"
article_37,23,testimony,3333,3485,"""He's already indicated a degree of flexibility, I think a very sensible, very balanced degree of flexibility,"" Commerce Secretary Wilbur Ross told CNBC"
article_37,24,testimony,3486,3527,"""We're not trying to blow up the world."""
article_37,25,assumption,3529,3585,Trump signaled other trade actions could be in the works
article_37,26,testimony,3586,3667,"In a tweet, he said the ""U.S. is acting swiftly on Intellectual Property theft."""
article_37,27,testimony,3667,3904,"A White House official said Trump was referencing an ongoing investigation of China in which the U.S. trade representative is studying whether Chinese intellectual property rules are ""unreasonable or discriminatory"" to American business"
article_37,28,testimony,3907,4147,"The official, who was not authorized to discuss internal deliberations and spoke on the condition of anonymity, said an announcement on the findings of the report - and possible retaliatory actions - was expected within the next three weeks"
article_37,29,assumption,4150,4359,"Business leaders, meanwhile, continued to sound the alarm about the potential economic fallout from tariffs, with the president and CEO of the U.S. Chamber of Commerce raising the specter of a global trade war"
article_37,30,testimony,4360,4488,"That scenario, Tom Donohue said, would endanger the economic momentum from the GOP tax cuts and Trump's rollback of regulations"
article_37,31,testimony,4491,4561,"""We urge the administration to take this risk seriously,"" Donohue said"
article_37,32,testimony,4564,4699,The president has said the tariffs are needed to reinforce lagging American steel and aluminum industries and protect national security
article_37,33,assumption,4700,4782,He has tried to use the tariffs as leverage in ongoing talks to renegotiate NAFTA
article_37,34,assumption,4783,4904,suggesting Canada and Mexico might be exempted from tariffs if they offer more favorable terms under the trade agreement
article_37,35,other,4937,4943,Press
article_37,36,other,4979,4983,may
article_37,37,other,4987,4990,be
article_37,38,other,5000,5022,", broadcast, rewritten"
article_37,39,other,5025,5041,redistributed.)
article_37,40,other,5047,5056,informed
article_37,41,other,5065,5077,latest from
article_37,42,other,5081,5086,News
article_37,43,other,5096,5099,to
article_38,0,anecdote,0,1,W
article_38,1,testimony,17,271,"President Donald Trump has provided the special counsel with written answers to questions about his knowledge of Russian interference in the 2016 election, his lawyers said Tuesday, avoiding at least for now a potentially risky sit-down with prosecutors"
article_38,2,anecdote,328,347,long investigation
article_38,3,assumption,350,524,The step is a milestone in the negotiations between Trump’s attorneys and special counsel Robert Mueller’s team over whether and when the president might sit for an interview
article_38,4,assumption,527,613,"The compromise outcome, nearly a year in the making, offers some benefit to both sides"
article_38,5,assumption,614,685,Trump at least temporarily averts the threat of an in-person interview
article_38,6,assumption,686,723,which his lawyers have long resisted
article_38,7,assumption,730,867,Mueller secures on-the-record statements whose accuracy the president will be expected to stand by for the duration of the investigation
article_38,8,assumption,870,957,The responses may also help stave off a potential subpoena fight over Trump’s testimony
article_38,9,assumption,960,992,Mueller deems them satisfactory
article_38,10,assumption,993,1140,They represent the first time the president is known to have described to investigators his knowledge of key moments under scrutiny by prosecutors
article_38,11,assumption,1143,1197,But investigators may still press for more information
article_38,12,anecdote,1200,1516,Mueller’s team months ago presented Trump’s legal team with dozens of questions they wanted to ask the president related to whether his campaign coordinated with the Kremlin to tip the 2016 election and whether he sought to obstruct the Russia probe by actions including the firing of former FBI Director James Comey
article_38,13,anecdote,1517,1675,"The investigators agreed to accept written responses to questions about potential Russian collusion and tabled, for the moment, obstruction-related inquiries"
article_38,14,assumption,1678,1776,Mueller left open the possibility that he would follow up with additional questions on obstruction
article_38,15,assumption,1777,1987,though Trump’s lawyers - who had long resisted any face-to-face interview - have been especially adamant that the Constitution shields him from having to answer any questions about actions he took as president
article_38,16,testimony,1990,2210,"Trump attorney Jay Sekulow offered no details on the current Q&A, saying merely that “the written questions submitted by the special counsel’s office … dealt with issues regarding the Russia-related topics of the inquiry"
article_38,17,testimony,2211,2248,The president responded in writing.”
article_38,18,testimony,2248,2400,He said the legal team would not release copies of the questions and answers or discuss any correspondence it has had with the special counsel’s office
article_38,19,testimony,2403,2604,"Another of Trump’s lawyers, Rudy Giuliani, said the lawyers continue to believe that “much of what has been asked raised serious constitutional issues and was beyond the scope of a legitimate inquiry.”"
article_38,20,testimony,2604,2739,"He said Mueller’s office had received “unprecedented cooperation from the White House,” including about 1.4 million pages of materials"
article_38,21,testimony,2742,2807,"“It is time to bring this inquiry to a conclusion,” Giuliani said"
article_38,22,testimony,2810,2891,The president told reporters last week that he had prepared the responses himself
article_38,23,testimony,2894,3006,"Trump said in a Fox News interview that aired Sunday that he was unlikely to answer questions about obstruction,"
article_38,24,testimony,3006,3113,"saying, “I think we’ve wasted enough time on this witch hunt and the answer is, probably, we’re finished.”"
article_38,25,anecdote,3115,3224,Trump joins a list of recent presidents who have submitted to questioning as part of a criminal investigation
article_38,26,anecdote,3227,3396,"In 2004, President George W. Bush was interviewed by special counsel Patrick Fitzgerald’s office during an investigation into the leaked identity of a covert CIA officer"
article_38,27,anecdote,3397,3527,"In 1998, President Bill Clinton testified before a federal grand jury in independent counsel Ken Starr’s Whitewater investigation"
article_38,28,testimony,3531,3841,"It’s very extraordinary if this were a regular case, but it’s not every day that you have an investigation that touches upon the White House,” Solomon Wisenberg, a Washington lawyer who was part of Starr’s team and conducted the grand jury questioning of Clinton, said of a prosecutor accepting written answers"
article_38,29,assumption,3844,3910,Mueller could theoretically still try to subpoena the president if
article_38,30,assumption,3910,3952,he feels the answers are not satisfactory
article_38,31,assumption,3955,4160,"But Justice Department leaders, including acting Attorney General Matthew Whitaker - who now oversees the investigation and has spoken pejoratively of it in the past - would have to sign off on such a move"
article_38,32,assumption,4165,4201,it’s far from clear that they would
article_38,33,assumption,4202,4302,It’s also not clear that Mueller’s team would prevail if a subpoena fight reached the Supreme Court
article_38,34,testimony,4306,4373,Mueller certainly could have forced the issue and issued a subpoena
article_38,35,testimony,4374,4378,but
article_38,36,testimony,4378,4473,"I think he wants to present a record of having bent over backwards to be fair,” Wisenberg said"
article_38,37,assumption,4476,4589,The Supreme Court has never directly ruled on whether a president can be subpoenaed to testify in a criminal case
article_38,38,anecdote,4590,4656,Clinton was subpoenaed to appear before the Whitewater grand jury
article_38,39,anecdote,4661,4735,investigators withdrew the subpoena after he agreed to appear voluntarily
article_38,40,assumption,4738,4873,Other cases involving Presidents Richard Nixon and Clinton have presented similar issues for the justices that could be instructive now
article_38,41,anecdote,4876,4977,"In 1974, for instance, the court ruled that Nixon could be ordered to turn over subpoenaed recordings"
article_38,42,anecdote,4978,5019,a decision that hastened his resignation
article_38,43,anecdote,5020,5136,The court in 1997 said Clinton could be questioned under oath in a sexual harassment lawsuit brought by Paula Jones
article_38,44,other,5139,5148,Copyright
article_38,45,other,5170,5176,Times
article_39,0,testimony,125,270,"days following the Benghazi terror attacks to portray the incident as “rooted in [an] Internet video, and not [in] a broader failure or policy.”"
article_39,1,assumption,270,457,Emails sent by senior White House adviser Ben Rhodes to other top administration officials reveal an effort to insulate President Barack Obama from the attacks that killed four Americans
article_39,2,anecdote,458,671,Rhodes sent this email to top White House officials such as David Plouffe and Jay Carney just a day before National Security Adviser Susan Rice made her infamous Sunday news show appearances to discuss the attack
article_39,3,testimony,674,822,"The “goal,” according to these emails, was “to underscore that these protests are rooted in an Internet video, and not a broader failure or policy.”"
article_39,4,assumption,827,895,came under fierce criticism following her appearances on television
article_39,5,assumption,988,994,video
article_39,6,assumption,1117,1127,officials
article_39,7,other,1138,1149,screenshot
article_39,8,other,1176,1194,another important
article_39,9,anecdote,1208,1393,"Also contained in the 41 pages of documents obtained by Judicial Watch is a Sep. 12, 2012 email from Payton Knopf, the former deputy spokesman at the U.S. Mission to the United Nations"
article_39,10,testimony,1394,1533,"In this communication, Knopf informs Rice that senior officials had already dubbed the Benghazi attack as “complex” and planned in advance"
article_39,11,testimony,1534,1613,"Despite this information, Rice still insisted that attacks were “spontaneous.”"
article_39,12,anecdote,1667,1681,it was clearly
article_39,13,anecdote,1683,1698,complex attack
article_39,14,other,1771,1804,Let's unpack this new information
article_39,15,assumption,1849,2028,"we've recently seen with the IRS scandal, the Benghazi outrage continues to produce previously unseen evidence -- destroying Democrats' disgraceful ""phony scandals"" talking point"
article_39,16,assumption,2029,2098,The White House began aggressively dismissing both stories last year
article_39,17,anecdote,2142,2223,"House claimed to have released ""all"" of its emails on Benghazi nearly a year ago"
article_39,18,assumption,2224,2260,Gabe Malor asks the right question:
article_39,19,assumption,2260,2299,Why are we just seeing these ones now?
article_39,20,assumption,2304,2307,on
article_39,21,assumption,2455,2502,"four Americans, including a sitting Ambassador"
article_39,22,assumption,2503,2648,We knew that Hillary Clinton's State Department and the CIA were involved in the administration's historical revisionism surrounding this attack
article_39,23,assumption,2649,2726,"We now know for certain that top White House officials were in the loop, too"
article_39,24,assumption,2769,2784,his memorandum
article_39,25,assumption,2785,2838,the first three of which are misleading and/or false
article_39,26,assumption,2846,2946,The United States was not doing everything in its power to protect its people and facilities abroad
article_39,27,assumption,2951,2954,in
article_39,28,assumption,2959,2982,"hazi, and not elsewhere"
article_39,29,assumption,2990,3047,"The 9/11 attacks were not rooted in an ""internet video."""
article_39,30,assumption,3047,3119,The clip he's referencing made something of a splash in the Middle East
article_39,31,anecdote,3124,3240,"the State Department's second in command on the ground in Libya called it a ""non event"" vis-a-vis the Benghazi raid"
article_39,32,assumption,3241,3380,"The US government, including Sec. Clinton and CIA Director Petraeus, knew the attack was a coordinated terrorist action almost immediately"
article_39,33,assumption,3388,3471,"The administration has not been ""resolute"" in bringing the perpetrators to justice"
article_39,34,anecdote,3472,3534,More than a year-and-a-half has passed since the lethal event
article_39,35,assumption,3535,3617,"Zero people have been held responsible, neither in Washington nor Northern Africa"
article_39,36,other,3636,3638,I
article_39,37,assumption,3861,3863,"."""
article_39,38,assumption,3863,3885,What sort of failure?
article_39,39,other,3890,3900,your pick
article_39,40,assumption,3901,3998,How about fueling a war in Libya with no apparent strategy to handle the resulting power vacuum?
article_39,41,assumption,3998,4149,"Or rejecting repeated requests for an enhanced security presence in a city from which much of the West had withdrawn, due to growing jihadi dominance?"
article_39,42,assumption,4149,4270,Or renewing a lease on our compound with a waiver for substandard security after it had faced several attempted attacks?
article_39,43,assumption,4270,4378,Perhaps it was the lack of preparation for the contingency of a terrorist attack on the anniversary of 9/11
article_39,44,assumption,4379,4416,which resulted in hours of paralysis
article_39,45,assumption,4416,4422,while
article_39,46,assumption,4422,4457,American lives hung in the balance
article_39,47,assumption,4458,4545,Rhodes and company wanted to insulate the president from those glaring policy failures
article_39,48,assumption,4549,4596,they doctored up some deceptive talking points
article_39,49,assumption,4597,4604,As for
article_39,50,assumption,4608,4625,Susan Rice email
article_39,51,assumption,4626,4687,her staff obviously understood the true nature of the attack
article_39,52,assumption,4688,4754,"which she would later tell the American people was ""spontaneous."""
article_39,53,assumption,4754,4764,It wasn't
article_39,54,assumption,4765,4833,"It was a deliberate, orchestrated, al Qaeda-linked act of terrorism"
article_39,55,assumption,4834,4948,It's always seemed inconceivable that Rice wouldn't have been privy to those facts prior to her public statements
article_39,56,assumption,4949,5011,The newly-disclosed emails appear to confirm those suspicions
article_39,57,assumption,5012,5048,There can now be no remaining doubt
article_39,58,assumption,5049,5195,The administration's public response to the Benghazi attack was tainted by political considerations and deprived the American people of the truth
article_40,0,assumption,2,248,"President Obama and Capitol Hill leaders continue negotiations to avoid the looming “fiscal cliff,” top Democrats on Sunday ramped up pressure on their Republican counterparts to accept tax increases on the wealthy as part of a broader agreement"
article_40,1,testimony,342,394,’d accept a deal that didn’t include such provisions
article_40,2,assumption,397,582,"Republicans continue to reject those outright tax increases, but remain open to modifying the tax code and possibly eliminating some deductions, particularly those that benefit the rich"
article_40,3,assumption,583,795,"Mr. Obama has also softened his rhetoric in recent days, putting less emphasis on raising tax rates on the wealthy as long as more revenue comes from that income group by closing loopholes or through other means"
article_40,4,assumption,798,1032,Finding a palatable middle ground — one that allows Mr. Obama to claim he’s fulfilling campaign promises and allows Republicans to remain true to their no-tax-increases pledge — is key to getting a deal done before the end of the year
article_40,5,assumption,1035,1149,Democrats see openness from Republicans to adjust or eliminate deductions and loopholes as a window of opportunity
article_40,6,testimony,1154,1301,"the ongoing discussion between the two sides represents the best chance for a meaningful agreement, said Sen. Richard J. Durbin, Illinois Democrat"
article_40,7,testimony,1304,1336,“It’s an invitation for our side
article_40,8,testimony,1339,1362,You have to be careful
article_40,9,testimony,1366,1420,"you talk about taxes, [Republicans] run for the hills"
article_40,10,testimony,1425,1545,"if you talk about revenue and tax reform, they sit still for that conversation,” he said on CNN’s “State of the Union.”"
article_40,11,assumption,1547,1691,"But congressional Republicans are also under pressure to push for deeper, more permanent changes to the way the federal government does business"
article_40,12,assumption,1692,1877,"Young leaders in the party, such as new Republican Governors Association Chairman Gov. Bobby Jindal of Louisiana, urged his party to tackle the root causes of the nation’s fiscal peril"
article_40,13,testimony,1880,1979,"“I guarantee, if they just put a Band-Aid on this, we’ll be in another fiscal cliff in a few months"
article_40,14,testimony,1980,2268,"We need structural changes, and that could be a balanced-budget amendment to the Constitution … a limit on the growth in government spending so it can’t grow faster than the economy or population growth, limiting government spending as a percentage of GDP,” he said on “Fox News Sunday.”"
article_40,15,testimony,2270,2331,"“Without those structural changes, we’re not getting anywhere"
article_40,16,testimony,2332,2385,"This is just kicking the can down the road,” he said"
article_40,17,assumption,2733,2763,members of the administration
article_40,18,anecdote,2865,3001,with tax cuts set to expire for all taxpayers on Jan. 1 and automatic spending cuts due to hit most government agencies in the new year
article_40,19,testimony,3004,3219,"“Our challenge is to make sure that we are able to cooperate together, work together, find some common ground, make some tough compromises, build some consensus to do the people’s business,” Mr. Obama said on Friday"
article_40,20,testimony,3220,3296,"“What folks are looking for, and I think all of us agree on this, is action"
article_40,21,testimony,3297,3392,"They want to see that we are focused on them, not focused on our politics here in Washington.”"
article_40,22,assumption,3394,3587,"Mr. Obama has been calling for any deal to include tax increases on families earning more than $250,000 per year, while insisting that tax cuts be preserved for families below that income level"
article_40,23,assumption,3590,3829,"In the days following Mr. Obama’s re-election victory over Republican Mitt Romney, Mr. Boehner offered something of an olive branch to the White House, signaling that some form of revenue increases would be on the table during negotiations"
article_40,24,assumption,3832,3982,But several Republicans on Sunday reiterated that they’re much more interested in pursuing deep spending cuts rather than focusing on the revenue side
article_40,25,testimony,3985,4241,"“Because what happens in Washington, D.C., is … we do an increase in taxes today, and we promise that there’s going to be spending cuts 10 years from now. And it never happens,” said Rep. Raul Labrador, Idaho Republican, speaking on NBC’s “Meet the Press.”"
article_40,26,testimony,4243,4388,"Rep. Tom Price, Georgia Republican, said the GOP simply isn’t convinced that tax increases will have any real impact on deficit-reduction efforts"
article_40,27,testimony,4391,4455,"“It doesn’t solve the problem,” he said on “State of the Union.”"
article_40,28,assumption,4457,4578,But Democrats are using similar arguments to attack the Republican-backed plan of tax reform and the closing of loopholes
article_40,29,testimony,4581,4669,"“Just to close loopholes is far too little money,” Ms. Pelosi said on ABC’s “This Week.”"
article_40,30,testimony,4671,4672,“
article_40,31,testimony,4674,4827,"it’s going to bring in [the necessary] revenue, the president has been very clear that the higher-income people have to pay their fair share,” she added"
article_40,32,other,4830,4839,Copyright
article_40,33,other,4861,4867,Times
article_41,0,anecdote,20,144,Violent protests broke out in suburban St. Louis after another black 18-year-old was fatally shot by a white police officer
article_41,1,testimony,147,361,St. Louis County Police Chief Jon Belmar said the officer was questioning the 18-year-old and another man about a theft late Tuesday at a convenience store in Berkeley when the young man pulled a 9mm handgun on him
article_41,2,testimony,362,459,"The officer stumbled backward but fired three shots, one of which struck the victim, Belmar said"
article_41,3,anecdote,462,514,"Berkeley is just a few miles from Ferguson, Missouri"
article_41,4,anecdote,515,612,"where a white police officer fatally shot Michael Brown, an unarmed black 18-year-old, on Aug. 9"
article_41,5,anecdote,662,677,demonstrations
article_41,6,assumption,681,819,a grand jury’s decision to not charge Officer Darren Wilson in the shooting has spurred a nationwide movement to protest police brutality
article_41,7,anecdote,845,862,in Missouri shot
article_41,8,anecdote,863,870,killed
article_41,9,anecdote,874,889,who pulled gun
article_41,10,anecdote,891,949,Belmar declined to name the 18-year-old killed in Berkeley
article_41,11,anecdote,954,1046,a woman at the scene told reporters she was his mother and identified him as Antonio Martin
article_41,12,testimony,1047,1089,Belmar said he was 18 years old and black
article_41,13,testimony,1092,1248,"The 34-year-old white police officer, a six-year veteran of the Berkeley Police Department, is on administrative leave pending an investigation, Belmar said"
article_41,14,testimony,1251,1361,"“He will carry the weight of this for the rest of his life, certainly for the rest of his career,” Belmar said"
article_41,15,testimony,1362,1394,“So there are no winners here.”
article_41,16,anecdote,1396,1469,Police released surveillance video from the parking lot outside the store
article_41,17,anecdote,1470,1575,The nearly two-minute clip shows two young men leaving the store at about the time a police car rolls up
article_41,18,anecdote,1576,1618,The officer gets out and speaks with them
article_41,19,anecdote,1619,1709,"About a minute-and-a-half later, the video appears to show one of the men raising his arm"
article_41,20,assumption,1710,1717,though
article_41,21,assumption,1717,1756,what he is holding is difficult to see
article_41,22,anecdote,1764,1803,they were several feet from the camera
article_41,23,testimony,1804,1837,Belmar said it was a 9mm handgun
article_41,24,anecdote,1840,1862,The other man ran away
article_41,25,anecdote,1867,1896,police are searching for him
article_41,26,anecdote,1899,2020,It was the third fatal shooting of a black suspect by a white police officer in the St. Louis area since Brown was killed
article_41,27,anecdote,2021,2109,"Kajaime Powell, 25, was killed Aug. 9 after approaching St. Louis officers with a knife"
article_41,28,anecdote,2110,2207,"Vonderrit Myers Jr., 18, was fatally shot Oct. 8 after allegedly shooting at a St. Louis officer"
article_41,29,assumption,2210,2248,Each shooting has been met by protests
article_41,30,anecdote,2253,2323,a crowd quickly gathered late Tuesday and early Wednesday in Berkeley
article_41,31,anecdote,2324,2384,The demonstration involving up to 300 people turned violent
article_41,32,anecdote,2387,2445,"More than 50 police officers, some in riot gear, responded"
article_41,33,assumption,2446,2490,Video showed some wrestling with protesters
article_41,34,testimony,2491,2547,Belmar said officers used pepper spray but not tear gas
article_41,35,anecdote,2548,2608,Four people were arrested on charges of assaulting officers
article_41,36,testimony,2611,2694,"Belmar said three explosive devices, possibly fireworks, were tossed near gas pumps"
article_41,37,anecdote,2695,2734,Some protesters threw rocks and bricks
article_41,38,anecdote,2735,2794,One officer was hit by a brick and treated for facial cuts
article_41,39,anecdote,2795,2842,Another was treated for a leg injury sustained
article_41,40,anecdote,2845,2893,he tried to get away from one of the explosives
article_41,41,anecdote,2896,2950,The protest spilled to a neighboring convenience store
article_41,42,anecdote,2950,2956,where
article_41,43,anecdote,2956,3002,a man in a hoodie set a fire inside the store
article_41,44,anecdote,3003,3032,The fire was quickly put out
article_41,45,assumption,3037,3066,the glass door was shattered
article_41,46,anecdote,3069,3134,"Orlando Brown, 36, of nearby St. Charles was among the protesters"
article_41,47,testimony,3138,3263,"I understand police officers have a job and have an obligation to go home to their families at the end of the night,” he said"
article_41,48,testimony,3264,3393,"“But do you have to treat every situation with lethal force? … It’s not a racial issue, or black or white. It’s wrong or right.”"
article_41,49,testimony,3395,3503,Brown said he was pepper-sprayed during the protest and that his friend was arrested for failing to disperse
article_41,50,testimony,3506,3641,"Toni Martin, Antonio Martin’s mother, told the St. Louis Post-Dispatch that her son was with his girlfriend at the time of the shooting"
article_41,51,assumption,3642,3707,The video did not appear to show a female with the two young men
article_41,52,testimony,3710,3913,"Belmar said the 18-year-old had a considerable criminal record in the less than two years since he turned 17, with three assault charges, armed robbery, armed criminal action and unlawful use of a weapon"
article_41,53,testimony,3916,4013,The chief said some protesters questioned why the officer couldn’t use pepper spray or a stun gun
article_41,54,testimony,4016,4059,"“Frankly, that’s unreasonable,” Belmar said"
article_41,55,testimony,4060,4146,"“When we had somebody pointing a gun at a police officer, there’s not a lot of time.”"
article_41,56,anecdote,4156,4195,has body cameras and dashboard cameras
article_41,57,testimony,4196,4252,"The officer wasn’t wearing his body camera, Belmar said"
article_41,58,anecdote,4253,4311,The dashboard camera activates when the red lights are on
article_41,59,anecdote,4316,4358,they were not on at the convenience store
article_41,60,testimony,4361,4440,Belmar said the body of the young man remained on the scene for about two hours
article_41,61,assumption,4441,4566,"After Brown died in August, the fact that his body remained on the street for more than four hours drew widespread criticism"
article_41,62,testimony,4567,4633,Belmar said two hours is fairly typical as police gather evidence
article_41,63,testimony,4638,4720,he said interference from protesters may have prolonged the situation in Berkeley
article_41,64,other,4723,4732,Copyright
article_41,65,other,4739,4760,The Washington Times
article_42,0,assumption,0,126,Supreme Court justices weigh whether pro-life pregnancy centers can be required to give out information about the availability
article_42,1,assumption,129,139,abortions
article_42,2,assumption,191,466,"Tuesday’s 5-4 Supreme Court decision overturning a California law that required pro-life pregnancy centers to provide women with information about abortion is a victory for the First Amendment, for women seeking support during their pregnancies, and for the pregnancy centers"
article_42,3,anecdote,469,568,The decision came in the case of National Institute of Family and Life Advocates (NIFLA) v. Becerra
article_42,4,assumption,571,595,Every pregnancy is tough
article_42,5,assumption,596,678,"Pregnancy without sufficient support, financial or emotional, can seem impossible"
article_42,6,assumption,679,835,"Every year, pregnancy centers across the United States offer a helping hand to thousands of women so that they can confidently choose life for their babies"
article_42,7,assumption,838,940,"These centers provide women personalized attention and care during and after pregnancy, free of charge"
article_42,8,anecdote,941,1026,"Many offer pregnancy tests, ultrasounds, prenatal education and classes on parenting"
article_42,9,assumption,1193,1201,newborn
article_42,10,assumption,1204,1272,But the most important service found at a pregnancy center is caring
article_42,11,assumption,1273,1449,"When walking through the doors of a pregnancy center, women find the kind of care and attention that reinforces their dignity as women and helps them prepare to become mothers"
article_42,12,assumption,1452,1540,"Rather than celebrate the work of these nonprofit centers, California tried to impede it"
article_42,13,assumption,1549,1771,"California’s Freedom, Accountability, Comprehensive Care and Transparency Act – commonly known as the Reproductive FACT Act – the state targeted pro-life pregnancy centers and forced them to direct women towards abortion,"
article_42,14,assumption,1771,1829,the state’s preferred response to an unexpected pregnancy
article_42,15,anecdote,1832,1973,"Under the California law, pregnancy centers were required to notify their clients about the state’s free or low-cost family planning programs"
article_42,16,anecdote,1980,2006,include abortion services
article_42,17,assumption,2015,2111,that failed or refused to become abortion-promoting billboards were subject to cumulative fines
article_42,18,assumption,2114,2205,But something got in the way of the California law: the First Amendment of the Constitution
article_42,19,assumption,2208,2317,The First Amendment’s guarantee of free speech includes the right not to be forced by the government to speak
article_42,20,assumption,2318,2443,"California’s FACT Act did just that, by requiring pro-life pregnancy centers to promote the state’s family planning programs"
article_42,21,assumption,2444,2467,which include abortion
article_42,22,testimony,2470,2472,As
article_42,23,testimony,2472,2658,"Supreme Court Justice Clarence Thomas, who wrote the majority opinion in the NIFLA case, forcefully stated: “California cannot co-opt (pregnancy centers) to deliver its message for it.”"
article_42,24,assumption,2658,2797,"The government can’t force people to promote an idea they oppose, like the notion that abortion is the solution to a challenging pregnancy"
article_42,25,assumption,2800,2925,The Supreme Court’s decision to strike down California’s law vindicates the First Amendment’s prohibition on compelled speech
article_42,26,assumption,2926,3008,"But more importantly, it vindicates women and the pregnancy centers who help them"
article_42,27,assumption,3011,3132,California’s FACT Act was just one example of a troubling trend of cities and states targeting pro-life pregnancy centers
article_42,28,anecdote,3135,3391,An amicus brief filed by the Catholic Association in the NIFLA case on behalf of 13 clients of pregnancy centers recounts the experiences of these women and their unwavering opposition to attempts to force centers to promote abortion or shutter their doors
article_42,29,anecdote,3392,3503,Each woman felt challenged by the circumstances she faced and turned to her local pregnancy center for support
article_42,30,assumption,3506,3628,The unique needs and concerns of these women were heard and responded to with genuine compassion by pregnancy center staff
article_42,31,testimony,3631,3633,As
article_42,32,testimony,3633,3879,"Melissa, one of the 13 women who courageously came forward to share her story, remarked: “I feel like every woman who walks through those doors gets the same treatment – open, loving, very warm – especially if you don’t have any other supports.”"
article_42,33,assumption,3881,4025,"At pregnancy centers, these women were offered an authentic choice and the chance to flourish and thrive as mothers, despite their circumstances"
article_42,34,assumption,4029,4070,aura chose to carry her pregnancy to term
article_42,35,assumption,4131,4139,s father
article_42,36,anecdote,4140,4221,A pregnancy center eased the financial burden by offering free diapers and wipes
article_42,37,assumption,4226,4331,the center’s counseling services helped Laura recover from the emotional abuse of her prior relationship
article_42,38,assumption,4334,4368,Angela faced a different challenge
article_42,39,anecdote,4369,4493,"Alone and addicted to drugs, Angela reached out to center staff to help her stay clean for the sake of her developing child"
article_42,40,assumption,4494,4570,"Angela’s son, now a precocious 2-year-old, is the apple of his mother’s eye"
article_42,41,anecdote,4651,4674,to enter the workforce
article_42,42,testimony,4677,4816,"One woman, Melissa, when asked to respond to the charge that pregnancy centers are deceptive, flatly retorted that such a claim is “bogus.”"
article_42,43,testimony,4816,4964,"Another, Judith, said that she wants to “shout from the rooftops” that there are places to go for women who chose abortion to heal from their grief"
article_42,44,assumption,4967,5141,These women – and countless others across the country – are unequivocal in their gratitude for the life-affirming care and support they found at their local pregnancy centers
article_42,45,assumption,5142,5305,"That these centers can operate, safeguarded by the Constitution from attempts to undermine their profoundly pro-woman message, is a great win for women everywhere"
article_43,0,assumption,0,172,Senate Minority Leader Mitch McConnell made it clear on Thursday that repealing Obamacare would never be used by Republicans again to bring the federal government to a halt
article_43,1,testimony,173,293,"""One of my favorite old Kentucky sayings is there's no education in the second kick of a mule,"" McConnell told The Hill"
article_43,2,testimony,294,424,"""The first kick of a mule was when we shut the government down in the mid-1990s — and the second kick was over the last 16 days."""
article_43,3,testimony,424,497,"""There will not be a government shutdown,"" the Kentucky Republican added"
article_43,4,assumption,506,549,Should the House Have Agreed to Debt Deal?
article_43,5,assumption,559,695,The Obamacare strategy was pushed by several young congressional Republicans backed by the tea party — including freshman Sen. Ted Cruz
article_43,6,anecdote,696,788,who spoke against the healthcare plan for more than 21 hours on the Senate floor last month
article_43,7,anecdote,790,896,which led to a 16-day partial shutdown of the government and jeopardized the nation's borrowing authority
article_43,8,testimony,897,1013,"""I think we have fully now acquainted our new members with what a losing strategy that is,"" McConnell told The Hill"
article_43,9,anecdote,1014,1216,The federal government reopened on Thursday after a battle-scarred Congress approved a bipartisan measure to end the shutdown and avert the possibility of an economy-jarring default on U.S. obligations
article_43,10,anecdote,1217,1326,President Barack Obama signed the measure early Thursday after the House and Senate passed it late Wednesday
article_43,11,assumption,1431,1433,7
article_43,12,assumption,1434,1634,It ended a brawl with Republicans who tried to use the must-pass legislation to mount a last-ditch effort to derail the Patient Protection and Affordable Care Act and demand concessions on the budget
article_43,13,anecdote,1635,1718,The White House directed all agencies to reopen promptly and in an orderly fashion
article_43,14,anecdote,1817,1829,on Thursday
article_43,15,testimony,1839,1912,& Poor's estimated the shutdown has taken $24 billion out of the economy
article_43,16,testimony,2047,2052,grade
article_43,17,testimony,2053,2241,"McConnell told The Hill that the fight to stop the healthcare law would not take place in January, either, even though he and many other Republicans ""hate, detest, and despise Obamacare."""
article_43,18,testimony,2363,2367,law
article_43,19,testimony,2368,2504,"McConnell said Republicans are out of luck on ending or altering Obamacare before 2017 ""unless Democrats get so shaky about parts of it"
article_43,20,assumption,2513,2556,Should the House Have Agreed to Debt Deal?
article_43,21,testimony,2568,2770,"They may, depending upon the amount of heat they get from their constituents because of rising premiums, because of job loss, because of the chaos of the exchanges, they may be open to changes,"" he said"
article_43,22,testimony,2771,2940,"""But full-scale repeal is obviously something that's not going to be achievable until I'm the majority leader of the Senate and we have a new president,"" McConnell said"
article_43,23,anecdote,3003,3101,"McConnell related the ""math problem"" Republicans face in the Senate in trying to repeal Obamacare"
article_43,24,anecdote,3102,3171,"The GOP holds 46 seats in the upper chamber, versus 52 for Democrats"
article_43,25,anecdote,3172,3209,The Senate also has two independents
article_43,26,anecdote,3214,3245,they caucus with the Democrats
article_43,27,testimony,3246,3356,"""We demonstrated once again that every single Republican is in favor of defunding Obamacare,"" he told Newsmax"
article_43,28,anecdote,3362,3449,senators backed a measure to temporarily fund the government that Obama later rejected
article_43,29,testimony,3450,3482,"""We had a solid party-line vote"
article_43,30,testimony,3483,3564,"Our difficulty, of course, in achieving that has to do with simple mathematics."""
article_43,31,testimony,3564,3574,Meanwhile
article_43,32,testimony,3575,3784,McConnell told The Hill that he took over the negotiations leading to the final agreement after Senate Majority Leader Harry Reid of Nevada and the White House rejected the latest offer from House Republicans
article_43,33,testimony,3785,3953,"""By the time I came in [Wednesday], it was clear to me that it was up to me to get us out of the government shutdown and make sure we didn't default,"" he told The Hill"
article_43,34,testimony,3954,4170,"He said he related the party's untenable position to fellow Republican senators privately via football analogies, looking toward being in a better position to seek cuts in spending and entitlement programs next year"
article_43,35,testimony,4171,4197,"""So I met with my members"
article_43,36,testimony,4198,4284,"I said, 'Look, I think we all know I have a weak hand here,'"" McConnell told The Hill"
article_43,37,testimony,4285,4314,"""I'm on my own two-yard line"
article_43,38,testimony,4315,4453,"The offensive line is a little shaky, and what best I think we can do is get off a punt here to try to get into a better field position."""
article_43,39,assumption,4453,4579,But his requirements for the deal were that it not raise taxes nor jeopardize the spending cuts imposed through sequestration
article_43,40,testimony,4580,4792,"""We didn't raise taxes and we didn't bust the caps, but we'll be back at it in January and February, which is why I call it a punt, with better field position to fight again another day,"" McConnell told The Hill"
article_44,0,assumption,0,88,Over the past few days we’ve seen what happens when you assign someone a single identity
article_44,1,assumption,89,188,"Pollsters assumed that most Latinos would vote only as Latinos, and therefore against Donald Trump"
article_44,2,statistics,206,231,percentage voted for him
article_44,3,assumption,235,315,"ollsters assumed women would vote primarily as women, and go for Hillary Clinton"
article_44,4,statistics,333,358,number voted against her
article_44,5,assumption,359,433,They assumed African-Americans would vote along straight Democratic lines
article_44,6,assumption,483,496,ballot blank
article_44,7,assumption,499,586,"The pollsters reduced complex individuals to a single identity, and are now embarrassed"
article_44,8,assumption,589,660,But pollsters are not the only people guilty of reductionist solitarism
article_44,9,assumption,661,740,This mode of thinking is one of the biggest problems facing this country today
article_44,10,assumption,743,828,Trump spent the entire campaign reducing people to one identity and then generalizing
article_44,11,assumption,829,856,Muslims are only one thing
article_44,12,assumption,861,880,they are dangerous
article_44,13,assumption,881,909,Mexicans are only one thing
article_44,14,assumption,914,928,that is alien
article_44,15,anecdote,929,934,When
article_44,16,anecdote,940,1013,talked about African-Americans he always talked about inner-city poverty
article_44,17,assumption,1020,1078,that was the sum total of the black experience in America
article_44,18,assumption,1081,1153,Bigots turn multidimensional human beings into one-dimensional creatures
article_44,19,assumption,1154,1222,Anti-Semites define Jewishness in a certain crude miniaturizing way
article_44,20,assumption,1223,1287,Racists define both blackness and whiteness in just that manner
article_44,21,assumption,1288,1386,Populists dehumanize complex people into the moronic categories of “the people” and “the elites.”
article_44,22,assumption,1388,1452,But it’s not only racists who reduce people to a single identity
article_44,23,assumption,1453,1491,"These days it’s the anti-racists, too"
article_44,24,assumption,1492,1585,"To raise money and mobilize people, advocates play up ethnic categories to an extreme degree"
article_44,25,assumption,1588,1763,Large parts of popular culture — and pretty much all of stand-up comedy — consist of reducing people to one or another identity and then making jokes about that generalization
article_44,26,assumption,1764,1903,The people who worry about cultural appropriation reduce people to an ethnic category and argue that those outside can never understand it
article_44,27,assumption,1904,1960,A single identity walls off empathy and the imagination
article_44,28,assumption,1963,2013,We’re even seeing a wave of voluntary reductionism
article_44,29,assumption,2014,2067,"People feel besieged, or they’re intellectually lazy"
article_44,30,assumption,2071,2110,they reduce themselves to one category
article_44,31,assumption,2111,2180,Being an evangelical used to mean practicing a certain form of faith
article_44,32,assumption,2181,2243,"But “evangelical” has gone from being an adjective to a noun,"
article_44,33,assumption,2243,2309,a simplistic tribal identity that commands Republican affiliation
article_44,34,assumption,2329,2432,you reduce complex individuals to one thing you’ll go through life clueless about the world around you
article_44,35,assumption,2433,2491,People’s classifications now shape how they see the world
article_44,36,testimony,2502,2588,"the philosopher Amartya Sen has argued, this mentality makes the world more flammable"
article_44,37,assumption,2589,2676,"Crude tribal dividing lines inevitably arouse a besieged, victimized us/them mentality"
article_44,38,assumption,2677,2764,This mentality assumes that the relations between groups are zero sum and antagonistic
article_44,39,assumption,2765,2854,"People with this mentality tolerate dishonesty, misogyny and terrorism on their own side"
article_44,40,assumption,2862,2914,all morality lays down before the tribal imperative
article_44,41,assumption,2917,3094,"The only way out of this mess is to continually remind ourselves that each human is a conglomeration of identities: ethnic, racial, professional, geographic, religious and so on"
article_44,42,assumption,3095,3199,Even each identity itself is not one thing but a tradition of debate about the meaning of that identity
article_44,43,assumption,3200,3386,"Furthermore, the dignity of each person is not found in the racial or ethnic category that each has inherited, but in the moral commitments that each individual has chosen and lived out"
article_44,44,assumption,3389,3463,Getting out of this mess also means accepting the limits of social science
article_44,45,assumption,3464,3620,The judgments of actual voters are better captured in the narratives of journalism and historical analysis than in the brutalizing correlations of big data
article_44,46,assumption,3623,3702,"Rebinding the nation means finding shared identities, not just contrasting ones"
article_44,47,assumption,3706,3791,"we want to improve race relations, it’s not enough to have a conversation about race"
article_44,48,assumption,3792,3873,We also have to emphasize identities people have in common across the color line
article_44,49,assumption,3877,3941,you can engage different people together as Marines or teachers
article_44,50,assumption,3942,3947,then
article_44,51,assumption,3947,3994,you will have built an empathetic relationship
article_44,52,assumption,3999,4059,people can learn one another’s racial experiences naturally
article_44,53,assumption,4062,4110,"Finally, we have to revive the American identity"
article_44,54,assumption,4111,4195,"For much of the 20th century, America had a rough consensus about the American idea"
article_44,55,assumption,4196,4245,Historians congregated around a common narrative
article_44,56,assumption,4246,4302,People put great stock in civic rituals like the pledge
article_44,57,assumption,4303,4429,"But that consensus is now in tatters, stretched by globalization, increasing diversity as well as failures of civic education"
article_44,58,assumption,4432,4495,Now many Americans don’t recognize one another or their country
article_44,59,anecdote,4496,4567,"The line I heard most on election night was, “This is not my America.”"
article_44,60,assumption,4567,4667,We will have to construct a new national idea that binds and embraces all our particular identities
article_44,61,testimony,4670,4687,"The good news, as"
article_44,62,testimony,4687,4776,"my Times colleague April Lawson points out, is that there wasn’t mass violence last week"
article_44,63,assumption,4777,4846,That could have happened amid a civic clash this ugly and passionate
article_44,64,assumption,4847,4973,"That’s a sign that for all the fear and anger of this season, there’s still mutual attachment among us, something to build on"
article_44,65,assumption,4976,5119,But there has to be a rejection of single-identity thinking and a continual embrace of the reality that each of us is a mansion with many rooms
article_45,0,other,0,33,Go look through leftists’ bios on
article_45,1,assumption,42,154,"It will be the rare exception where the following hashtags are not included: #Resist, #Resistance, #ResistTrump"
article_45,2,assumption,157,187,The media loves The Resistance
article_45,3,assumption,188,194,Loves
article_45,4,assumption,197,243,What is the next step to an active resistance?
article_45,5,assumption,243,289,It’s really not complicated: Armed resistance
article_45,6,assumption,292,353,The media-Left plasters Coexist bumper stickers on their cars
article_45,7,assumption,361,464,"anyone who’s followed a Prius for some distance will tell you, their behavior is anything but tolerant"
article_45,8,anecdote,467,533,"Last week, a known leftist terrorist was made the star of a parade"
article_45,9,anecdote,534,611,"The week before, a comedienne pretended to cut off the head of the President"
article_45,10,anecdote,612,692,"This week, a theater company pretended the President was Caesar and stabbed him"
article_45,11,assumption,695,855,"Then there’s ANTIFA, the ironically named Anti-Fascists who use fascistic techniques to suppress the speech and free activities of those with whom they disagree"
article_45,12,assumption,858,951,Don’t forget Black Lives Matter where an armed gunman systematically executed police officers
article_45,13,assumption,952,985,He was just resisting oppression
article_45,14,assumption,990,1000,murdering
article_45,15,assumption,1025,1187,"For years, the Left has lectured about civility — right up and until the election where Donald Trump was challenged about whether he’d accept the election results"
article_45,16,testimony,1188,1199,"Meanwhile,"
article_45,17,testimony,1199,1422,"Hillary Clinton opined this at a Manchester rally, “He became the first person, Republican or Democrat, who refused to say that he would respect the results of this election. Now, that is a direct threat to our democracy.”"
article_45,18,assumption,1424,1507,"Since Hillary lost, she’s blamed everyone but herself and has championed Resistance"
article_45,19,assumption,1508,1554,She’s become a direct threat to our democracy
article_45,20,assumption,1557,1594,"In fact, she’s persisted in resisting"
article_45,21,assumption,1597,1723,"The two hashtags #Neverthelessshepersisted and #Resist has been the cri de coeur for the Left and the media, most notably, CNN"
article_45,22,assumption,1774,1775,?
article_45,23,anecdote,1775,1842,The symbols were blamed for a crazy person shooting Gabby Giffords
article_45,24,assumption,1843,1857,It was insane
article_45,25,assumption,1858,1911,The media’s behavior was irresponsible and salacious
article_45,26,assumption,1923,2111,"an actual radicalized political Bernie Bro stooge hears the message loud and clear, gets a gun, and seeks out Republican Congress people (and their children) to murder, motives are hazier"
article_45,27,assumption,2112,2179,The media can’t quite figure out why someone would do such a thing
article_45,28,assumption,2194,2356,"the Mayor of Berkeley refuses to allow the police to stop masked leftist terrorists from looting, burning, robbing, and general violence against Trump supporters"
article_45,29,assumption,2357,2457,does anyone see a clear message from authorities that it’s open season on the political opposition?
article_45,30,assumption,2457,2533,Is it a stretch that a political volunteer would take the message to heart?
article_45,31,assumption,2533,2688,"Violence is not only passively allowed, as in Berkeley, but it’s condoned and encouraged from the least activist all the way up to Hillary Clinton herself"
article_45,32,assumption,2691,2714,How does that manifest?
article_45,33,assumption,2714,2859,Shooting baseball playing Congressmen or maybe running them off the road or maybe sending death threats to kill the wife of the elected official
article_45,34,assumption,2860,2923,"All of these things happened in the last few weeks, by the way"
article_45,35,assumption,2926,2952,The violence is not random
article_45,36,assumption,2956,2997,it’s not just a crazy person being crazy
article_45,37,assumption,2998,3082,"In this case, the shooter was overtly political looking for and finding Republicans"
article_45,38,assumption,3085,3086,I
article_45,39,assumption,3094,3119,republicans “are hitler”
article_45,40,assumption,3121,3168,who doesn’t think killing Hitler was justified?
article_45,41,anecdote,3179,3181,my
article_45,42,anecdote,3183,3185,to
article_45,43,assumption,3203,3258,"Politics is war by another means, a more peaceful means"
article_45,44,assumption,3259,3275,"Words, not guns"
article_45,45,assumption,3278,3349,"Ironically, the leftists running around are all about suppressing words"
article_45,46,assumption,3353,3358,then
article_45,47,assumption,3359,3511,"when their acts of violence (attacking a Professor with a different point of view, say, which has happened on multiple campuses across the nation) work"
article_45,48,assumption,3512,3536,it begets more violence
article_45,49,anecdote,3539,3607,No students have been expelled because they’ve assaulted a professor
article_45,50,anecdote,3610,3661,No professors have been fired for inciting violence
article_45,51,anecdote,3666,3722,looters have been incarcerated for stealing and burning
article_45,52,assumption,3725,3761,The tactics of brutality have worked
article_45,53,assumption,3762,3837,And they’ll work in this latest murder attempt by this radicalized Leftist
article_45,54,assumption,3838,3887,The Congress people will be more closely guarded
article_45,55,assumption,3888,3927,They’ll be further away from the media
article_45,56,assumption,3928,3978,They’ll be further from the people they represent
article_45,57,assumption,3979,3999,They’ll be isolated
article_45,58,assumption,4002,4011,Meanwhile
article_45,59,assumption,4012,4178,"in the fevered conspiracy corners on the left, where the more mainstream Democrats and leaders like Hillary Clinton encourage resistance, there will be more violence"
article_45,60,assumption,4181,4220,The elites are playing a dangerous game
article_45,61,assumption,4221,4284,They’ve been encouraging this violence and feel it’s justified
article_45,62,assumption,4285,4358,Their activist arms have been carrying out this messaging in clear terms
article_45,63,assumption,4518,4585,"So far, those on the right have been lawful and have not retaliated"
article_45,64,assumption,4586,4644,And those who have been more aggressive have been rebuked
article_45,65,assumption,4645,4724,What happens when people on the right cast off restraint and seek retribution?
article_45,66,assumption,4726,4841,The media and the left have been exceedingly flippant about the endgame of their exploitation and inflamed rhetoric
article_45,67,assumption,4842,4908,They’ve been callous about the violence perpetrated in their name
article_45,68,assumption,4911,4934,Should a reckoning come
article_45,69,assumption,4935,5024,they’ll be shocked and horrified and repelled by the “climate of hate” that they created
article_45,70,assumption,5025,5062,But they don’t see what they’ve done
article_45,71,assumption,5063,5077,They never do
