doc_id,error_type,gold_label,pred_label,gold_start,gold_end,pred_start,pred_end,overlap_chars,gold_text,pred_text,context,manual_category,note
article_01,same_label_boundary_difference,testimony,testimony,313,451,313,542,138,The Vermont senator declared that he will stay in the race for the Democratic nomination until next Tuesday's District of Columbia primary,The Vermont senator declared that he will stay in the race for the Democratic nomination until next Tuesday's District of Columbia primary and said he wants to see whether the final vote count in California shows a tighter result,"meeting with President Barack Obama that he will ally himself with Hillary Clinton in the fight against Donald Trump. But he's not quite ready to go yet. Story Continued Below The Vermont senator declared that he will stay in the race for the Democratic nomination until next Tuesday's District of Columbia primary and said he wants to see whether the final vote count in California shows a tighter result. He also is planning to go forward with a big rally in Washington, D.C., on Thursday night. After spending an hour meeting with Obama in the Oval Office, Sanders acknowledged tha",,
article_01,same_label_segmentation_difference,testimony,testimony,3705,3821,3704,3821,113,he said he will soon be sitting down with the former secretary of state as she readies for an epic battle with Trump,he said he will soon be sitting down with the former secretary of state || she readies for an epic battle with Trump,"down the road and faced with a crush of reporters. The senator said he spoke ""briefly to Secretary Clinton"" on Tuesday night, congratulating her ""on her very strong campaign."" And he said he will soon be sitting down with the former secretary of state as she readies for an epic battle with Trump. ""I look forward to meeting with her in the near future to see how we can work together to defeat Donald Trump and to create a government which represents all of us and not just",,
article_01,same_label_boundary_difference,assumption,assumption,257,287,253,287,30,he's not quite ready to go yet,But he's not quite ready to go yet,"on bow out of the presidential race, telling reporters after meeting with President Barack Obama that he will ally himself with Hillary Clinton in the fight against Donald Trump. But he's not quite ready to go yet. Story Continued Below The Vermont senator declared that he will stay in the race for the Democratic nomination until next Tuesday's District of Columbia primary and said he wan",,
article_01,same_label_boundary_difference,assumption,assumption,752,838,737,838,86,"who is now the presumptive Democratic nominee, to defeat Trump in the general election","with Clinton, who is now the presumptive Democratic nominee, to defeat Trump in the general election","anning to go forward with a big rally in Washington, D.C., on Thursday night. After spending an hour meeting with Obama in the Oval Office, Sanders acknowledged that he would work with Clinton, who is now the presumptive Democratic nominee, to defeat Trump in the general election. Delivering remarks prepared before his sit-down with the president, Sanders ticked through a list of his priorities, promising to take those issues to the convention in Philadelp",,
article_01,same_label_segmentation_difference,anecdote,anecdote,840,1032,839,1032,191,"Delivering remarks prepared before his sit-down with the president, Sanders ticked through a list of his priorities, promising to take those issues to the convention in Philadelphia next month","Delivering remarks prepared before his sit-down with the president, Sanders ticked through a list of his priorities || promising to take those issues to the convention in Philadelphia next month","meeting with Obama in the Oval Office, Sanders acknowledged that he would work with Clinton, who is now the presumptive Democratic nominee, to defeat Trump in the general election. Delivering remarks prepared before his sit-down with the president, Sanders ticked through a list of his priorities, promising to take those issues to the convention in Philadelphia next month. ""Donald Trump would clearly, to my mind and I think the majority of Americans, be a disaster as president of the United States. It is unbelievable to me, and I say this in all s",,
article_01,same_label_segmentation_difference,testimony,testimony,1838,2161,1838,2161,315,"""This is the last primary of the Democratic nominating process. The major point that I will be making to the citizens of the District of Columbia is that I am strongly in favor of D.C. statehood,"" he said, noting that Vermont has roughly the same population as the nation's capital but does not have the same representation","""This is the last primary of the Democratic nominating process || The major point that I will be making to the citizens of the District of Columbia is that I am strongly in favor of D.C. statehood,"" he said, || that Vermont has roughly the same population as the nation's capital but does not have the same representation","sure that Donald Trump does not become president of the United States."" Sanders continued, ""I will of course, be competing in the D.C. primary, which will be held next Tuesday."" ""This is the last primary of the Democratic nominating process. The major point that I will be making to the citizens of the District of Columbia is that I am strongly in favor of D.C. statehood,"" he said, noting that Vermont has roughly the same population as the nation's capital but does not have the same representation. He also said he looks forward to the final count from Tuesday's primary in California, anticipating a closer result. California Secretary of State Alex Padilla's office said the",,
article_01,same_label_segmentation_difference,testimony,testimony,2435,2593,2435,2593,157,"""July 15 is when we certify all the vote. All the counties have until July 8 to send us their official votes,"" a spokesman from Padilla's office told POLITICO","""July 15 is when we certify all the vote || All the counties have until July 8 to send us their official votes,"" a spokesman from Padilla's office told POLITICO","ipating a closer result. California Secretary of State Alex Padilla's office said the vote tally from Tuesday's primary will not be made official until the middle of next month. ""July 15 is when we certify all the vote. All the counties have until July 8 to send us their official votes,"" a spokesman from Padilla's office told POLITICO. For months, Sanders has pointed to his superior performance against Trump in hypothetical general-election matchup polls, expressing a belief that if he were to overcome Clinton",,
article_01,same_label_boundary_difference,testimony,testimony,3231,3391,3236,3391,155,"Beginning his remarks Thursday, Sanders thanked both Obama and Biden ""for the degree of impartiality they established during the course of this entire process.""","ning his remarks Thursday, Sanders thanked both Obama and Biden ""for the degree of impartiality they established during the course of this entire process.""","fellow Democrats to give him time and space to leave on his own accord. ""I think we should be a little graceful,"" Vice President Joe Biden told CNN on Wednesday on Capitol Hill. Beginning his remarks Thursday, Sanders thanked both Obama and Biden ""for the degree of impartiality they established during the course of this entire process."" Sanders, who began his campaign last April outside the Capitol encircled by a gathering of media, found himself Thursday just miles down the road and faced with a crush of report",,
article_01,same_label_segmentation_difference,testimony,testimony,3824,4096,3824,4096,271,"""I look forward to meeting with her in the near future to see how we can work together to defeat Donald Trump and to create a government which represents all of us and not just the 1 percent,"" Sanders concluded, before rushing away from reporters back into the White House","""I look forward to meeting with her in the near future to see how we can work together to defeat Donald Trump and to create a government which represents all of us and not just the 1 percent,"" Sanders concluded || before rushing away from reporters back into the White House","night, congratulating her ""on her very strong campaign."" And he said he will soon be sitting down with the former secretary of state as she readies for an epic battle with Trump. ""I look forward to meeting with her in the near future to see how we can work together to defeat Donald Trump and to create a government which represents all of us and not just the 1 percent,"" Sanders concluded, before rushing away from reporters back into the White House. Less than two hours later, Clinton's campaign trumpeted Obama's endorsement in a video that was taped on Tuesday. Meanwhile, Sanders was to meet with Biden at his Naval Observat",,
article_01,same_label_segmentation_difference,testimony,testimony,1035,1555,1035,1555,518,"""Donald Trump would clearly, to my mind and I think the majority of Americans, be a disaster as president of the United States. It is unbelievable to me, and I say this in all sincerity, that the Republican Party would have a candidate for president who in the year 2016 makes bigotry and discrimination the cornerstone of his campaign. In my view, the American people will not vote for or tolerate a candidate who insults Mexicans and Latinos, who insults Muslims, who insults African-Americans and women,"" Sanders said","""Donald Trump would clearly, to my mind and I think the majority of Americans, be a disaster as president of the United States || It is unbelievable to me, and I say this in all sincerity, that the Republican Party would have a candidate for president who in the year 2016 makes bigotry and discrimination the cornerstone of his campaign || In my view, the American people will not vote for or tolerate a candidate who insults Mexicans and Latinos, who insults Muslims, who insults African-Americans and women,"" Sanders said","rks prepared before his sit-down with the president, Sanders ticked through a list of his priorities, promising to take those issues to the convention in Philadelphia next month. ""Donald Trump would clearly, to my mind and I think the majority of Americans, be a disaster as president of the United States. It is unbelievable to me, and I say this in all sincerity, that the Republican Party would have a candidate for president who in the year 2016 makes bigotry and discrimination the cornerstone of his campaign. In my view, the American people will not vote for or tolerate a candidate who insults Mexicans and Latinos, who insults Muslims, who insults African-Americans and women,"" Sanders said. ""Needless to say, I am going to do everything in my power, and I will work as hard as I can, to make sure that Donald Trump does not become president of the United States."" Sand",,
article_01,overlapping_different_label,assumption,anecdote,544,633,543,633,89,"He also is planning to go forward with a big rally in Washington, D.C., on Thursday night","He also is planning to go forward with a big rally in Washington, D.C., on Thursday night","the race for the Democratic nomination until next Tuesday's District of Columbia primary and said he wants to see whether the final vote count in California shows a tighter result. He also is planning to go forward with a big rally in Washington, D.C., on Thursday night. After spending an hour meeting with Obama in the Oval Office, Sanders acknowledged that he would work with Clinton, who is now the presumptive Democratic nominee, to defeat Trum",,
article_01,unmatched_gold_span,testimony,,456,542,,,0,said he wants to see whether the final vote count in California shows a tighter result,,"y to go yet. Story Continued Below The Vermont senator declared that he will stay in the race for the Democratic nomination until next Tuesday's District of Columbia primary and said he wants to see whether the final vote count in California shows a tighter result. He also is planning to go forward with a big rally in Washington, D.C., on Thursday night. After spending an hour meeting with Obama in the Oval Office, Sanders acknowledged tha",,
article_01,unmatched_gold_span,testimony,,636,750,,,0,"After spending an hour meeting with Obama in the Oval Office, Sanders acknowledged that he would work with Clinton",,"said he wants to see whether the final vote count in California shows a tighter result. He also is planning to go forward with a big rally in Washington, D.C., on Thursday night. After spending an hour meeting with Obama in the Oval Office, Sanders acknowledged that he would work with Clinton, who is now the presumptive Democratic nominee, to defeat Trump in the general election. Delivering remarks prepared before his sit-down with the president, Sanders ticked through",,
article_01,unmatched_prediction,,assumption,,,2596,2838,0,,"For months, Sanders has pointed to his superior performance against Trump in hypothetical general-election matchup polls, expressing a belief that if he were to overcome Clinton's superdelegate advantage, he would be the safer bet in November","le of next month. ""July 15 is when we certify all the vote. All the counties have until July 8 to send us their official votes,"" a spokesman from Padilla's office told POLITICO. For months, Sanders has pointed to his superior performance against Trump in hypothetical general-election matchup polls, expressing a belief that if he were to overcome Clinton's superdelegate advantage, he would be the safer bet in November. As Clinton continued to distance herself from Sanders in the delegate count, her allies in the Senate pivoted from telling their colleague to wind down operations in March to mo",,
article_01,unmatched_prediction,,testimony,,,3700,3704,0,,And,"iles down the road and faced with a crush of reporters. The senator said he spoke ""briefly to Secretary Clinton"" on Tuesday night, congratulating her ""on her very strong campaign."" And he said he will soon be sitting down with the former secretary of state as she readies for an epic battle with Trump. ""I look forward to meeting with her in the near future to se",,
article_01,unmatched_prediction,,anecdote,,,4864,4871,0,,report,"in office by a president who is committed to building on the remarkable progress that our country has made over the last seven and a half years."" Dan Spinelli contributed to this report.",,
article_02,same_label_boundary_difference,testimony,testimony,984,1094,983,1094,110,"The recovery is gathering momentum,"" Paul Ashworth, chief U.S. economist at Capital Economics, wrote in a note","""The recovery is gathering momentum,"" Paul Ashworth, chief U.S. economist at Capital Economics, wrote in a note","pped to 7.7 percent from 7.9 percent in January, with 12 million people looking for work. That is the lowest unemployment rate since December 2008, when the rate was 7.3 percent. ""The recovery is gathering momentum,"" Paul Ashworth, chief U.S. economist at Capital Economics, wrote in a note. But U.S. non-farm payrolls are still 3 million jobs shy of their pre-recession highs, and the jobless rate is still too high to convince the Federal Reserve to stop pumping cash",,
article_02,same_label_boundary_difference,statistics,statistics,2273,2421,2396,2421,25,"Prices of safe-haven Treasury bonds slumped, on the other hand, driving 10-year Treasury note yields to 2.08 percent, their highest since April 2012",highest since April 2012,"lso rose, coming within points of its record. Economists, on average, expected 160,000 payroll jobs and a 7.9 percent unemployment rate in February, according to a Reuters survey. Prices of safe-haven Treasury bonds slumped, on the other hand, driving 10-year Treasury note yields to 2.08 percent, their highest since April 2012. Bond prices and yields move in the opposite direction. The report came with plenty of caveats. January job growth was revised down sharply, from 157,000 to 119,000 jobs. And the",,
article_02,same_label_boundary_difference,testimony,testimony,4299,4506,4301,4506,205,"If government employment had just held steady since the end of 2008, instead of cutting more than 700,000 jobs, the unemployment rate would be 7.2 percent today, noted the Wall Street Journal's Justin Lahart","government employment had just held steady since the end of 2008, instead of cutting more than 700,000 jobs, the unemployment rate would be 7.2 percent today, noted the Wall Street Journal's Justin Lahart","the economy. The Fed is getting no help from Washington, which in a panic about budget deficits has been slashing government spending and jobs, contributing to the weak recovery. If government employment had just held steady since the end of 2008, instead of cutting more than 700,000 jobs, the unemployment rate would be 7.2 percent today, noted the Wall Street Journal's Justin Lahart. The government sector cut 10,000 more jobs in February, and those numbers could get worse later this year as the effects of the harsh budget cuts of the sequester take effect.",,
article_02,same_label_boundary_difference,anecdote,anecdote,4509,4563,4554,4563,9,"The government sector cut 10,000 more jobs in February",February,"ust held steady since the end of 2008, instead of cutting more than 700,000 jobs, the unemployment rate would be 7.2 percent today, noted the Wall Street Journal's Justin Lahart. The government sector cut 10,000 more jobs in February, and those numbers could get worse later this year as the effects of the harsh budget cuts of the sequester take effect. Among the sectors adding the most jobs in February were c",,
article_02,same_label_boundary_difference,assumption,assumption,218,368,214,368,150,"the job market would be even better, and the unemployment rate even lower, had not the government spent most of the recovery cutting spending and jobs","But the job market would be even better, and the unemployment rate even lower, had not the government spent most of the recovery cutting spending and jobs","Washington, the U.S. economy managed one of the best months for job gains in the past year in February, driving the unemployment rate to its lowest level in more than four years. But the job market would be even better, and the unemployment rate even lower, had not the government spent most of the recovery cutting spending and jobs. And though Wall Street may cheer February's jobs report, the pain of government cutbacks looks to get worse as the year goes on. U.S. employers added 236,000 jobs to non-farm pa",,
article_02,same_label_boundary_difference,statistics,statistics,3656,3818,3646,3752,96,"employment is still 3 million jobs lower than before the start of the recession in December 2007, making this the slowest labor-market recovery since World War II",non-farm employment is still 3 million jobs lower than before the start of the recession in December 2007,"be enough to drive the unemployment rate slowly lower. Including February's jobs, the U.S. economy has added 5.7 million jobs since the labor market bottomed in February 2010, but non-farm employment is still 3 million jobs lower than before the start of the recession in December 2007, making this the slowest labor-market recovery since World War II. After peaking at 10 percent in October 2009, the unemployment rate has been grinding lower, but far too slowly. As a result, the Federal Reserve has kept short-term interest rat",,
article_02,overlapping_different_label,statistics,assumption,0,211,181,211,30,"Despite constant budget fights in Washington, the U.S. economy managed one of the best months for job gains in the past year in February, driving the unemployment rate to its lowest level in more than four years",level in more than four years,"Despite constant budget fights in Washington, the U.S. economy managed one of the best months for job gains in the past year in February, driving the unemployment rate to its lowest level in more than four years. But the job market would be even better, and the unemployment rate even lower, had not the government spent most of the recovery cutting spending and jobs. And though Wall Stree",,
article_02,overlapping_different_label,statistics,assumption,1101,1181,1097,1181,80,U.S. non-farm payrolls are still 3 million jobs shy of their pre-recession highs,But U.S. non-farm payrolls are still 3 million jobs shy of their pre-recession highs,"loyment rate since December 2008, when the rate was 7.3 percent. ""The recovery is gathering momentum,"" Paul Ashworth, chief U.S. economist at Capital Economics, wrote in a note. But U.S. non-farm payrolls are still 3 million jobs shy of their pre-recession highs, and the jobless rate is still too high to convince the Federal Reserve to stop pumping cash into the economy. (SCROLL DOWN FOR UPDATES AND ANALYSIS ON THE REPORT) Meanwhile, a",,
article_02,overlapping_different_label,statistics,testimony,1359,1671,1587,1671,84,"a higher payroll tax rate, the harsh budget cuts of the ""sequester"" and other effects of Washington's endless budget wars could carve 1.5 percent from economic growth this year and cut at least 700,000 jobs in the next two years, according to recent studies by the private forecasting firm Macroeconomic Advisers",", according to recent studies by the private forecasting firm Macroeconomic Advisers","hs, and the jobless rate is still too high to convince the Federal Reserve to stop pumping cash into the economy. (SCROLL DOWN FOR UPDATES AND ANALYSIS ON THE REPORT) Meanwhile, a higher payroll tax rate, the harsh budget cuts of the ""sequester"" and other effects of Washington's endless budget wars could carve 1.5 percent from economic growth this year and cut at least 700,000 jobs in the next two years, according to recent studies by the private forecasting firm Macroeconomic Advisers. ""There really is the potential for trouble ahead,"" Ian Shepherdson, chief economist at Pantheon Macroeconomic Advisors, wrote in a note. ""You can't take 1.5% of GDP out of the e",,
article_02,overlapping_different_label,statistics,anecdote,1943,2044,1978,2044,66,"U.S. stock prices rose, pushing the Dow Jones Industrial Average to a new record high of about 14,400","Dow Jones Industrial Average to a new record high of about 14,400","ntheon Macroeconomic Advisors, wrote in a note. ""You can't take 1.5% of GDP out of the economy and see no hit."" The report was significantly better than Wall Street expected, and U.S. stock prices rose, pushing the Dow Jones Industrial Average to a new record high of about 14,400. The broader Standard & Poor's 500-stock index also rose, coming within points of its record. Economists, on average, expected 160,000 payroll jobs and a 7.9 percent unemployment",,
article_02,overlapping_different_label,statistics,anecdote,2046,2137,2073,2137,64,"The broader Standard & Poor's 500-stock index also rose, coming within points of its record","'s 500-stock index also rose, coming within points of its record","no hit."" The report was significantly better than Wall Street expected, and U.S. stock prices rose, pushing the Dow Jones Industrial Average to a new record high of about 14,400. The broader Standard & Poor's 500-stock index also rose, coming within points of its record. Economists, on average, expected 160,000 payroll jobs and a 7.9 percent unemployment rate in February, according to a Reuters survey. Prices of safe-haven Treasury bonds slumped,",,
article_02,overlapping_different_label,statistics,anecdote,2598,2688,2680,2688,8,"the unemployment rate fell in large part because the labor force shrank by 130,000 workers",workers,"012. Bond prices and yields move in the opposite direction. The report came with plenty of caveats. January job growth was revised down sharply, from 157,000 to 119,000 jobs. And the unemployment rate fell in large part because the labor force shrank by 130,000 workers. Labor-force participation has never recovered from the recession, suggesting either that large numbers of workers have retired early -- or have simply given up trying to find job",,
article_02,overlapping_different_label,anecdote,assumption,2690,2754,2689,2754,64,Labor-force participation has never recovered from the recession,Labor-force participation has never recovered from the recession,"caveats. January job growth was revised down sharply, from 157,000 to 119,000 jobs. And the unemployment rate fell in large part because the labor force shrank by 130,000 workers. Labor-force participation has never recovered from the recession, suggesting either that large numbers of workers have retired early -- or have simply given up trying to find jobs. Frustratingly, long-term unemployment rose, notes the Huffingto",,
article_02,overlapping_different_label,statistics,assumption,3821,3931,3821,3931,110,"After peaking at 10 percent in October 2009, the unemployment rate has been grinding lower, but far too slowly","After peaking at 10 percent in October 2009, the unemployment rate has been grinding lower, but far too slowly",", but non-farm employment is still 3 million jobs lower than before the start of the recession in December 2007, making this the slowest labor-market recovery since World War II. After peaking at 10 percent in October 2009, the unemployment rate has been grinding lower, but far too slowly. As a result, the Federal Reserve has kept short-term interest rates near zero for more than four years and has launched a series of unprecedented bond-buying programs to further",,
article_02,overlapping_different_label,anecdote,assumption,3946,4130,3932,4130,184,the Federal Reserve has kept short-term interest rates near zero for more than four years and has launched a series of unprecedented bond-buying programs to further bolster the economy,"As a result, the Federal Reserve has kept short-term interest rates near zero for more than four years and has launched a series of unprecedented bond-buying programs to further bolster the economy",", making this the slowest labor-market recovery since World War II. After peaking at 10 percent in October 2009, the unemployment rate has been grinding lower, but far too slowly. As a result, the Federal Reserve has kept short-term interest rates near zero for more than four years and has launched a series of unprecedented bond-buying programs to further bolster the economy. The Fed is getting no help from Washington, which in a panic about budget deficits has been slashing government spending and jobs, contributing to the weak recovery. If governme",,
article_02,overlapping_different_label,statistics,assumption,4873,4963,4872,4963,90,"Temporary services payrolls grew by 16,000, possibly a leading indicator for future hiring","Temporary services payrolls grew by 16,000, possibly a leading indicator for future hiring","the sectors adding the most jobs in February were construction, which hired 48,000 people; health care, which added 32,000 people; and the retail sector, which added nearly 24,000. Temporary services payrolls grew by 16,000, possibly a leading indicator for future hiring. The motion-picture industry added 20,800 jobs. This post has been updated with details throughout.",,
article_02,unmatched_prediction,,assumption,,,373,380,0,,though,"re than four years. But the job market would be even better, and the unemployment rate even lower, had not the government spent most of the recovery cutting spending and jobs. And though Wall Street may cheer February's jobs report, the pain of government cutbacks looks to get worse as the year goes on. U.S. employers added 236,000 jobs to non-farm payrolls in Fe",,
article_02,unmatched_prediction,,anecdote,,,1942,1965,0,,U.S. stock prices rose,"antheon Macroeconomic Advisors, wrote in a note. ""You can't take 1.5% of GDP out of the economy and see no hit."" The report was significantly better than Wall Street expected, and U.S. stock prices rose, pushing the Dow Jones Industrial Average to a new record high of about 14,400. The broader Standard & Poor's 500-stock index also rose, coming within points of its record. Econom",,
article_02,unmatched_prediction,,anecdote,,,2324,2335,0,,other hand,"mists, on average, expected 160,000 payroll jobs and a 7.9 percent unemployment rate in February, according to a Reuters survey. Prices of safe-haven Treasury bonds slumped, on the other hand, driving 10-year Treasury note yields to 2.08 percent, their highest since April 2012. Bond prices and yields move in the opposite direction. The report came with plenty of cavea",,
article_02,unmatched_prediction,,assumption,,,3753,3818,0,,making this the slowest labor-market recovery since World War II,"ed 5.7 million jobs since the labor market bottomed in February 2010, but non-farm employment is still 3 million jobs lower than before the start of the recession in December 2007, making this the slowest labor-market recovery since World War II. After peaking at 10 percent in October 2009, the unemployment rate has been grinding lower, but far too slowly. As a result, the Federal Reserve has kept short-term interest rat",,
article_02,unmatched_prediction,,other,,,5039,5044,0,,with,"early 24,000. Temporary services payrolls grew by 16,000, possibly a leading indicator for future hiring. The motion-picture industry added 20,800 jobs. This post has been updated with details throughout.",,
article_03,same_label_boundary_difference,testimony,testimony,5013,5102,5012,5103,89,"The staff would be receiving settlements in line with industry standards, the source said","The staff would be receiving settlements in line with industry standards, the source said.","of her team, who were ""most likely surprised,"" as the company had previously committed to staying in business for the foreseeable future, according to a source close to Ms. Trump. The staff would be receiving settlements in line with industry standards, the source said.",,
article_03,same_label_boundary_difference,assumption,assumption,1433,1639,1432,1514,81,"That move comes amid a growing trade war between America and its trading partners, which stems from Trump's decision to impose punitive tariffs on all imported aluminum and steel, including Canadian imports",That move comes amid a growing trade war between America and its trading partners,"arlier this month, Canadian retail giant Hudson's Bay, which also owns Saks Fifth Avenue and Lord & Taylor, said it would begin phasing out Ivanka Trump's goods, citing weak sales. That move comes amid a growing trade war between America and its trading partners, which stems from Trump's decision to impose punitive tariffs on all imported aluminum and steel, including Canadian imports. The Ivanka Trump company said it had been notified of the pullback in the fall of 2017. Ms. Trump started the brand in 2014 and sales soared during the 2016 presidential campaig",,
article_03,same_label_boundary_difference,testimony,testimony,1641,1727,1714,1727,13,The Ivanka Trump company said it had been notified of the pullback in the fall of 2017,fall of 2017,"ng trade war between America and its trading partners, which stems from Trump's decision to impose punitive tariffs on all imported aluminum and steel, including Canadian imports. The Ivanka Trump company said it had been notified of the pullback in the fall of 2017. Ms. Trump started the brand in 2014 and sales soared during the 2016 presidential campaign, in part thanks to her glamorous, high-profile appearances on the campaign trail. But",,
article_03,same_label_boundary_difference,assumption,assumption,1822,1901,1769,1901,79,"in part thanks to her glamorous, high-profile appearances on the campaign trail","sales soared during the 2016 presidential campaign, in part thanks to her glamorous, high-profile appearances on the campaign trail","ted aluminum and steel, including Canadian imports. The Ivanka Trump company said it had been notified of the pullback in the fall of 2017. Ms. Trump started the brand in 2014 and sales soared during the 2016 presidential campaign, in part thanks to her glamorous, high-profile appearances on the campaign trail. But in 2016 a grassroots anti-Trump social media campaign named #GrabYourWallet hit the Ivanka brands with calls for boycotts, crowdsourcing a database of businesses for activis",,
article_03,same_label_boundary_difference,anecdote,anecdote,3263,3365,3332,3365,33,Ms. Trump's business later launched a direct-to-consumer website that would bypass reluctant retailers,would bypass reluctant retailers,"to lash out at the company on Twitter. My daughter Ivanka has been treated so unfairly by @Nordstrom. She is a great person -- always pushing me to do the right thing! Terrible! Ms. Trump's business later launched a direct-to-consumer website that would bypass reluctant retailers. Though Ms. Trump made note of ""strong sales"" and a ""rapidly growing"" e-commerce business in her statement on Tuesday, the challenging optics had continued to mount. Critics unc",,
article_03,same_label_boundary_difference,assumption,assumption,4017,4048,3984,4048,31,those concerns were unavoidable,"because she is a public figure, those concerns were unavoidable","g allegations it was involved in stealing American trade secrets. Ms. Trump had put her company, IT Collection LLC, in a trust to help alleviate conflict-of-interest concerns. But because she is a public figure, those concerns were unavoidable. She wore items from her company's collection during appearances in her White House role, granting free advertising to her personal company from her public role, potentially runni",,
article_03,same_label_boundary_difference,anecdote,anecdote,4592,4723,4592,4727,131,"Ivanka Trump's jewelry company sent a 'style alert' to journalists, promoting the bracelet she wore alongside her dad on @60Minutes","Ivanka Trump's jewelry company sent a 'style alert' to journalists, promoting the bracelet she wore alongside her dad on @60Minutes pic","bracelet from her collection during an interview with CBS's ""60 Minutes"" and one of her vice presidents of sales sent a ""style alert"" to journalists encouraging them to share it. Ivanka Trump's jewelry company sent a 'style alert' to journalists, promoting the bracelet she wore alongside her dad on @60Minutes pic.twitter.com/KDcIReKbxN Ms. Trump shared the news with her staff at Trump Tower and visited with members of her team, who were ""most likely surprised,"" as the company had previous",,
article_03,same_label_segmentation_difference,testimony,testimony,4756,5011,4845,5011,163,"Trump shared the news with her staff at Trump Tower and visited with members of her team, who were ""most likely surprised,"" as the company had previously committed to staying in business for the foreseeable future, according to a source close to Ms. Trump","who were ""most likely surprised,"" || the company had previously committed to staying in business for the foreseeable future, according to a source close to Ms. Trump","m to share it. Ivanka Trump's jewelry company sent a 'style alert' to journalists, promoting the bracelet she wore alongside her dad on @60Minutes pic.twitter.com/KDcIReKbxN Ms. Trump shared the news with her staff at Trump Tower and visited with members of her team, who were ""most likely surprised,"" as the company had previously committed to staying in business for the foreseeable future, according to a source close to Ms. Trump. The staff would be receiving settlements in line with industry standards, the source said.",,
article_03,same_label_boundary_difference,anecdote,anecdote,1908,2119,1904,2119,211,"in 2016 a grassroots anti-Trump social media campaign named #GrabYourWallet hit the Ivanka brands with calls for boycotts, crowdsourcing a database of businesses for activists to contact and demand they end ties","But in 2016 a grassroots anti-Trump social media campaign named #GrabYourWallet hit the Ivanka brands with calls for boycotts, crowdsourcing a database of businesses for activists to contact and demand they end ties","017. Ms. Trump started the brand in 2014 and sales soared during the 2016 presidential campaign, in part thanks to her glamorous, high-profile appearances on the campaign trail. But in 2016 a grassroots anti-Trump social media campaign named #GrabYourWallet hit the Ivanka brands with calls for boycotts, crowdsourcing a database of businesses for activists to contact and demand they end ties. ""This is a resounding success,"" Shannon Coulter, the campaign's founder, told NBC News in an online message. ""We've seen increased momentum in the wake of the immigration crisi",,
article_03,overlapping_different_label,testimony,anecdote,0,151,47,151,104,"Ivanka Trump is shuttering her clothing line in order to focus on her role as senior adviser in her father's White House, the company announced Tuesday","order to focus on her role as senior adviser in her father's White House, the company announced Tuesday","Ivanka Trump is shuttering her clothing line in order to focus on her role as senior adviser in her father's White House, the company announced Tuesday. ""When we first started this brand, no one could have predicted the success that we would achieve,"" said Ms. Trump in a statement to NBC News. ""After 17 months in Washington, I d",,
article_03,overlapping_different_label,statistics,testimony,783,898,782,898,115,"According to a report, workers at one of the Chinese factories of Ivanka Trump's clothing line were paid $62 a week","According to a report, workers at one of the Chinese factories of Ivanka Trump's clothing line were paid $62 a week","siness, which was first reported by the The Wall Street Journal, will reduce its entanglements in President Donald Trump's ""America First"" agenda and protectionist trade practices. According to a report, workers at one of the Chinese factories of Ivanka Trump's clothing line were paid $62 a week. Her business employs 18 people. Last week, Ms. Trump heavily promoted a new White House push to get American businesses to hire American workers. When asked in an interview with",,
article_03,overlapping_different_label,anecdote,assumption,933,1045,933,1045,112,"Last week, Ms. Trump heavily promoted a new White House push to get American businesses to hire American workers","Last week, Ms. Trump heavily promoted a new White House push to get American businesses to hire American workers","rotectionist trade practices. According to a report, workers at one of the Chinese factories of Ivanka Trump's clothing line were paid $62 a week. Her business employs 18 people. Last week, Ms. Trump heavily promoted a new White House push to get American businesses to hire American workers. When asked in an interview with Gray Television whether she would ask the Trump Organization to sign the same pledge, Trump said it was ""a great idea"" but wanted to ""recuse"" hers",,
article_03,overlapping_different_label,testimony,anecdote,1251,1431,1251,1431,180,"Earlier this month, Canadian retail giant Hudson's Bay, which also owns Saks Fifth Avenue and Lord & Taylor, said it would begin phasing out Ivanka Trump's goods, citing weak sales","Earlier this month, Canadian retail giant Hudson's Bay, which also owns Saks Fifth Avenue and Lord & Taylor, said it would begin phasing out Ivanka Trump's goods, citing weak sales","ew with Gray Television whether she would ask the Trump Organization to sign the same pledge, Trump said it was ""a great idea"" but wanted to ""recuse"" herself from ""calling them."" Earlier this month, Canadian retail giant Hudson's Bay, which also owns Saks Fifth Avenue and Lord & Taylor, said it would begin phasing out Ivanka Trump's goods, citing weak sales. That move comes amid a growing trade war between America and its trading partners, which stems from Trump's decision to impose punitive tariffs on all imported aluminum and steel",,
article_03,overlapping_different_label,anecdote,assumption,2598,2769,2594,2769,171,"in 2017 as anti-Trump backlash began to grow over connection to her father's divisive and controversial policies, retailers began distancing themselves from the Trump line","But in 2017 as anti-Trump backlash began to grow over connection to her father's divisive and controversial policies, retailers began distancing themselves from the Trump line","tal marketing strategist in San Francisco, California. ""I believe Ivanka is closing her company in order to avoid the further embarrassment of major retailers dropping her line."" But in 2017 as anti-Trump backlash began to grow over connection to her father's divisive and controversial policies, retailers began distancing themselves from the Trump line. They took down in-store promotional signage and relegated Ivanka's lines to their back racks, or continued to sell in store while removing the products from their website. Citi",,
article_03,overlapping_different_label,testimony,anecdote,2945,3056,2945,3056,111,"Citing poor sales, upscale retailer Nordstom declined to fully renew its spring order for the Ivanka Trump line","Citing poor sales, upscale retailer Nordstom declined to fully renew its spring order for the Ivanka Trump line","line. They took down in-store promotional signage and relegated Ivanka's lines to their back racks, or continued to sell in store while removing the products from their website. Citing poor sales, upscale retailer Nordstom declined to fully renew its spring order for the Ivanka Trump line. That prompted her father to lash out at the company on Twitter. My daughter Ivanka has been treated so unfairly by @Nordstrom. She is a great person -- always pushing me to do t",,
article_03,overlapping_different_label,anecdote,assumption,3058,3120,3057,3120,62,That prompted her father to lash out at the company on Twitter,That prompted her father to lash out at the company on Twitter,"d to sell in store while removing the products from their website. Citing poor sales, upscale retailer Nordstom declined to fully renew its spring order for the Ivanka Trump line. That prompted her father to lash out at the company on Twitter. My daughter Ivanka has been treated so unfairly by @Nordstrom. She is a great person -- always pushing me to do the right thing! Terrible! Ms. Trump's business later launched a",,
article_03,overlapping_different_label,testimony,assumption,3123,3261,3185,3251,66,My daughter Ivanka has been treated so unfairly by @Nordstrom. She is a great person -- always pushing me to do the right thing! Terrible!,She is a great person -- always pushing me to do the right thing!,"Citing poor sales, upscale retailer Nordstom declined to fully renew its spring order for the Ivanka Trump line. That prompted her father to lash out at the company on Twitter. My daughter Ivanka has been treated so unfairly by @Nordstrom. She is a great person -- always pushing me to do the right thing! Terrible! Ms. Trump's business later launched a direct-to-consumer website that would bypass reluctant retailers. Though Ms. Trump made note of ""strong sales"" and a ""rapidly growing"" e-co",,
article_03,overlapping_different_label,testimony,anecdote,3375,3484,3368,3484,109,"Ms. Trump made note of ""strong sales"" and a ""rapidly growing"" e-commerce business in her statement on Tuesday","Though Ms. Trump made note of ""strong sales"" and a ""rapidly growing"" e-commerce business in her statement on Tuesday","e is a great person -- always pushing me to do the right thing! Terrible! Ms. Trump's business later launched a direct-to-consumer website that would bypass reluctant retailers. Though Ms. Trump made note of ""strong sales"" and a ""rapidly growing"" e-commerce business in her statement on Tuesday, the challenging optics had continued to mount. Critics uncovered records of Chinese trademark approvals for Ivanka Trump products that showed the applications were approved afte",,
article_03,overlapping_different_label,testimony,anecdote,3534,3868,3628,3868,240,Critics uncovered records of Chinese trademark approvals for Ivanka Trump products that showed the applications were approved after President Trump conceded to Chinese demands to lift a ban on the ZTE electronics manufacturing company that had been put in place following allegations it was involved in stealing American trade secrets,the applications were approved after President Trump conceded to Chinese demands to lift a ban on the ZTE electronics manufacturing company that had been put in place following allegations it was involved in stealing American trade secrets,"t retailers. Though Ms. Trump made note of ""strong sales"" and a ""rapidly growing"" e-commerce business in her statement on Tuesday, the challenging optics had continued to mount. Critics uncovered records of Chinese trademark approvals for Ivanka Trump products that showed the applications were approved after President Trump conceded to Chinese demands to lift a ban on the ZTE electronics manufacturing company that had been put in place following allegations it was involved in stealing American trade secrets. Ms. Trump had put her company, IT Collection LLC, in a trust to help alleviate conflict-of-interest concerns. But because she is a public figure, those concerns were unavoidable",,
article_03,overlapping_different_label,anecdote,assumption,3871,3979,3871,3979,108,"Ms. Trump had put her company, IT Collection LLC, in a trust to help alleviate conflict-of-interest concerns","Ms. Trump had put her company, IT Collection LLC, in a trust to help alleviate conflict-of-interest concerns","to Chinese demands to lift a ban on the ZTE electronics manufacturing company that had been put in place following allegations it was involved in stealing American trade secrets. Ms. Trump had put her company, IT Collection LLC, in a trust to help alleviate conflict-of-interest concerns. But because she is a public figure, those concerns were unavoidable. She wore items from her company's collection during appearances in her White House role, granting free advert",,
article_03,overlapping_different_label,other,anecdote,900,930,923,930,7,Her business employs 18 people,people,"mp's ""America First"" agenda and protectionist trade practices. According to a report, workers at one of the Chinese factories of Ivanka Trump's clothing line were paid $62 a week. Her business employs 18 people. Last week, Ms. Trump heavily promoted a new White House push to get American businesses to hire American workers. When asked in an interview with Gray Television whether she wou",,
article_03,overlapping_different_label,anecdote,assumption,4050,4339,4188,4339,151,"She wore items from her company's collection during appearances in her White House role, granting free advertising to her personal company from her public role, potentially running afoul of rules that bar government employees from using their public office for private gain or endorsements","from her public role, potentially running afoul of rules that bar government employees from using their public office for private gain or endorsements","Ms. Trump had put her company, IT Collection LLC, in a trust to help alleviate conflict-of-interest concerns. But because she is a public figure, those concerns were unavoidable. She wore items from her company's collection during appearances in her White House role, granting free advertising to her personal company from her public role, potentially running afoul of rules that bar government employees from using their public office for private gain or endorsements. The challenges started almost right away. Ivanka Trump wore a $10,000 bracelet from her collection during an interview with CBS's ""60 Minutes"" and one of her vice presidents of",,
article_03,unmatched_gold_span,anecdote,,1770,1820,,,0,sales soared during the 2016 presidential campaign,,"ed aluminum and steel, including Canadian imports. The Ivanka Trump company said it had been notified of the pullback in the fall of 2017. Ms. Trump started the brand in 2014 and sales soared during the 2016 presidential campaign, in part thanks to her glamorous, high-profile appearances on the campaign trail. But in 2016 a grassroots anti-Trump social media campaign named #GrabYourWallet hit the Ivanka b",,
article_03,unmatched_gold_span,assumption,,3993,4015,,,0,she is a public figure,,"ions it was involved in stealing American trade secrets. Ms. Trump had put her company, IT Collection LLC, in a trust to help alleviate conflict-of-interest concerns. But because she is a public figure, those concerns were unavoidable. She wore items from her company's collection during appearances in her White House role, granting free advertising to her personal company from h",,
article_03,unmatched_prediction,,anecdote,,,1527,1639,0,,"from Trump's decision to impose punitive tariffs on all imported aluminum and steel, including Canadian imports","rd & Taylor, said it would begin phasing out Ivanka Trump's goods, citing weak sales. That move comes amid a growing trade war between America and its trading partners, which stems from Trump's decision to impose punitive tariffs on all imported aluminum and steel, including Canadian imports. The Ivanka Trump company said it had been notified of the pullback in the fall of 2017. Ms. Trump started the brand in 2014 and sales soared during the 2016 presidential campaig",,
article_03,unmatched_prediction,,assumption,,,3179,3184,0,,strom,to fully renew its spring order for the Ivanka Trump line. That prompted her father to lash out at the company on Twitter. My daughter Ivanka has been treated so unfairly by @Nordstrom. She is a great person -- always pushing me to do the right thing! Terrible! Ms. Trump's business later launched a direct-to-consumer website that would bypass reluctant retailer,,
article_03,unmatched_prediction,,assumption,,,3260,3261,0,,!,"er to lash out at the company on Twitter. My daughter Ivanka has been treated so unfairly by @Nordstrom. She is a great person -- always pushing me to do the right thing! Terrible! Ms. Trump's business later launched a direct-to-consumer website that would bypass reluctant retailers. Though Ms. Trump made note of ""strong sales"" and a ""rapidly growing"" e-co",,
article_03,unmatched_prediction,,assumption,,,3980,3984,0,,But,"owing allegations it was involved in stealing American trade secrets. Ms. Trump had put her company, IT Collection LLC, in a trust to help alleviate conflict-of-interest concerns. But because she is a public figure, those concerns were unavoidable. She wore items from her company's collection during appearances in her White House role, granting free advertising",,
article_03,unmatched_prediction,,anecdote,,,4752,4844,0,,Ms. Trump shared the news with her staff at Trump Tower and visited with members of her team,"them to share it. Ivanka Trump's jewelry company sent a 'style alert' to journalists, promoting the bracelet she wore alongside her dad on @60Minutes pic.twitter.com/KDcIReKbxN Ms. Trump shared the news with her staff at Trump Tower and visited with members of her team, who were ""most likely surprised,"" as the company had previously committed to staying in business for the foreseeable future, according to a source close to Ms. Trump. The staff w",,
article_04,same_label_boundary_difference,assumption,assumption,93,279,0,279,186,a move that is sure to set off a ferocious campaign by the insurance industry to reverse the decision and likely will further complicate the health care politics of the midterm elections,"The Obama administration is proposing a major cut in 2015 payments to Medicare Advantage, in a move that is sure to set off a ferocious campaign by the insurance industry to reverse the decision and likely will further complicate the health care politics of the midterm elections","The Obama administration is proposing a major cut in 2015 payments to Medicare Advantage, in a move that is sure to set off a ferocious campaign by the insurance industry to reverse the decision and likely will further complicate the health care politics of the midterm elections. An annual notice released Friday after the markets closed would reduce Medicare Advantage spending by 3.55 percent. The figure is based on trends in health care spending, which",,
article_04,same_label_boundary_difference,assumption,assumption,513,636,584,636,52,The annual rate adjustment — which is only one of the payment changes — is calculated through a complicated set of formulas,is calculated through a complicated set of formulas,"closed would reduce Medicare Advantage spending by 3.55 percent. The figure is based on trends in health care spending, which has grown at a historically low pace in recent years. The annual rate adjustment — which is only one of the payment changes — is calculated through a complicated set of formulas, and analysts were still sorting out the 148-page proposal that CMS released late in the afternoon to assess the total impact on the increasingly popular program for seniors. Sto",,
article_04,same_label_segmentation_difference,testimony,testimony,1106,1217,1106,1217,111,"“It looks worse,” van der Walde said, while adding that it’s too soon to determine what the final level will be","“It looks worse,” van der Walde said, || while adding that it’s too soon to determine what the final level will be","s investment firms, said the cut is bigger than the industry expected, given estimates the government provided in December. ( Also on POLITICO: Full health care policy coverage) “It looks worse,” van der Walde said, while adding that it’s too soon to determine what the final level will be. Republican and Democratic strategists say any cuts to Medicare Advantage, which now covers a third of all Medicare beneficiaries, will give the GOP ammunition to attack Democrat",,
article_04,same_label_boundary_difference,anecdote,anecdote,2966,3053,3016,3053,37,"Last year, the administration proposed 2.2 percent in cuts for Medicare Advantage plans",in cuts for Medicare Advantage plans,"essive lobbying on Capitol Hill while leveraging a coalition of 1.5 million seniors to hammer Congress with constituent complaints. It’s an approach that has worked in the past. Last year, the administration proposed 2.2 percent in cuts for Medicare Advantage plans. After a six-week campaign that included paid advertising inside the Beltway and beyond, and letters from at least 160 supportive lawmakers from both parties, CMS reversed a key a",,
article_04,same_label_boundary_difference,assumption,assumption,4609,4653,4605,4653,44,one important detail was immediately evident,But one important detail was immediately evident,"hanges and adjustments already required under current law, despite the recent claims to the contrary,” Edwin Park, of the Center on Budget and Policy Priorities, noted via email. But one important detail was immediately evident: A quality bonus demonstration project that effectively shielded plans from some Obamacare cuts over the past three years is being allowed to sunset as scheduled at the end of 201",,
article_04,same_label_boundary_difference,testimony,testimony,4871,5010,4990,5010,20,"How much flexibility the administration has to revise the payment plans before they are finalized in April is not clear, van der Walde said",", van der Walde said","t that effectively shielded plans from some Obamacare cuts over the past three years is being allowed to sunset as scheduled at the end of 2014 under the proposed payment policy. How much flexibility the administration has to revise the payment plans before they are finalized in April is not clear, van der Walde said. “Unlike last year, there’s no obvious assumption change that can easily be made and we have the additional backdrop of a challenging ACA implementation and midterm elections,” he",,
article_04,same_label_boundary_difference,statistics,statistics,3667,3772,3659,3772,105,Avalere Health reported Friday that Medicare Advantage enrollment grew nearly 9 percent from 2013 to 2014,"Indeed, Avalere Health reported Friday that Medicare Advantage enrollment grew nearly 9 percent from 2013 to 2014","t drop in payments. That drew warnings of substantial benefit reductions for seniors. For the most part, those did not materialize. ( Also on POLITICO: Obama pushes ACA sign-up) Indeed, Avalere Health reported Friday that Medicare Advantage enrollment grew nearly 9 percent from 2013 to 2014. The program now covers almost 16 million people. Friday’s announcement contains several other payment policies in addition to the growth rate that would also affect the total pa",,
article_04,overlapping_different_label,statistics,assumption,398,511,452,511,59,"The figure is based on trends in health care spending, which has grown at a historically low pace in recent years",which has grown at a historically low pace in recent years,"complicate the health care politics of the midterm elections. An annual notice released Friday after the markets closed would reduce Medicare Advantage spending by 3.55 percent. The figure is based on trends in health care spending, which has grown at a historically low pace in recent years. The annual rate adjustment — which is only one of the payment changes — is calculated through a complicated set of formulas, and analysts were still sorting out the 148-page prop",,
article_04,overlapping_different_label,assumption,anecdote,642,810,641,810,168,analysts were still sorting out the 148-page proposal that CMS released late in the afternoon to assess the total impact on the increasingly popular program for seniors,analysts were still sorting out the 148-page proposal that CMS released late in the afternoon to assess the total impact on the increasingly popular program for seniors,"s grown at a historically low pace in recent years. The annual rate adjustment — which is only one of the payment changes — is calculated through a complicated set of formulas, and analysts were still sorting out the 148-page proposal that CMS released late in the afternoon to assess the total impact on the increasingly popular program for seniors. Story Continued Below Lambert van der Walde, a former CMS official under President George W. Bush who now advises investment firms, said the cut is bigger than the industry exp",,
article_04,overlapping_different_label,testimony,assumption,1220,1398,1220,1398,178,"Republican and Democratic strategists say any cuts to Medicare Advantage, which now covers a third of all Medicare beneficiaries, will give the GOP ammunition to attack Democrats","Republican and Democratic strategists say any cuts to Medicare Advantage, which now covers a third of all Medicare beneficiaries, will give the GOP ammunition to attack Democrats","December. ( Also on POLITICO: Full health care policy coverage) “It looks worse,” van der Walde said, while adding that it’s too soon to determine what the final level will be. Republican and Democratic strategists say any cuts to Medicare Advantage, which now covers a third of all Medicare beneficiaries, will give the GOP ammunition to attack Democrats. Some Democrats have already asked the administration to leave the program alone. Forty senators, including vulnerable Democrats Kay Hagan of North Carolina, Mary Landrieu of Lou",,
article_04,overlapping_different_label,testimony,anecdote,1482,1651,1482,1844,169,"Forty senators, including vulnerable Democrats Kay Hagan of North Carolina, Mary Landrieu of Louisiana, Mark Pryor of Arkansas and Mark Udall of Colorado, as well as Sen","Forty senators, including vulnerable Democrats Kay Hagan of North Carolina, Mary Landrieu of Louisiana, Mark Pryor of Arkansas and Mark Udall of Colorado, as well as Sen. Chuck Schumer (D-N.Y.) and a host of Republicans, sent a letter Tuesday asking the administration to “prioritize beneficiaries’ experience and minimize disruption to payment levels for 2015.”","w covers a third of all Medicare beneficiaries, will give the GOP ammunition to attack Democrats. Some Democrats have already asked the administration to leave the program alone. Forty senators, including vulnerable Democrats Kay Hagan of North Carolina, Mary Landrieu of Louisiana, Mark Pryor of Arkansas and Mark Udall of Colorado, as well as Sen. Chuck Schumer (D-N.Y.) and a host of Republicans, sent a letter Tuesday asking the administration to “prioritize beneficiaries’ experience and minimize disruption to payment levels for 2015.” Friday afternoon, a memo from House Majority Leader Eric Cantor highlighted plans for Republicans to focus on “the negative impact on seniors from the Medicare Advantage cuts.”",,
article_04,overlapping_different_label,anecdote,assumption,2024,2347,2339,2347,8,"Insurers recently launched a pre-emptive, seven-figure campaign to pressure the Obama administration to turn the various payment dials in order to offset a variety of cuts to the program, including reductions under the Affordable Care Act to bring payments to the private plans in line with the traditional Medicare program",program,"Friday afternoon, a memo from House Majority Leader Eric Cantor highlighted plans for Republicans to focus on “the negative impact on seniors from the Medicare Advantage cuts.” Insurers recently launched a pre-emptive, seven-figure campaign to pressure the Obama administration to turn the various payment dials in order to offset a variety of cuts to the program, including reductions under the Affordable Care Act to bring payments to the private plans in line with the traditional Medicare program. ( Also on POLITICO: The politics of Obamacare delays) In a statement Friday evening, the industry trade group America’s Health Insurance Plans predicted that the proposed cuts",,
article_04,overlapping_different_label,testimony,anecdote,2405,2620,2570,2620,50,"In a statement Friday evening, the industry trade group America’s Health Insurance Plans predicted that the proposed cuts would result in seniors losing benefits and choices and urged that payment rates be kept flat",choices and urged that payment rates be kept flat,"uctions under the Affordable Care Act to bring payments to the private plans in line with the traditional Medicare program. ( Also on POLITICO: The politics of Obamacare delays) In a statement Friday evening, the industry trade group America’s Health Insurance Plans predicted that the proposed cuts would result in seniors losing benefits and choices and urged that payment rates be kept flat. “Another round of payment cuts would be devastating,” said AHIP President and CEO Karen Ignagni. AHIP has pledged to continue that campaign of advertising and aggressive lobbyin",,
article_04,overlapping_different_label,testimony,assumption,2720,2916,2720,2916,196,AHIP has pledged to continue that campaign of advertising and aggressive lobbying on Capitol Hill while leveraging a coalition of 1.5 million seniors to hammer Congress with constituent complaints,AHIP has pledged to continue that campaign of advertising and aggressive lobbying on Capitol Hill while leveraging a coalition of 1.5 million seniors to hammer Congress with constituent complaints,"in seniors losing benefits and choices and urged that payment rates be kept flat. “Another round of payment cuts would be devastating,” said AHIP President and CEO Karen Ignagni. AHIP has pledged to continue that campaign of advertising and aggressive lobbying on Capitol Hill while leveraging a coalition of 1.5 million seniors to hammer Congress with constituent complaints. It’s an approach that has worked in the past. Last year, the administration proposed 2.2 percent in cuts for Medicare Advantage plans. After a six-week campaign that included p",,
article_04,overlapping_different_label,statistics,anecdote,3055,3336,3054,3336,281,"After a six-week campaign that included paid advertising inside the Beltway and beyond, and letters from at least 160 supportive lawmakers from both parties, CMS reversed a key assumption that had long been built into its estimates and instead put forward a 3.3 percent growth rate","After a six-week campaign that included paid advertising inside the Beltway and beyond, and letters from at least 160 supportive lawmakers from both parties, CMS reversed a key assumption that had long been built into its estimates and instead put forward a 3.3 percent growth rate","ammer Congress with constituent complaints. It’s an approach that has worked in the past. Last year, the administration proposed 2.2 percent in cuts for Medicare Advantage plans. After a six-week campaign that included paid advertising inside the Beltway and beyond, and letters from at least 160 supportive lawmakers from both parties, CMS reversed a key assumption that had long been built into its estimates and instead put forward a 3.3 percent growth rate. Even so, because of a variety of other moves and cuts, the industry estimated that Medicare Advantage plans suffered a cumulative 6.5 percent drop in payments. That drew warning",,
article_04,overlapping_different_label,anecdote,assumption,3960,4105,3959,4105,145,"Those policies, including for risk adjustment, “coding intensity” and a quality bonus program, were still being reviewed by industry stakeholders","Those policies, including for risk adjustment, “coding intensity” and a quality bonus program, were still being reviewed by industry stakeholders","rogram now covers almost 16 million people. Friday’s announcement contains several other payment policies in addition to the growth rate that would also affect the total payments. Those policies, including for risk adjustment, “coding intensity” and a quality bonus program, were still being reviewed by industry stakeholders. Some policy experts noted that the rate announcement is an annual adjustment the administration makes, not a new policy. And the Medicare Advantage cuts are no surprise, they sa",,
article_04,overlapping_different_label,testimony,anecdote,4108,4227,4210,4227,17,"Some policy experts noted that the rate announcement is an annual adjustment the administration makes, not a new policy",not a new policy,"also affect the total payments. Those policies, including for risk adjustment, “coding intensity” and a quality bonus program, were still being reviewed by industry stakeholders. Some policy experts noted that the rate announcement is an annual adjustment the administration makes, not a new policy. And the Medicare Advantage cuts are no surprise, they said; most were already included in the ACA and other steps Congress has taken. “There don’t appear to be any new cuts that",,
article_04,overlapping_different_label,testimony,assumption,4233,4287,4282,4287,5,"the Medicare Advantage cuts are no surprise, they said",said,", were still being reviewed by industry stakeholders. Some policy experts noted that the rate announcement is an annual adjustment the administration makes, not a new policy. And the Medicare Advantage cuts are no surprise, they said; most were already included in the ACA and other steps Congress has taken. “There don’t appear to be any new cuts that weren’t payment changes and adjustments already required un",,
article_04,overlapping_different_label,anecdote,assumption,4655,4868,4654,4868,213,A quality bonus demonstration project that effectively shielded plans from some Obamacare cuts over the past three years is being allowed to sunset as scheduled at the end of 2014 under the proposed payment policy,A quality bonus demonstration project that effectively shielded plans from some Obamacare cuts over the past three years is being allowed to sunset as scheduled at the end of 2014 under the proposed payment policy,"rent law, despite the recent claims to the contrary,” Edwin Park, of the Center on Budget and Policy Priorities, noted via email. But one important detail was immediately evident: A quality bonus demonstration project that effectively shielded plans from some Obamacare cuts over the past three years is being allowed to sunset as scheduled at the end of 2014 under the proposed payment policy. How much flexibility the administration has to revise the payment plans before they are finalized in April is not clear, van der Walde said. “Unlike last year, there’s no obviou",,
article_04,unmatched_gold_span,other,,0,88,,,0,The Obama administration is proposing a major cut in 2015 payments to Medicare Advantage,,"The Obama administration is proposing a major cut in 2015 payments to Medicare Advantage, in a move that is sure to set off a ferocious campaign by the insurance industry to reverse the decision and likely will further complicate the health care politics of the midter",,
article_04,unmatched_gold_span,testimony,,1653,1844,,,0,"Chuck Schumer (D-N.Y.) and a host of Republicans, sent a letter Tuesday asking the administration to “prioritize beneficiaries’ experience and minimize disruption to payment levels for 2015.”",,"alone. Forty senators, including vulnerable Democrats Kay Hagan of North Carolina, Mary Landrieu of Louisiana, Mark Pryor of Arkansas and Mark Udall of Colorado, as well as Sen. Chuck Schumer (D-N.Y.) and a host of Republicans, sent a letter Tuesday asking the administration to “prioritize beneficiaries’ experience and minimize disruption to payment levels for 2015.” Friday afternoon, a memo from House Majority Leader Eric Cantor highlighted plans for Republicans to focus on “the negative impact on seniors from the Medicare Advantage cuts.”",,
article_04,unmatched_prediction,,assumption,,,442,451,0,,spending,"midterm elections. An annual notice released Friday after the markets closed would reduce Medicare Advantage spending by 3.55 percent. The figure is based on trends in health care spending, which has grown at a historically low pace in recent years. The annual rate adjustment — which is only one of the payment changes — is calculated through a complicated set of for",,
article_04,unmatched_prediction,,statistics,,,3339,3343,0,,Even,"at least 160 supportive lawmakers from both parties, CMS reversed a key assumption that had long been built into its estimates and instead put forward a 3.3 percent growth rate. Even so, because of a variety of other moves and cuts, the industry estimated that Medicare Advantage plans suffered a cumulative 6.5 percent drop in payments. That drew warnings of su",,
article_04,unmatched_prediction,,assumption,,,3646,3648,0,,CA,"ve 6.5 percent drop in payments. That drew warnings of substantial benefit reductions for seniors. For the most part, those did not materialize. ( Also on POLITICO: Obama pushes ACA sign-up) Indeed, Avalere Health reported Friday that Medicare Advantage enrollment grew nearly 9 percent from 2013 to 2014. The program now covers almost 16 million people. Frid",,
article_05,same_label_segmentation_difference,anecdote,anecdote,773,949,772,949,176,"By afternoon, conspiracy theorist Alex Jones was rallying people outside—until he was interrupted by a popular comedian asking the fringe radio host to “have sex with my wife.”","By afternoon, conspiracy theorist Alex Jones was rallying people outside— || until he was interrupted by a popular comedian asking the fringe radio host to “have sex with my wife.”","ay started with Trump’s campaign attacking popular Ohio governor and former presidential challenger John Kasich as an “embarrassment” for not attending the convention in Cleveland. By afternoon, conspiracy theorist Alex Jones was rallying people outside—until he was interrupted by a popular comedian asking the fringe radio host to “have sex with my wife.” Not long after, a fight erupted on the convention floor, with anti-Trump delegates demanding a roll call vote before the RNC got underway. At another point, Rep. Steve King was o",,
article_05,same_label_segmentation_difference,testimony,testimony,1652,2011,1651,2011,358,"“They taught and showed me values and morals in their daily life. That is a lesson that I continue to pass along to our son, and we need to pass those lessons on to the many generations to follow because we want our children in this nation to know that the only limit to your achievements is the strength of your dreams and your willingness to work for them.”","“They taught and showed me values and morals in their daily life || That is a lesson that I continue to pass along to our son, and we need to pass those lessons on to the many generations to follow because we want our children in this nation to know that the only limit to your achievements is the strength of your dreams and your willingness to work for them.”","work hard for what you want in life, that your word is your bond and you do what you say and keep your promise; that you treat people with respect,” Melania said [emphasis added]. “They taught and showed me values and morals in their daily life. That is a lesson that I continue to pass along to our son, and we need to pass those lessons on to the many generations to follow because we want our children in this nation to know that the only limit to your achievements is the strength of your dreams and your willingness to work for them.” Here’s Michelle eight years ago: “Barack and I were raised with so many of the same values: that you work hard for what you want in life; that your word is your bond and you do",,
article_05,same_label_segmentation_difference,testimony,testimony,2020,2636,2048,2636,586,"Michelle eight years ago: “Barack and I were raised with so many of the same values: that you work hard for what you want in life; that your word is your bond and you do what you say you’re going to do; that you treat people with dignity and respect, even if you don't know them, and even if you don’t agree with them. And Barack and I set out to build lives guided by these values, and pass them on to the next generation. Because we want our children—and all children in this nation—to know that the only limit to the height of your achievements is the reach of your dreams and your willingness to work for them.”","Barack and I were raised with so many of the same values: that you work hard for what you want in life; that your word is your bond and you do what you say you’re going to do; that you treat people with dignity and respect, even if you don't know them, and even if you don’t agree with them || And Barack and I set out to build lives guided by these values, and pass them on to the next generation || Because we want our children—and all children in this nation—to know that the only limit to the height of your achievements is the reach of your dreams and your willingness to work for them.”","follow because we want our children in this nation to know that the only limit to your achievements is the strength of your dreams and your willingness to work for them.” Here’s Michelle eight years ago: “Barack and I were raised with so many of the same values: that you work hard for what you want in life; that your word is your bond and you do what you say you’re going to do; that you treat people with dignity and respect, even if you don't know them, and even if you don’t agree with them. And Barack and I set out to build lives guided by these values, and pass them on to the next generation. Because we want our children—and all children in this nation—to know that the only limit to the height of your achievements is the reach of your dreams and your willingness to work for them.” Before the convention, Team Trump told CNN that Melania spent five to six weeks working on the speech. She told Matt Lauer on Monday afternoon that she had “as little help as pos",,
article_05,same_label_boundary_difference,anecdote,anecdote,3531,3663,3605,3663,58,"By 7:30 a.m., Chris Christie offered a more qualified defense of Melania’s speech when the Today show asked him if it was plagiarism",speech when the Today show asked him if it was plagiarism,"ry Clinton. “This is once again an example of when a woman threatens Hillary Clinton she’ll... take her down,” campaign manager Paul Manafort told CNN. “It’s not going to work.” By 7:30 a.m., Chris Christie offered a more qualified defense of Melania’s speech when the Today show asked him if it was plagiarism. “Not when 93 percent of the speech is completely different than Michelle Obama’s speech,” he said. “They expressed some common thoughts.” The idea that any Republican would sha",,
article_05,same_label_boundary_difference,testimony,testimony,1406,1633,1406,1649,227,"“From a young age, my parents impressed on me the values that you work hard for what you want in life, that your word is your bond and you do what you say and keep your promise; that you treat people with respect,” Melania said","“From a young age, my parents impressed on me the values that you work hard for what you want in life, that your word is your bond and you do what you say and keep your promise; that you treat people with respect,” Melania said [emphasis added","peaker recalled in the most minute detail the attacks on the U.S. compound in Benghazi. Then Melania took the stage and repeated almost line-for-line what Michelle said in 2008: “From a young age, my parents impressed on me the values that you work hard for what you want in life, that your word is your bond and you do what you say and keep your promise; that you treat people with respect,” Melania said [emphasis added]. “They taught and showed me values and morals in their daily life. That is a lesson that I continue to pass along to our son, and we need to pass those lessons on to the many gen",,
article_05,same_label_segmentation_difference,testimony,testimony,4402,4530,4407,4530,112,Glenn Beck in 2012: “This is who they are. They’re anti-colonialists. They believe America has oppressed the rest of the world.”,Beck || “This is who they are || They’re anti-colonialists || They believe America has oppressed the rest of the world.”,"at she was thrilled to see Americans turning out to vote, but the meme that the Princeton and Harvard Law grad was a crypto-black militant had stuck. To take but one example from Glenn Beck in 2012: “This is who they are. They’re anti-colonialists. They believe America has oppressed the rest of the world.” Trump himself used Joe Biden’s plagiarism scandal to question Obama's running mate in 2008, telling Wolf Blitzer, “You know, he's also been involved in pretty big controversy lik",,
article_05,same_label_segmentation_difference,testimony,testimony,4532,4890,4614,4890,272,"Trump himself used Joe Biden’s plagiarism scandal to question Obama's running mate in 2008, telling Wolf Blitzer, “You know, he's also been involved in pretty big controversy like plagiarism in college and various other things. That's a pretty big statement. So perhaps you change over a period of time. But when you plagiarize, that's a very bad statement.”","in 2008 || telling Wolf Blitzer, “You know, he's also been involved in pretty big controversy like plagiarism in college and various other things || That's a pretty big statement || So perhaps you change over a period of time || But when you plagiarize, that's a very bad statement.”","militant had stuck. To take but one example from Glenn Beck in 2012: “This is who they are. They’re anti-colonialists. They believe America has oppressed the rest of the world.” Trump himself used Joe Biden’s plagiarism scandal to question Obama's running mate in 2008, telling Wolf Blitzer, “You know, he's also been involved in pretty big controversy like plagiarism in college and various other things. That's a pretty big statement. So perhaps you change over a period of time. But when you plagiarize, that's a very bad statement.”",,
article_05,overlapping_different_label,testimony,assumption,351,426,410,426,16,"Back then, Republicans claimed Michelle Obama wasn’t “proud” of her country",” of her country,"tion. An entire section of Trump’s speech—focused on the values she and her husband share—appears to be lifted directly from Obama’s comments on the same subject eight years ago. Back then, Republicans claimed Michelle Obama wasn’t “proud” of her country; now Republicans defend her words when they’re coming out of Melania’s mouth. The controversy capped a chaotic first day of the Republican National Convention. Monday started wit",,
article_05,overlapping_different_label,testimony,anecdote,1090,1194,1089,1194,104,"At another point, Rep. Steve King was on MSNBC suggesting white people are better than any “sub-groups.”","At another point, Rep. Steve King was on MSNBC suggesting white people are better than any “sub-groups.”","e radio host to “have sex with my wife.” Not long after, a fight erupted on the convention floor, with anti-Trump delegates demanding a roll call vote before the RNC got underway. At another point, Rep. Steve King was on MSNBC suggesting white people are better than any “sub-groups.” By the evening, speaker after speaker recalled in the most minute detail the attacks on the U.S. compound in Benghazi. Then Melania took the stage and repeated almost line-for-li",,
article_05,overlapping_different_label,anecdote,assumption,3273,3361,3269,3361,88,"by 1:30 a.m., the campaign finally addressed the plagiarism—and attacked Hillary Clinton","But by 1:30 a.m., the campaign finally addressed the plagiarism—and attacked Hillary Clinton","hinking,” spokesman Jason Miller said in a statement late Monday. “Melania’s immigrant experience and love for America shone through in her speech, which made it such a success.” But by 1:30 a.m., the campaign finally addressed the plagiarism—and attacked Hillary Clinton. “This is once again an example of when a woman threatens Hillary Clinton she’ll... take her down,” campaign manager Paul Manafort told CNN. “It’s not going to work.” By 7:30 a.",,
article_05,overlapping_different_label,assumption,anecdote,1315,1403,1342,1403,61,Then Melania took the stage and repeated almost line-for-line what Michelle said in 2008,and repeated almost line-for-line what Michelle said in 2008,"C suggesting white people are better than any “sub-groups.” By the evening, speaker after speaker recalled in the most minute detail the attacks on the U.S. compound in Benghazi. Then Melania took the stage and repeated almost line-for-line what Michelle said in 2008: “From a young age, my parents impressed on me the values that you work hard for what you want in life, that your word is your bond and you do what you say and keep your promise;",,
article_05,overlapping_different_label,assumption,testimony,3931,4159,4023,4159,136,"Republicans went ballistic when the future First Lady told a crowd of voters in Feb. 2008: “For the first time in my adult life, I am really proud of my country because it feels like hope is finally making a comeback,” she said","“For the first time in my adult life, I am really proud of my country because it feels like hope is finally making a comeback,” she said","ch,” he said. “They expressed some common thoughts.” The idea that any Republican would share “common thoughts” with Michelle Obama would’ve shocking to the GOP until last night. Republicans went ballistic when the future First Lady told a crowd of voters in Feb. 2008: “For the first time in my adult life, I am really proud of my country because it feels like hope is finally making a comeback,” she said. The Obamas subsequently explained that what she meant was that she was thrilled to see Americans turning out to vote, but the meme that the Princeton and Harvard Law grad was a",,
article_05,unmatched_prediction,,assumption,,,2017,2044,0,,’s Michelle eight years ago,to follow because we want our children in this nation to know that the only limit to your achievements is the strength of your dreams and your willingness to work for them.” Here’s Michelle eight years ago: “Barack and I were raised with so many of the same values: that you work hard for what you want in life; that your word is your bond and you do what you say you’re going to do;,,
article_05,unmatched_prediction,,anecdote,,,3942,4020,0,,went ballistic when the future First Lady told a crowd of voters in Feb. 2008,"d. “They expressed some common thoughts.” The idea that any Republican would share “common thoughts” with Michelle Obama would’ve shocking to the GOP until last night. Republicans went ballistic when the future First Lady told a crowd of voters in Feb. 2008: “For the first time in my adult life, I am really proud of my country because it feels like hope is finally making a comeback,” she said. The Obamas subsequently explained that",,
article_06,same_label_boundary_difference,testimony,testimony,229,404,333,404,71,"They moved in some 16 hours after the siege began, after hearing gunfire inside the Lindt Chocolate Cafe, New South Wales police Commissioner Andrew P. Scipione told reporters",", New South Wales police Commissioner Andrew P. Scipione told reporters","ed but the investigation is just beginning. Australian authorities stormed the cafe where a self-styled Muslim cleric had been holding hostages early Tuesday, killing the gunman. They moved in some 16 hours after the siege began, after hearing gunfire inside the Lindt Chocolate Cafe, New South Wales police Commissioner Andrew P. Scipione told reporters. Two of the 17 hostages initially held by the gunman died, according to Scipione. They were later identified as Katrina Dawson, 38, and Tori Johnson, 34. Other people were injure",,
article_06,same_label_boundary_difference,testimony,testimony,407,486,463,486,23,"Two of the 17 hostages initially held by the gunman died, according to Scipione",", according to Scipione",". They moved in some 16 hours after the siege began, after hearing gunfire inside the Lindt Chocolate Cafe, New South Wales police Commissioner Andrew P. Scipione told reporters. Two of the 17 hostages initially held by the gunman died, according to Scipione. They were later identified as Katrina Dawson, 38, and Tori Johnson, 34. Other people were injured, including a police officer who suffered a wound to the face from gunshot pellet",,
article_06,same_label_segmentation_difference,testimony,testimony,726,903,726,903,176,"""Understandably, there is a lot of speculation, but it will take time to clarify exactly what happened ... and why,"" Australian Prime Minister Tony Abbott told reporters Tuesday","""Understandably, there is a lot of speculation || but it will take time to clarify exactly what happened ... and why,"" Australian Prime Minister Tony Abbott told reporters Tuesday","Johnson, 34. Other people were injured, including a police officer who suffered a wound to the face from gunshot pellets. All were described by police to be in stable condition. ""Understandably, there is a lot of speculation, but it will take time to clarify exactly what happened ... and why,"" Australian Prime Minister Tony Abbott told reporters Tuesday. What did the gunman want? Why did he choose the cafe as his target? ""There is nothing more Australian than dropping in at the local cafe for a morning coffee, and it's tragic b",,
article_06,same_label_boundary_difference,testimony,testimony,1995,2107,2065,2107,42,"Before the raid, Monis had demanded a flag and phone call with Abbott, CNN affiliate Sky News Australia reported",CNN affiliate Sky News Australia reported,"Abbott told reporters that the gunman was already well-known to authorities, and that he had a ""long history of violent crime, infatuation with extremism and mental instability."" Before the raid, Monis had demanded a flag and phone call with Abbott, CNN affiliate Sky News Australia reported. He made the demands through hostages who contacted media organizations, Sky News reported. Some hostages had also reportedly posted messages to social networking sites and the Y",,
article_06,same_label_boundary_difference,testimony,testimony,2374,2569,2531,2569,38,"Monis, also known as Sheikh Haron, pleaded guilty in 2013 to writing letters to relatives of Australian service members saying they were ""Hitler's soldiers,"" according to Australian media reports",according to Australian media reports,"rted. Some hostages had also reportedly posted messages to social networking sites and the YouTube online video service. Police urged media early Tuesday not to show the videos. Monis, also known as Sheikh Haron, pleaded guilty in 2013 to writing letters to relatives of Australian service members saying they were ""Hitler's soldiers,"" according to Australian media reports. He was believed to be acting alone, and he didn't appear to be part of a broader plot, additional U.S. law enforcement and intelligence sources said. The scene in Sydney: Grena",,
article_06,same_label_boundary_difference,testimony,testimony,2572,2720,2644,2720,76,"He was believed to be acting alone, and he didn't appear to be part of a broader plot, additional U.S. law enforcement and intelligence sources said","broader plot, additional U.S. law enforcement and intelligence sources said","as Sheikh Haron, pleaded guilty in 2013 to writing letters to relatives of Australian service members saying they were ""Hitler's soldiers,"" according to Australian media reports. He was believed to be acting alone, and he didn't appear to be part of a broader plot, additional U.S. law enforcement and intelligence sources said. The scene in Sydney: Grenades and gunfire How the siege unfolded Hundreds of police officers, including snipers, surrounded the cafe in Sydney's central business district shor",,
article_06,same_label_boundary_difference,anecdote,anecdote,2790,2980,2790,2979,189,"Hundreds of police officers, including snipers, surrounded the cafe in Sydney's central business district shortly after the gunman took over the building at 10 a.m. Monday (6 p.m. ET Sunday)","Hundreds of police officers, including snipers, surrounded the cafe in Sydney's central business district shortly after the gunman took over the building at 10 a.m. Monday (6 p.m. ET Sunday","d he didn't appear to be part of a broader plot, additional U.S. law enforcement and intelligence sources said. The scene in Sydney: Grenades and gunfire How the siege unfolded Hundreds of police officers, including snipers, surrounded the cafe in Sydney's central business district shortly after the gunman took over the building at 10 a.m. Monday (6 p.m. ET Sunday). Chilling images from Australian media showed people, believed to be hostages, with their hands pressed against the cafe's windows. They were holding up a black flag with Arabic",,
article_06,same_label_boundary_difference,testimony,testimony,3246,3424,3387,3424,37,"Five hostages sprinted out of the cafe toward heavily armed police officers several hours into the standoff, sending the gunman into a tirade, according to an Australian reporter",", according to an Australian reporter","their hands pressed against the cafe's windows. They were holding up a black flag with Arabic writing on it reading, ""There is no God but God and Mohammed is the prophet of God."" Five hostages sprinted out of the cafe toward heavily armed police officers several hours into the standoff, sending the gunman into a tirade, according to an Australian reporter. Chris Reason, a correspondent for CNN affiliate Seven Network, said the gunman became ""extremely agitated"" when he realized what had happened and ""started screaming orders"" at t",,
article_06,same_label_segmentation_difference,testimony,testimony,4616,4766,4615,4766,149,"""She was a devoted mother of three children and a valued member of her floor and of our bar community. Our thoughts are with her family at this time.""","""She was a devoted mother of three children and a valued member of her floor and of our bar community || Our thoughts are with her family at this time.""","rina was one of our best and brightest barristers who will be greatly missed by her colleagues and friends at the NSW Bar,"" the New South Wales Bar Association said in a statement. ""She was a devoted mother of three children and a valued member of her floor and of our bar community. Our thoughts are with her family at this time."" Johnson's family also released a statement. It read, in part: ""We are so proud of our beautiful boy Tori, gone from this Earth but forever in our memories as the most amazing lif",,
article_06,overlapping_different_label,anecdote,assumption,0,91,0,51,51,The deadly siege of a central Sydney cafe has ended but the investigation is just beginning,The deadly siege of a central Sydney cafe has ended,"The deadly siege of a central Sydney cafe has ended but the investigation is just beginning. Australian authorities stormed the cafe where a self-styled Muslim cleric had been holding hostages early Tuesday, killing the gunman. They moved in some 16 hours after the sieg",,
article_06,overlapping_different_label,other,assumption,932,972,931,973,40,Why did he choose the cafe as his target,Why did he choose the cafe as his target?,"a lot of speculation, but it will take time to clarify exactly what happened ... and why,"" Australian Prime Minister Tony Abbott told reporters Tuesday. What did the gunman want? Why did he choose the cafe as his target? ""There is nothing more Australian than dropping in at the local cafe for a morning coffee, and it's tragic beyond words that people going about their everyday business should hav",,
article_06,overlapping_different_label,other,assumption,906,930,906,931,24,What did the gunman want,What did the gunman want?,"""Understandably, there is a lot of speculation, but it will take time to clarify exactly what happened ... and why,"" Australian Prime Minister Tony Abbott told reporters Tuesday. What did the gunman want? Why did he choose the cafe as his target? ""There is nothing more Australian than dropping in at the local cafe for a morning coffee, and it's tragic beyond words that people goin",,
article_06,overlapping_different_label,anecdote,assumption,1580,1606,1580,1606,26,Gunman had violent history,Gunman had violent history,"lnerable to acts of politically motivated violence,"" the Prime Minister said. ""But they also remind us that Australia, and Australians are resilient and we are ready to respond."" Gunman had violent history The gunman was identified as Man Haron Monis by an official with direct knowledge of the situation. According to his social media posts, the hostage-taker appears to have embrace",,
article_06,overlapping_different_label,testimony,assumption,1708,1812,1778,1812,34,"According to his social media posts, the hostage-taker appears to have embraced a radical Sunni theology",embraced a radical Sunni theology,"alians are resilient and we are ready to respond."" Gunman had violent history The gunman was identified as Man Haron Monis by an official with direct knowledge of the situation. According to his social media posts, the hostage-taker appears to have embraced a radical Sunni theology. Abbott told reporters that the gunman was already well-known to authorities, and that he had a ""long history of violent crime, infatuation with extremism and mental instability.",,
article_06,overlapping_different_label,testimony,anecdote,2109,2198,2184,2198,14,"He made the demands through hostages who contacted media organizations, Sky News reported",News reported,"olent crime, infatuation with extremism and mental instability."" Before the raid, Monis had demanded a flag and phone call with Abbott, CNN affiliate Sky News Australia reported. He made the demands through hostages who contacted media organizations, Sky News reported. Some hostages had also reportedly posted messages to social networking sites and the YouTube online video service. Police urged media early Tuesday not to show the videos. Moni",,
article_06,overlapping_different_label,testimony,anecdote,2316,2371,2315,2371,55,Police urged media early Tuesday not to show the videos,Police urged media early Tuesday not to show the videos,"h hostages who contacted media organizations, Sky News reported. Some hostages had also reportedly posted messages to social networking sites and the YouTube online video service. Police urged media early Tuesday not to show the videos. Monis, also known as Sheikh Haron, pleaded guilty in 2013 to writing letters to relatives of Australian service members saying they were ""Hitler's soldiers,"" according to Austra",,
article_06,overlapping_different_label,testimony,anecdote,3751,3843,3750,3843,92,"He described the man as unshaven, wearing a white shirt and black cap and carrying a shotgun","He described the man as unshaven, wearing a white shirt and black cap and carrying a shotgun","nd ""started screaming orders"" at the remaining hostages. Reason said he could see the gunman pacing past the cafe's windows from his vantage point at the network's nearby offices. He described the man as unshaven, wearing a white shirt and black cap and carrying a shotgun. As night fell, lights went out in the cafe, Reason reported. After a tense night, police could be seen early Tuesday throwing flash-bang grenades into the cafe in video aired b",,
article_06,overlapping_different_label,testimony,anecdote,3846,3905,3896,3905,9,"As night fell, lights went out in the cafe, Reason reported",reported,"cing past the cafe's windows from his vantage point at the network's nearby offices. He described the man as unshaven, wearing a white shirt and black cap and carrying a shotgun. As night fell, lights went out in the cafe, Reason reported. After a tense night, police could be seen early Tuesday throwing flash-bang grenades into the cafe in video aired by Seven Network. Gunfire erupted amid the chaos. A national s",,
article_06,overlapping_different_label,testimony,anecdote,3908,4038,3908,4038,130,"After a tense night, police could be seen early Tuesday throwing flash-bang grenades into the cafe in video aired by Seven Network","After a tense night, police could be seen early Tuesday throwing flash-bang grenades into the cafe in video aired by Seven Network","work's nearby offices. He described the man as unshaven, wearing a white shirt and black cap and carrying a shotgun. As night fell, lights went out in the cafe, Reason reported. After a tense night, police could be seen early Tuesday throwing flash-bang grenades into the cafe in video aired by Seven Network. Gunfire erupted amid the chaos. A national security source in the United States said that a team of Australian special forces troops and police had entered the Lindt Chocolate C",,
article_06,unmatched_prediction,,assumption,,,55,91,0,,the investigation is just beginning,"The deadly siege of a central Sydney cafe has ended but the investigation is just beginning. Australian authorities stormed the cafe where a self-styled Muslim cleric had been holding hostages early Tuesday, killing the gunman. They moved in some 16 hours after the sieg",,
article_06,unmatched_prediction,,anecdote,,,1995,2064,0,,"Before the raid, Monis had demanded a flag and phone call with Abbott","Abbott told reporters that the gunman was already well-known to authorities, and that he had a ""long history of violent crime, infatuation with extremism and mental instability."" Before the raid, Monis had demanded a flag and phone call with Abbott, CNN affiliate Sky News Australia reported. He made the demands through hostages who contacted media organizations, Sky News reported. Some hostages had also reportedly posted me",,
article_06,unmatched_prediction,,assumption,,,2572,2606,0,,He was believed to be acting alone,"as Sheikh Haron, pleaded guilty in 2013 to writing letters to relatives of Australian service members saying they were ""Hitler's soldiers,"" according to Australian media reports. He was believed to be acting alone, and he didn't appear to be part of a broader plot, additional U.S. law enforcement and intelligence sources said. The scene in Sydney: Grenades and gunfire How the siege unfold",,
article_06,unmatched_prediction,,anecdote,,,3246,3353,0,,Five hostages sprinted out of the cafe toward heavily armed police officers several hours into the standoff,"their hands pressed against the cafe's windows. They were holding up a black flag with Arabic writing on it reading, ""There is no God but God and Mohammed is the prophet of God."" Five hostages sprinted out of the cafe toward heavily armed police officers several hours into the standoff, sending the gunman into a tirade, according to an Australian reporter. Chris Reason, a correspondent for CNN affiliate Seven Network, said the gunman became ""extremely agitated""",,
article_07,same_label_segmentation_difference,testimony,testimony,1067,1144,1066,1144,77,"""This president is not able to do that. He is morally unfit to be president.""","""This president is not able to do that. || He is morally unfit to be president.""","that are at the core of this country, the most important being truth,"" Comey said last week, according to a transcript of the entire interview that ABC News published Sunday night. ""This president is not able to do that. He is morally unfit to be president."" Trump lies are so promiscuous that ""sometimes he's lying in ways that are obvious, sometimes he's saying things that we may not know are true or false, and then there's a spectru",,
article_07,same_label_boundary_difference,testimony,testimony,1146,1372,1151,1372,221,"Trump lies are so promiscuous that ""sometimes he's lying in ways that are obvious, sometimes he's saying things that we may not know are true or false, and then there's a spectrum in between,"" Comey said, according to ABC News","lies are so promiscuous that ""sometimes he's lying in ways that are obvious, sometimes he's saying things that we may not know are true or false, and then there's a spectrum in between,"" Comey said, according to ABC News","d last week, according to a transcript of the entire interview that ABC News published Sunday night. ""This president is not able to do that. He is morally unfit to be president."" Trump lies are so promiscuous that ""sometimes he's lying in ways that are obvious, sometimes he's saying things that we may not know are true or false, and then there's a spectrum in between,"" Comey said, according to ABC News. ""The challenge of this president is that he will stain everyone around him,"" he said. And he indicated that the president's behavior in a one-on-one meeting could have been cri",,
article_07,same_label_boundary_difference,testimony,testimony,1560,1771,1560,1711,151,"Recounting a key section of his book, Comey said that in a meeting in February 2017, Trump asked Comey to drop the FBI's investigation of Michael Flynn, who had recently resigned as his national security adviser","Recounting a key section of his book, Comey said that in a meeting in February 2017, Trump asked Comey to drop the FBI's investigation of Michael Flynn","challenge of this president is that he will stain everyone around him,"" he said. And he indicated that the president's behavior in a one-on-one meeting could have been criminal. Recounting a key section of his book, Comey said that in a meeting in February 2017, Trump asked Comey to drop the FBI's investigation of Michael Flynn, who had recently resigned as his national security adviser. He said that when Trump asked him privately to drop the investigation of Flynn — an allegation Trump has denied — it was ""certainly some evidence of obstruction of justice."" But",,
article_07,same_label_boundary_difference,testimony,testimony,1952,2045,1951,2007,55,"he said any criminal charge would be up to a prosecutor, who would evaluate Trump's intention",he said any criminal charge would be up to a prosecutor,". He said that when Trump asked him privately to drop the investigation of Flynn — an allegation Trump has denied — it was ""certainly some evidence of obstruction of justice."" But he said any criminal charge would be up to a prosecutor, who would evaluate Trump's intention. White House press secretary Sarah Huckabee Sanders told reporters during a briefing aboard Air Force One on the way to Florida on Monday that the president did not watch the ent",,
article_07,same_label_segmentation_difference,testimony,testimony,4539,4684,4538,4684,145,"""We're no longer that group in America that is apart from the partisans and that can be trusted. We're just another player in the tribal battle.""","""We're no longer that group in America that is apart from the partisans and that can be trusted. || We're just another player in the tribal battle.""","News that he would make the same decision again. ""If I ever start considering whose political fortunes will be affected by a decision, we're done,"" he said, according to ABC News. ""We're no longer that group in America that is apart from the partisans and that can be trusted. We're just another player in the tribal battle."" James Comey joins Rachel Maddow live in-studio Thursday at 9 p.m., ET, on MSNBC. CORRECTION (April 16, 2018, 6:10 a.m.): An earlier version of this article misstated James Comey",,
article_07,same_label_boundary_difference,assumption,assumption,2737,2902,2731,2902,165,much of the president's invective about the investigation — conducted first by the FBI and then by special counsel Robert Mueller — centers on the opposition dossier,While much of the president's invective about the investigation — conducted first by the FBI and then by special counsel Robert Mueller — centers on the opposition dossier,"in the so-called Steele dossier before it even learned of the much-debated 35-page opposition-research document alleging that Trump's presidential campaign colluded with Russia. While much of the president's invective about the investigation — conducted first by the FBI and then by special counsel Robert Mueller — centers on the opposition dossier, Comey told ABC News that ""the investigation was triggered entirely separately from the Steele dossier."" The investigation actually began when the FBI learned in July 2016 that G",,
article_07,same_label_boundary_difference,assumption,assumption,3009,3163,3035,3041,6,"The investigation actually began when the FBI learned in July 2016 that George Papadopoulos, who was briefly an adviser to the Trump presidential campaign",began,"hen by special counsel Robert Mueller — centers on the opposition dossier, Comey told ABC News that ""the investigation was triggered entirely separately from the Steele dossier."" The investigation actually began when the FBI learned in July 2016 that George Papadopoulos, who was briefly an adviser to the Trump presidential campaign, ""had been talking to someone in London about getting dirt that the Russians had on Hillary Clinton."" ""The FBI didn't get any information that's part of the so-called Steele doss",,
article_07,same_label_boundary_difference,testimony,testimony,3165,3265,3080,3265,100,"""had been talking to someone in London about getting dirt that the Russians had on Hillary Clinton.""","George Papadopoulos, who was briefly an adviser to the Trump presidential campaign, ""had been talking to someone in London about getting dirt that the Russians had on Hillary Clinton.""","er, Comey told ABC News that ""the investigation was triggered entirely separately from the Steele dossier."" The investigation actually began when the FBI learned in July 2016 that George Papadopoulos, who was briefly an adviser to the Trump presidential campaign, ""had been talking to someone in London about getting dirt that the Russians had on Hillary Clinton."" ""The FBI didn't get any information that's part of the so-called Steele dossier, as I understand it, until after that,"" he said. Regardless, he said, once it learned of the doss",,
article_07,same_label_boundary_difference,testimony,testimony,3409,3714,3397,3714,305,"he said, once it learned of the dossier, the FBI considered Christopher Steele, the former British intelligence officer who compiled it, to be a credible source, calling him ""someone with a track record, someone who was a credible and respected member of an allied intelligence service during his career.""","Regardless, he said, once it learned of the dossier, the FBI considered Christopher Steele, the former British intelligence officer who compiled it, to be a credible source, calling him ""someone with a track record, someone who was a credible and respected member of an allied intelligence service during his career.""","dirt that the Russians had on Hillary Clinton."" ""The FBI didn't get any information that's part of the so-called Steele dossier, as I understand it, until after that,"" he said. Regardless, he said, once it learned of the dossier, the FBI considered Christopher Steele, the former British intelligence officer who compiled it, to be a credible source, calling him ""someone with a track record, someone who was a credible and respected member of an allied intelligence service during his career."" Comey also spoke at length about what he characterized as his ""no-win situation"" in his deliberations over whether to announce publicly, less than two weeks before the presidenti",,
article_07,same_label_boundary_difference,testimony,testimony,3716,4081,3720,4081,361,"Comey also spoke at length about what he characterized as his ""no-win situation"" in his deliberations over whether to announce publicly, less than two weeks before the presidential election, that the FBI was looking into more emails connected to its investigation of Democratic nominee Hillary Clinton's use of a private email server when she was secretary of state","y also spoke at length about what he characterized as his ""no-win situation"" in his deliberations over whether to announce publicly, less than two weeks before the presidential election, that the FBI was looking into more emails connected to its investigation of Democratic nominee Hillary Clinton's use of a private email server when she was secretary of state","piled it, to be a credible source, calling him ""someone with a track record, someone who was a credible and respected member of an allied intelligence service during his career."" Comey also spoke at length about what he characterized as his ""no-win situation"" in his deliberations over whether to announce publicly, less than two weeks before the presidential election, that the FBI was looking into more emails connected to its investigation of Democratic nominee Hillary Clinton's use of a private email server when she was secretary of state. Comey wrote in ""A Higher Loyalty"" that he assumed Clinton would win — as virtually every major poll suggested — and that he didn't want to tarnish Clinton's presidency as illegi",,
article_07,overlapping_different_label,testimony,assumption,1466,1557,1462,1557,91,he indicated that the president's behavior in a one-on-one meeting could have been criminal,And he indicated that the president's behavior in a one-on-one meeting could have been criminal,"true or false, and then there's a spectrum in between,"" Comey said, according to ABC News. ""The challenge of this president is that he will stain everyone around him,"" he said. And he indicated that the president's behavior in a one-on-one meeting could have been criminal. Recounting a key section of his book, Comey said that in a meeting in February 2017, Trump asked Comey to drop the FBI's investigation of Michael Flynn, who had recently resigne",,
article_07,overlapping_different_label,assumption,anecdote,4874,4934,4876,4934,58,"He is a former director of the FBI, not the current director","is a former director of the FBI, not the current director","mey joins Rachel Maddow live in-studio Thursday at 9 p.m., ET, on MSNBC. CORRECTION (April 16, 2018, 6:10 a.m.): An earlier version of this article misstated James Comey’s title. He is a former director of the FBI, not the current director.",,
article_07,overlapping_different_label,other,anecdote,4686,4765,4691,4755,64,"James Comey joins Rachel Maddow live in-studio Thursday at 9 p.m., ET, on MSNBC","Comey joins Rachel Maddow live in-studio Thursday at 9 p.m., ET","he said, according to ABC News. ""We're no longer that group in America that is apart from the partisans and that can be trusted. We're just another player in the tribal battle."" James Comey joins Rachel Maddow live in-studio Thursday at 9 p.m., ET, on MSNBC. CORRECTION (April 16, 2018, 6:10 a.m.): An earlier version of this article misstated James Comey’s title. He is a former director of the FBI, not the current director.",,
article_07,overlapping_different_label,testimony,assumption,2453,2728,2448,2728,275,one thing he did offer was his confirmation that the FBI already knew all of the major allegations in the so-called Steele dossier before it even learned of the much-debated 35-page opposition-research document alleging that Trump's presidential campaign colluded with Russia,But one thing he did offer was his confirmation that the FBI already knew all of the major allegations in the so-called Steele dossier before it even learned of the much-debated 35-page opposition-research document alleging that Trump's presidential campaign colluded with Russia,"es"" and didn't ""learn anything new."" She also labeled him a ""self-admitted leaker"" who has ""proven to be dishonest."" Comey revealed little in the interview that isn't in the book. But one thing he did offer was his confirmation that the FBI already knew all of the major allegations in the so-called Steele dossier before it even learned of the much-debated 35-page opposition-research document alleging that Trump's presidential campaign colluded with Russia. While much of the president's invective about the investigation — conducted first by the FBI and then by special counsel Robert Mueller — centers on the opposition dossier, Come",,
article_07,unmatched_prediction,,anecdote,,,1712,1771,0,,who had recently resigned as his national security adviser,"could have been criminal. Recounting a key section of his book, Comey said that in a meeting in February 2017, Trump asked Comey to drop the FBI's investigation of Michael Flynn, who had recently resigned as his national security adviser. He said that when Trump asked him privately to drop the investigation of Flynn — an allegation Trump has denied — it was ""certainly some evidence of obstruction of justice."" But",,
article_07,unmatched_prediction,,assumption,,,2008,2045,0,,who would evaluate Trump's intention,"e investigation of Flynn — an allegation Trump has denied — it was ""certainly some evidence of obstruction of justice."" But he said any criminal charge would be up to a prosecutor, who would evaluate Trump's intention. White House press secretary Sarah Huckabee Sanders told reporters during a briefing aboard Air Force One on the way to Florida on Monday that the president did not watch the ent",,
article_07,unmatched_prediction,,anecdote,,,4756,4765,0,,on MSNBC,"a that is apart from the partisans and that can be trusted. We're just another player in the tribal battle."" James Comey joins Rachel Maddow live in-studio Thursday at 9 p.m., ET, on MSNBC. CORRECTION (April 16, 2018, 6:10 a.m.): An earlier version of this article misstated James Comey’s title. He is a former director of the FBI, not the current director.",,
article_07,unmatched_prediction,,anecdote,,,4797,4798,0,,:,"at can be trusted. We're just another player in the tribal battle."" James Comey joins Rachel Maddow live in-studio Thursday at 9 p.m., ET, on MSNBC. CORRECTION (April 16, 2018, 6:10 a.m.): An earlier version of this article misstated James Comey’s title. He is a former director of the FBI, not the current director.",,
article_07,unmatched_prediction,,other,,,4802,4803,0,,.,"n be trusted. We're just another player in the tribal battle."" James Comey joins Rachel Maddow live in-studio Thursday at 9 p.m., ET, on MSNBC. CORRECTION (April 16, 2018, 6:10 a.m.): An earlier version of this article misstated James Comey’s title. He is a former director of the FBI, not the current director.",,
article_07,unmatched_prediction,,other,,,4829,4842,0,,this article,"other player in the tribal battle."" James Comey joins Rachel Maddow live in-studio Thursday at 9 p.m., ET, on MSNBC. CORRECTION (April 16, 2018, 6:10 a.m.): An earlier version of this article misstated James Comey’s title. He is a former director of the FBI, not the current director.",,
article_07,unmatched_prediction,,anecdote,,,4866,4872,0,,title,"James Comey joins Rachel Maddow live in-studio Thursday at 9 p.m., ET, on MSNBC. CORRECTION (April 16, 2018, 6:10 a.m.): An earlier version of this article misstated James Comey’s title. He is a former director of the FBI, not the current director.",,
article_08,same_label_boundary_difference,testimony,testimony,0,108,46,108,62,Barack Obama has warned that the US will retaliate for Russian cyberattacks during the presidential election,iate for Russian cyberattacks during the presidential election,"Barack Obama has warned that the US will retaliate for Russian cyberattacks during the presidential election. In an interview on National Public Radio on Friday morning, the US president said he is waiting for a final report he has ordered into a range of Russian hacking attacks, but pr",,
article_08,same_label_segmentation_difference,testimony,testimony,111,320,111,320,209,"In an interview on National Public Radio on Friday morning, the US president said he is waiting for a final report he has ordered into a range of Russian hacking attacks, but promised there would be a response","In an interview on National Public Radio on Friday morning, the US president said he is waiting for a final report he has ordered into a range of Russian hacking attacks, || but promised there would be a response","Barack Obama has warned that the US will retaliate for Russian cyberattacks during the presidential election. In an interview on National Public Radio on Friday morning, the US president said he is waiting for a final report he has ordered into a range of Russian hacking attacks, but promised there would be a response. “I think there is no doubt that when any foreign government tries to impact the integrity of our elections … we need to take action,” Obama said. “And we will – at a time and pl",,
article_08,same_label_boundary_difference,testimony,testimony,323,467,324,467,143,"“I think there is no doubt that when any foreign government tries to impact the integrity of our elections … we need to take action,” Obama said","I think there is no doubt that when any foreign government tries to impact the integrity of our elections … we need to take action,” Obama said","ic Radio on Friday morning, the US president said he is waiting for a final report he has ordered into a range of Russian hacking attacks, but promised there would be a response. “I think there is no doubt that when any foreign government tries to impact the integrity of our elections … we need to take action,” Obama said. “And we will – at a time and place of our own choosing. “Some of it may be explicit and publicised; some of it may not be.” The CIA has judged that the Russian cyber attacks, i",,
article_08,same_label_boundary_difference,testimony,testimony,526,593,527,593,66,“Some of it may be explicit and publicised; some of it may not be.”,Some of it may be explicit and publicised; some of it may not be.”,"ubt that when any foreign government tries to impact the integrity of our elections … we need to take action,” Obama said. “And we will – at a time and place of our own choosing. “Some of it may be explicit and publicised; some of it may not be.” The CIA has judged that the Russian cyber attacks, including the hacking of emails from the Democratic National Committee, were intended to influence the election in Donald Trump",,
article_08,same_label_boundary_difference,testimony,testimony,4589,4786,4589,4785,196,"Putin’s spokesman Dmitry Peskov said on Friday of the hacking accusation that the US should “either stop talking about it or finally produce some evidence, otherwise it all begins to look unseemly”","Putin’s spokesman Dmitry Peskov said on Friday of the hacking accusation that the US should “either stop talking about it or finally produce some evidence, otherwise it all begins to look unseemly","bstruck” by the reports of Putin’s alleged involvement. “I think this is just silly, and the futility of the attempt to convince somebody of this is absolutely obvious,” he said. Putin’s spokesman Dmitry Peskov said on Friday of the hacking accusation that the US should “either stop talking about it or finally produce some evidence, otherwise it all begins to look unseemly”. The White House said Obama would hold a press conference in Washington on Friday at 2.15pm ET (7.15pm GMT) before leaving for his annual family vacation in Hawaii.",,
article_08,same_label_boundary_difference,testimony,testimony,3671,3884,3671,3883,212,"Press secretary Josh Earnest pointed reporters to a unanimous statement from all 17 intelligence agencies, issued in October, that found “only Russia’s senior-most officials could have authorized these activities”","Press secretary Josh Earnest pointed reporters to a unanimous statement from all 17 intelligence agencies, issued in October, that found “only Russia’s senior-most officials could have authorized these activities","ng the bulwark against Russian influence, now suddenly is embracing him.” Earlier on Thursday, the White House went its furthest yet in joining the dots between Trump and Putin. Press secretary Josh Earnest pointed reporters to a unanimous statement from all 17 intelligence agencies, issued in October, that found “only Russia’s senior-most officials could have authorized these activities”. The press secretary said that in his personal view, that sentence was “not intended to be subtle”, adding that it was “pretty obvious that they were referring to the senior-most",,
article_08,same_label_segmentation_difference,testimony,testimony,3371,3564,3371,3564,190,"“And a big chunk of the Republican party, which prided itself during the Reagan era and for decades that followed as being the bulwark against Russian influence, now suddenly is embracing him.”","“ || a big chunk of the Republican party, which prided itself during the Reagan era and for decades that followed as being the bulwark against Russian influence, now suddenly is embracing him.”","ssidents in jail, countering American efforts to expand freedom at every turn; is currently making decisions that’s leading to a slaughter in Syria,” the outgoing president said. “And a big chunk of the Republican party, which prided itself during the Reagan era and for decades that followed as being the bulwark against Russian influence, now suddenly is embracing him.” Earlier on Thursday, the White House went its furthest yet in joining the dots between Trump and Putin. Press secretary Josh Earnest pointed reporters to a unanimous statement f",,
article_08,same_label_segmentation_difference,testimony,testimony,2722,2857,2721,2857,130,"“You never know which factors are going to make a difference. But I have no doubt that it had some impact, just based on the coverage.”","“You never know which factors are going to make a difference || I have no doubt that it had some impact, just based on the coverage.”","ing the DNC.” The president did not attempt to gauge the full impact of the intervention, but insisted it had had an effect. “Elections can always turn out differently,” he said. “You never know which factors are going to make a difference. But I have no doubt that it had some impact, just based on the coverage.” In the NPR interview, Obama expressed incredulity at Republican party support for Trump’s foreign policy positions, which have been uniformly supportive of Russian president Vlad",,
article_08,same_label_boundary_difference,testimony,testimony,2668,2720,2669,2720,51,"“Elections can always turn out differently,” he said","Elections can always turn out differently,” he said","ls, the Clinton Foundation, political gossip surrounding the DNC.” The president did not attempt to gauge the full impact of the intervention, but insisted it had had an effect. “Elections can always turn out differently,” he said. “You never know which factors are going to make a difference. But I have no doubt that it had some impact, just based on the coverage.” In the NPR interview, Obama expressed inc",,
article_08,same_label_boundary_difference,testimony,testimony,2057,2339,2056,2338,281,"The debate over motivation, he said “does not in any way, I think, detract from the basic point that everyone during the election perceived accurately – that in fact what the Russian hack had done was create more problems for the Clinton campaign than it had for the Trump campaign”","The debate over motivation, he said “does not in any way, I think, detract from the basic point that everyone during the election perceived accurately – that in fact what the Russian hack had done was create more problems for the Clinton campaign than it had for the Trump campaign","October, a full month before polling day. Obama said he would reserve judgment on Moscow’s intentions pending a final report but he said the impact of the intervention was clear. The debate over motivation, he said “does not in any way, I think, detract from the basic point that everyone during the election perceived accurately – that in fact what the Russian hack had done was create more problems for the Clinton campaign than it had for the Trump campaign”. He added: “There’s no doubt that it contributed to an atmosphere in which the only focus for weeks at a time, months at a time were Hillary’s emails, the Clinton Foundation, pol",,
article_08,same_label_segmentation_difference,testimony,testimony,1920,2055,1920,2055,131,Obama said he would reserve judgment on Moscow’s intentions pending a final report but he said the impact of the intervention was clear,Obama said he would reserve judgment on Moscow’s intentions pending a final report || he said the impact of the intervention was clear,"wait so long to act? Why did they only complain after Hillary lost?” In fact, the intelligence community had issued its statement on 7 October, a full month before polling day. Obama said he would reserve judgment on Moscow’s intentions pending a final report but he said the impact of the intervention was clear. The debate over motivation, he said “does not in any way, I think, detract from the basic point that everyone during the election perceived accurately – that in fact what the Rus",,
article_08,same_label_boundary_difference,testimony,testimony,1084,1246,1124,1246,122,Trump weighed in on Twitter to ask if it was the “same cyberattack where it was revealed that head of the DNC illegally gave Hillary the questions to the debate?”,was the “same cyberattack where it was revealed that head of the DNC illegally gave Hillary the questions to the debate?”,"ur the Republican contender. Senators from both parties have called for a congressional enquiry, while Trump himself has rejected the reports and his office has derided the CIA. Trump weighed in on Twitter to ask if it was the “same cyberattack where it was revealed that head of the DNC illegally gave Hillary the questions to the debate?” One of the hacked emails, from interim DNC head Donna Brazile, said that a woman from Flint, Michigan, would ask at a primary debate with Bernie Sanders what Clinton would do as p",,
article_08,same_label_boundary_difference,assumption,assumption,2556,2665,2631,2665,34,"The president did not attempt to gauge the full impact of the intervention, but insisted it had had an effect",but insisted it had had an effect,"t contributed to an atmosphere in which the only focus for weeks at a time, months at a time were Hillary’s emails, the Clinton Foundation, political gossip surrounding the DNC.” The president did not attempt to gauge the full impact of the intervention, but insisted it had had an effect. “Elections can always turn out differently,” he said. “You never know which factors are going to make a difference. But I have no doubt that it had some impact, just based on th",,
article_08,same_label_segmentation_difference,testimony,testimony,3887,4187,3887,4187,296,"The press secretary said that in his personal view, that sentence was “not intended to be subtle”, adding that it was “pretty obvious that they were referring to the senior-most government official in Russia”. Ben Rhodes, Obama’s deputy national security adviser for strategic communications, agreed","The press secretary said that in his personal view, that sentence was “not intended to be subtle”, adding that it was “pretty obvious that they were referring to the senior-most government official in Russia || Ben Rhodes, Obama’s deputy national security adviser for strategic communications, agreed","reporters to a unanimous statement from all 17 intelligence agencies, issued in October, that found “only Russia’s senior-most officials could have authorized these activities”. The press secretary said that in his personal view, that sentence was “not intended to be subtle”, adding that it was “pretty obvious that they were referring to the senior-most government official in Russia”. Ben Rhodes, Obama’s deputy national security adviser for strategic communications, agreed. “I don’t think things happen in the Russian government of this consequence without Vladimir Putin knowing about it,” he told MSNBC. But Russian foreign minister Sergei Lavrov to",,
article_08,same_label_segmentation_difference,anecdote,anecdote,934,1081,934,1046,105,"Senators from both parties have called for a congressional enquiry, while Trump himself has rejected the reports and his office has derided the CIA",Senators from both parties have called for a congressional enquiry || Trump himself has rejected the reports,"ion in Donald Trump’s favour, according to reports. The FBI agrees that there was Russian hacking but has not as yet concluded it was intended to favour the Republican contender. Senators from both parties have called for a congressional enquiry, while Trump himself has rejected the reports and his office has derided the CIA. Trump weighed in on Twitter to ask if it was the “same cyberattack where it was revealed that head of the DNC illegally gave Hillary the questions to the debate?” One of the hac",,
article_08,overlapping_different_label,assumption,testimony,595,804,595,804,209,"The CIA has judged that the Russian cyber attacks, including the hacking of emails from the Democratic National Committee, were intended to influence the election in Donald Trump’s favour, according to reports","The CIA has judged that the Russian cyber attacks, including the hacking of emails from the Democratic National Committee, were intended to influence the election in Donald Trump’s favour, according to reports","our elections … we need to take action,” Obama said. “And we will – at a time and place of our own choosing. “Some of it may be explicit and publicised; some of it may not be.” The CIA has judged that the Russian cyber attacks, including the hacking of emails from the Democratic National Committee, were intended to influence the election in Donald Trump’s favour, according to reports. The FBI agrees that there was Russian hacking but has not as yet concluded it was intended to favour the Republican contender. Senators from both parties have called for a congr",,
article_08,overlapping_different_label,anecdote,testimony,806,931,910,931,21,The FBI agrees that there was Russian hacking but has not as yet concluded it was intended to favour the Republican contender,Republican contender,"sian cyber attacks, including the hacking of emails from the Democratic National Committee, were intended to influence the election in Donald Trump’s favour, according to reports. The FBI agrees that there was Russian hacking but has not as yet concluded it was intended to favour the Republican contender. Senators from both parties have called for a congressional enquiry, while Trump himself has rejected the reports and his office has derided the CIA. Trump weighed in on Twitter",,
article_08,overlapping_different_label,testimony,anecdote,4789,4951,4895,4951,56,The White House said Obama would hold a press conference in Washington on Friday at 2.15pm ET (7.15pm GMT) before leaving for his annual family vacation in Hawaii,before leaving for his annual family vacation in Hawaii,"itry Peskov said on Friday of the hacking accusation that the US should “either stop talking about it or finally produce some evidence, otherwise it all begins to look unseemly”. The White House said Obama would hold a press conference in Washington on Friday at 2.15pm ET (7.15pm GMT) before leaving for his annual family vacation in Hawaii.",,
article_08,overlapping_different_label,testimony,anecdote,1247,1509,1246,1509,262,"One of the hacked emails, from interim DNC head Donna Brazile, said that a woman from Flint, Michigan, would ask at a primary debate with Bernie Sanders what Clinton would do as president to help people in the town suffering from a lead-contaminated water supply","One of the hacked emails, from interim DNC head Donna Brazile, said that a woman from Flint, Michigan, would ask at a primary debate with Bernie Sanders what Clinton would do as president to help people in the town suffering from a lead-contaminated water supply","derided the CIA. Trump weighed in on Twitter to ask if it was the “same cyberattack where it was revealed that head of the DNC illegally gave Hillary the questions to the debate?” One of the hacked emails, from interim DNC head Donna Brazile, said that a woman from Flint, Michigan, would ask at a primary debate with Bernie Sanders what Clinton would do as president to help people in the town suffering from a lead-contaminated water supply. Are we talking about the same cyberattack where it was revealed that head of the DNC illegally gave Hillary the questions to the debate? He earlier tweeted: “If Russia, or some",,
article_08,overlapping_different_label,testimony,assumption,2859,3047,2859,2973,114,"In the NPR interview, Obama expressed incredulity at Republican party support for Trump’s foreign policy positions, which have been uniformly supportive of Russian president Vladimir Putin","In the NPR interview, Obama expressed incredulity at Republican party support for Trump’s foreign policy positions","can always turn out differently,” he said. “You never know which factors are going to make a difference. But I have no doubt that it had some impact, just based on the coverage.” In the NPR interview, Obama expressed incredulity at Republican party support for Trump’s foreign policy positions, which have been uniformly supportive of Russian president Vladimir Putin. “This is somebody, the former head of the KGB, who is responsible for crushing democracy in Russia, muzzling the press, throwing political dissidents in jail, countering America",,
article_08,unmatched_prediction,,assumption,,,1050,1081,0,,his office has derided the CIA,"concluded it was intended to favour the Republican contender. Senators from both parties have called for a congressional enquiry, while Trump himself has rejected the reports and his office has derided the CIA. Trump weighed in on Twitter to ask if it was the “same cyberattack where it was revealed that head of the DNC illegally gave Hillary the questions to the debate?” One of the hac",,
article_08,unmatched_prediction,,assumption,,,1512,1648,0,,Are we talking about the same cyberattack where it was revealed that head of the DNC illegally gave Hillary the questions to the debate?,"Flint, Michigan, would ask at a primary debate with Bernie Sanders what Clinton would do as president to help people in the town suffering from a lead-contaminated water supply. Are we talking about the same cyberattack where it was revealed that head of the DNC illegally gave Hillary the questions to the debate? He earlier tweeted: “If Russia, or some other entity, was hacking, why did the White House wait so long to act? Why did they only complain after Hillary lost?” In fact, the inte",,
article_08,unmatched_prediction,,assumption,,,2974,3047,0,,which have been uniformly supportive of Russian president Vladimir Putin,"no doubt that it had some impact, just based on the coverage.” In the NPR interview, Obama expressed incredulity at Republican party support for Trump’s foreign policy positions, which have been uniformly supportive of Russian president Vladimir Putin. “This is somebody, the former head of the KGB, who is responsible for crushing democracy in Russia, muzzling the press, throwing political dissidents in jail, countering America",,
article_09,same_label_boundary_difference,testimony,testimony,306,462,327,462,135,"The postponement came after business owners expressed concerns about the complexity of the law’s reporting requirements, the agency said in its announcement","after business owners expressed concerns about the complexity of the law’s reporting requirements, the agency said in its announcement","alth insurance or face fines – a key provision contained in President Barack Obama's sweeping health care law – will be delayed by one year, the Treasury Department said Tuesday. The postponement came after business owners expressed concerns about the complexity of the law’s reporting requirements, the agency said in its announcement. Under the Affordable Care Act, businesses employing 50 or more full-time workers that don't provide them health insurance will be penalized. ""We recognize that the vast majority",,
article_09,same_label_segmentation_difference,testimony,testimony,606,971,606,971,362,"""We recognize that the vast majority of businesses that will need to do this reporting already provide health insurance to their workers, and we want to make sure it is easy for others to do so. We have listened to your feedback. And we are taking action,"" Mark J. Mazur, assistant secretary for tax policy, wrote in a post on the website of the Treasury Department","""We recognize that the vast majority of businesses that will need to do this reporting already provide health insurance to their workers || and we want to make sure it is easy for others to do so || We have listened to your feedback || And we are taking action,"" Mark J. Mazur, assistant secretary for tax policy, wrote in a post on the website of the Treasury Department","the agency said in its announcement. Under the Affordable Care Act, businesses employing 50 or more full-time workers that don't provide them health insurance will be penalized. ""We recognize that the vast majority of businesses that will need to do this reporting already provide health insurance to their workers, and we want to make sure it is easy for others to do so. We have listened to your feedback. And we are taking action,"" Mark J. Mazur, assistant secretary for tax policy, wrote in a post on the website of the Treasury Department, which is tasked with implementing the employer mandate. Mazur said the extra year before the requirement goes into effect will allow the government time to assess ways to simpli",,
article_09,same_label_boundary_difference,testimony,testimony,1994,2271,2017,2271,254,"Myths about Obamacare “The administration has finally recognized the obvious – employers need more time and clarification of the rules of the road before implementing the employer mandate,” said Randy Johnson, a vice president at the U.S. Chamber of Commerce, a business group","“The administration has finally recognized the obvious – employers need more time and clarification of the rules of the road before implementing the employer mandate,” said Randy Johnson, a vice president at the U.S. Chamber of Commerce, a business group","otential job killer, saying businesses near the 50-worker cutoff will be unlikely to ramp up hiring if it means they're required to provide employees health insurance. READ MORE: Myths about Obamacare “The administration has finally recognized the obvious – employers need more time and clarification of the rules of the road before implementing the employer mandate,” said Randy Johnson, a vice president at the U.S. Chamber of Commerce, a business group. Obama's administration has previously expressed openness to making the health care law easier to implement, and acted to shorten applications for health insurance on government-",,
article_09,same_label_boundary_difference,testimony,testimony,2786,2967,2787,2967,180,"“While major portions of the law have yet to be implemented, it’s already a little more affordable for businesses to offer quality health coverage to their employees,” Jarrett wrote","While major portions of the law have yet to be implemented, it’s already a little more affordable for businesses to offer quality health coverage to their employees,” Jarrett wrote","he new delay was indicative of the administration’s determination to implement the health care law effectively and fairly, and that it wouldn’t affect other aspects of Obamacare. “While major portions of the law have yet to be implemented, it’s already a little more affordable for businesses to offer quality health coverage to their employees,” Jarrett wrote, adding later: “As we implement this law, we have and will continue to make changes as needed. In our ongoing discussions with businesses we have heard that you need the time to g",,
article_09,same_label_segmentation_difference,testimony,testimony,2969,3162,2968,3162,191,"adding later: “As we implement this law, we have and will continue to make changes as needed. In our ongoing discussions with businesses we have heard that you need the time to get this right.”","adding later: || As we implement this law, we have and will continue to make changes as needed. In our ongoing discussions with businesses we have heard that you need the time to get this right.”","hile major portions of the law have yet to be implemented, it’s already a little more affordable for businesses to offer quality health coverage to their employees,” Jarrett wrote, adding later: “As we implement this law, we have and will continue to make changes as needed. In our ongoing discussions with businesses we have heard that you need the time to get this right.” READ MORE: How the next battle over Obamacare could be the ugliest yet Yet many Republicans – and even some Democrats - have continued to express serious concerns about the roll",,
article_09,same_label_boundary_difference,testimony,testimony,3449,3582,3450,3582,132,"“This announcement means even the Obama administration knows the 'train wreck' will only get worse,” House Speaker John Boehner wrote","This announcement means even the Obama administration knows the 'train wreck' will only get worse,” House Speaker John Boehner wrote","ome Democrats - have continued to express serious concerns about the roll-out of Obamacare. On Tuesday, GOP lawmakers said the delay of the employer mandate didn’t go far enough. “This announcement means even the Obama administration knows the 'train wreck' will only get worse,” House Speaker John Boehner wrote. ""Obamacare costs too much and it isn’t working the way the administration promised,” Sen. Mitch McConnell, the Senate Minority Leader, wrote in response to the decision, adding:",,
article_09,same_label_boundary_difference,testimony,testimony,3585,3753,3585,3761,168,"""Obamacare costs too much and it isn’t working the way the administration promised,” Sen. Mitch McConnell, the Senate Minority Leader, wrote in response to the decision","""Obamacare costs too much and it isn’t working the way the administration promised,” Sen. Mitch McConnell, the Senate Minority Leader, wrote in response to the decision, adding","the employer mandate didn’t go far enough. “This announcement means even the Obama administration knows the 'train wreck' will only get worse,” House Speaker John Boehner wrote. ""Obamacare costs too much and it isn’t working the way the administration promised,” Sen. Mitch McConnell, the Senate Minority Leader, wrote in response to the decision, adding: “The fact remains that Obamacare needs to be repealed and replaced with common-sense reforms that actually lower costs for Americans."" Rep. Eric Cantor, the House Majority Leade",,
article_09,same_label_boundary_difference,testimony,testimony,3755,3897,3762,3897,135,"adding: “The fact remains that Obamacare needs to be repealed and replaced with common-sense reforms that actually lower costs for Americans.""","“The fact remains that Obamacare needs to be repealed and replaced with common-sense reforms that actually lower costs for Americans.""","r wrote. ""Obamacare costs too much and it isn’t working the way the administration promised,” Sen. Mitch McConnell, the Senate Minority Leader, wrote in response to the decision, adding: “The fact remains that Obamacare needs to be repealed and replaced with common-sense reforms that actually lower costs for Americans."" Rep. Eric Cantor, the House Majority Leader, was more succinct. ""The best delay for ObamaCare is a permanent one,"" he wrote on Twitter. Many allies of Obama, including major lab",,
article_09,same_label_segmentation_difference,testimony,testimony,4247,4567,4247,4567,320,"""Both the administration and Senate Democrats have shown – and continue to show – a willingness to be flexible and work with all interested parties to make sure that implementation of the Affordable Care Act is as beneficial as possible to all involved. It is better to do this right than fast,"" Adam Jentleson continued","""Both the administration and Senate Democrats have shown – and continue to show – a willingness to be flexible and work with all interested parties to make sure that implementation of the Affordable Care Act is as beneficial as possible to all involved. || It is better to do this right than fast,"" Adam Jentleson continued","major labor unions, did not immediately weigh in on the delay. A spokesman for Senate Majority Leader Harry Reid said in response to the decision, ""Flexibility is a good thing."" ""Both the administration and Senate Democrats have shown – and continue to show – a willingness to be flexible and work with all interested parties to make sure that implementation of the Affordable Care Act is as beneficial as possible to all involved. It is better to do this right than fast,"" Adam Jentleson continued. Yet even some Democrats have voiced concern about the roll-out of the health law – Sen. Max Baucus, a key Democrat who helped craft the legislation, expressed serious anxiety in",,
article_09,same_label_segmentation_difference,testimony,testimony,4781,5001,4781,5001,219,"""The administration's public information campaign on the benefits of the Affordable Care Act deserves a failing grade. You need to fix this,"" Baucus told Health and Human Services Secretary Kathleen Sebelius at a hearing","""The administration's public information campaign on the benefits of the Affordable Care Act deserves a failing grade || You need to fix this,"" Baucus told Health and Human Services Secretary Kathleen Sebelius at a hearing","iced concern about the roll-out of the health law – Sen. Max Baucus, a key Democrat who helped craft the legislation, expressed serious anxiety in April about its implementation. ""The administration's public information campaign on the benefits of the Affordable Care Act deserves a failing grade. You need to fix this,"" Baucus told Health and Human Services Secretary Kathleen Sebelius at a hearing. ""I just see a huge train wreck coming down,"" he added later. READ MORE: Six companies cashing in on Obamacare",,
article_09,overlapping_different_label,testimony,anecdote,65,303,266,303,37,"The requirement that businesses provide their workers with health insurance or face fines – a key provision contained in President Barack Obama's sweeping health care law – will be delayed by one year, the Treasury Department said Tuesday",the Treasury Department said Tuesday,"Updated at 11:00 p.m. ET on Tuesday, July 2 Washington (CNN) \- The requirement that businesses provide their workers with health insurance or face fines – a key provision contained in President Barack Obama's sweeping health care law – will be delayed by one year, the Treasury Department said Tuesday. The postponement came after business owners expressed concerns about the complexity of the law’s reporting requirements, the agency said in its announcement. Under the Affordabl",,
article_09,overlapping_different_label,testimony,assumption,464,603,463,603,139,"Under the Affordable Care Act, businesses employing 50 or more full-time workers that don't provide them health insurance will be penalized","Under the Affordable Care Act, businesses employing 50 or more full-time workers that don't provide them health insurance will be penalized","artment said Tuesday. The postponement came after business owners expressed concerns about the complexity of the law’s reporting requirements, the agency said in its announcement. Under the Affordable Care Act, businesses employing 50 or more full-time workers that don't provide them health insurance will be penalized. ""We recognize that the vast majority of businesses that will need to do this reporting already provide health insurance to their workers, and we want to make sure it is easy for",,
article_09,overlapping_different_label,assumption,anecdote,973,1027,993,1027,34,which is tasked with implementing the employer mandate,implementing the employer mandate,"do so. We have listened to your feedback. And we are taking action,"" Mark J. Mazur, assistant secretary for tax policy, wrote in a post on the website of the Treasury Department, which is tasked with implementing the employer mandate. Mazur said the extra year before the requirement goes into effect will allow the government time to assess ways to simplify the reporting process for businesses. Penalties for f",,
article_09,overlapping_different_label,anecdote,assumption,1192,1321,1191,1321,129,Penalties for firms not providing health coverage to employees will now begin in 2015 – after next year’s congressional elections,Penalties for firms not providing health coverage to employees will now begin in 2015 – after next year’s congressional elections,"employer mandate. Mazur said the extra year before the requirement goes into effect will allow the government time to assess ways to simplify the reporting process for businesses. Penalties for firms not providing health coverage to employees will now begin in 2015 – after next year’s congressional elections. The new delay will not affect other aspects of the health law, including the establishment of exchanges in states for low-income Americans to obtain health insurance. Supporter",,
article_09,overlapping_different_label,testimony,assumption,1492,1764,1492,1601,109,"Supporters of the employer mandate note that most firms already provide health insurance to full time workers, and downplay the effect the requirement would have on small businesses, citing figures showing the vast majority of small businesses employ fewer than 50 workers",Supporters of the employer mandate note that most firms already provide health insurance to full time workers,"elections. The new delay will not affect other aspects of the health law, including the establishment of exchanges in states for low-income Americans to obtain health insurance. Supporters of the employer mandate note that most firms already provide health insurance to full time workers, and downplay the effect the requirement would have on small businesses, citing figures showing the vast majority of small businesses employ fewer than 50 workers. But opponents claim the employer mandate is a potential job killer, saying businesses near the 50-worker cutoff will be unlikely to ramp up hiring if it means they're required t",,
article_09,overlapping_different_label,testimony,assumption,1771,1980,1841,1913,72,"opponents claim the employer mandate is a potential job killer, saying businesses near the 50-worker cutoff will be unlikely to ramp up hiring if it means they're required to provide employees health insurance",businesses near the 50-worker cutoff will be unlikely to ramp up hiring,"me workers, and downplay the effect the requirement would have on small businesses, citing figures showing the vast majority of small businesses employ fewer than 50 workers. But opponents claim the employer mandate is a potential job killer, saying businesses near the 50-worker cutoff will be unlikely to ramp up hiring if it means they're required to provide employees health insurance. READ MORE: Myths about Obamacare “The administration has finally recognized the obvious – employers need more time and clarification of the rules of the road before implementin",,
article_09,overlapping_different_label,anecdote,assumption,2274,2487,2385,2487,102,"Obama's administration has previously expressed openness to making the health care law easier to implement, and acted to shorten applications for health insurance on government-run exchanges from 21 pages to three",acted to shorten applications for health insurance on government-run exchanges from 21 pages to three,"time and clarification of the rules of the road before implementing the employer mandate,” said Randy Johnson, a vice president at the U.S. Chamber of Commerce, a business group. Obama's administration has previously expressed openness to making the health care law easier to implement, and acted to shorten applications for health insurance on government-run exchanges from 21 pages to three. On Tuesday, Obama’s senior adviser Valerie Jarrett – who acts as the White House’s liaison to big business – wrote the new delay was indicative of the administration’s determina",,
article_09,overlapping_different_label,testimony,assumption,3361,3446,3363,3446,83,"On Tuesday, GOP lawmakers said the delay of the employer mandate didn’t go far enough","Tuesday, GOP lawmakers said the delay of the employer mandate didn’t go far enough","e next battle over Obamacare could be the ugliest yet Yet many Republicans – and even some Democrats - have continued to express serious concerns about the roll-out of Obamacare. On Tuesday, GOP lawmakers said the delay of the employer mandate didn’t go far enough. “This announcement means even the Obama administration knows the 'train wreck' will only get worse,” House Speaker John Boehner wrote. ""Obamacare costs too much and it isn’t wo",,
article_09,overlapping_different_label,testimony,assumption,4570,4656,4570,4650,80,Yet even some Democrats have voiced concern about the roll-out of the health law – Sen,Yet even some Democrats have voiced concern about the roll-out of the health law,"ties to make sure that implementation of the Affordable Care Act is as beneficial as possible to all involved. It is better to do this right than fast,"" Adam Jentleson continued. Yet even some Democrats have voiced concern about the roll-out of the health law – Sen. Max Baucus, a key Democrat who helped craft the legislation, expressed serious anxiety in April about its implementation. ""The administration's public information campaign on th",,
article_09,overlapping_different_label,testimony,anecdote,4658,4778,4688,4778,90,"Max Baucus, a key Democrat who helped craft the legislation, expressed serious anxiety in April about its implementation","helped craft the legislation, expressed serious anxiety in April about its implementation","sible to all involved. It is better to do this right than fast,"" Adam Jentleson continued. Yet even some Democrats have voiced concern about the roll-out of the health law – Sen. Max Baucus, a key Democrat who helped craft the legislation, expressed serious anxiety in April about its implementation. ""The administration's public information campaign on the benefits of the Affordable Care Act deserves a failing grade. You need to fix this,"" Baucus told Health and Human Servic",,
article_09,unmatched_prediction,,assumption,,,1602,1673,0,,and downplay the effect the requirement would have on small businesses,"anges in states for low-income Americans to obtain health insurance. Supporters of the employer mandate note that most firms already provide health insurance to full time workers, and downplay the effect the requirement would have on small businesses, citing figures showing the vast majority of small businesses employ fewer than 50 workers. But opponents claim the employer mandate is a potential job killer, saying businesses",,
article_09,unmatched_prediction,,statistics,,,1681,1764,0,,figures showing the vast majority of small businesses employ fewer than 50 workers,"s of the employer mandate note that most firms already provide health insurance to full time workers, and downplay the effect the requirement would have on small businesses, citing figures showing the vast majority of small businesses employ fewer than 50 workers. But opponents claim the employer mandate is a potential job killer, saying businesses near the 50-worker cutoff will be unlikely to ramp up hiring if it means they're required t",,
article_09,unmatched_prediction,,assumption,,,1770,1833,0,,opponents claim the employer mandate is a potential job killer,"ime workers, and downplay the effect the requirement would have on small businesses, citing figures showing the vast majority of small businesses employ fewer than 50 workers. But opponents claim the employer mandate is a potential job killer, saying businesses near the 50-worker cutoff will be unlikely to ramp up hiring if it means they're required to provide employees health insurance. READ MORE: Myths about Obamaca",,
article_09,unmatched_prediction,,assumption,,,1916,1980,0,,it means they're required to provide employees health insurance,"employ fewer than 50 workers. But opponents claim the employer mandate is a potential job killer, saying businesses near the 50-worker cutoff will be unlikely to ramp up hiring if it means they're required to provide employees health insurance. READ MORE: Myths about Obamacare “The administration has finally recognized the obvious – employers need more time and clarification of the rules of the road before implementin",,
article_10,same_label_boundary_difference,testimony,testimony,872,1158,1150,1158,8,"Even then-President Clinton's response almost a year later sounds familiar today: ""We need to come together as one America to rebuild our churches, restore hope and show the forces of hatred that they cannot win,"" he said before heading to Greeleyville, where Mt. Zion was being rebuilt",rebuilt,"e that much hate in their hearts for others, I said to myself: Are we going forward or are we going backward in this country?"" Mackey's question to Congress had no clear answer. Even then-President Clinton's response almost a year later sounds familiar today: ""We need to come together as one America to rebuild our churches, restore hope and show the forces of hatred that they cannot win,"" he said before heading to Greeleyville, where Mt. Zion was being rebuilt. ""This year alone there have been 21 church fires involving African American churches,"" he said at the time, noting there was ""considerable evidence that some of these church fir",,
article_10,same_label_boundary_difference,anecdote,anecdote,1767,1905,1878,1905,27,"Racial slurs directed at African Americans were spray-painted on the doors and walls of the building, according to congressional documents",to congressional documents,"nary Baptist Church in Madison County on Jan. 13. Some fires included racist messages. On Jan. 8, 1996, the sanctuary of the Inner City Church in Knoxville, Tenn., was destroyed. Racial slurs directed at African Americans were spray-painted on the doors and walls of the building, according to congressional documents. The church had more than 500 members of various races. The task force investigating the incident consisted of 70 federal and local officials. However, according to a report fro",,
article_10,same_label_boundary_difference,anecdote,anecdote,1907,1960,1926,1960,34,The church had more than 500 members of various races,than 500 members of various races,"rch in Knoxville, Tenn., was destroyed. Racial slurs directed at African Americans were spray-painted on the doors and walls of the building, according to congressional documents. The church had more than 500 members of various races. The task force investigating the incident consisted of 70 federal and local officials. However, according to a report from the Justice Department's Office of the Inspector Gene",,
article_10,same_label_segmentation_difference,testimony,testimony,3241,3367,3240,3367,126,"""You have killed some of the most beautifulest people that I know. Every fiber in my body hurts … and I'll never be the same.""","""You have killed some of the most beautifulest people that I know. || Every fiber in my body hurts … and I'll never be the same.""","s."" ""We welcomed you Wednesday night in our Bible study with open arms,"" Felecia Sanders said before a video feed of Roof shown in the courtroom last week during his bond hearing. ""You have killed some of the most beautifulest people that I know. Every fiber in my body hurts … and I'll never be the same."" Sanders survived the shootings, but her son, Tywanza, 26, was killed. The attack, in which each victim was shot multiple times, is among the most horrific entries on a list that",,
article_10,same_label_segmentation_difference,anecdote,anecdote,3369,3437,3369,3437,63,"Sanders survived the shootings, but her son, Tywanza, 26, was killed","Sanders survived the shootings || her son, Tywanza, 26, was killed","in the courtroom last week during his bond hearing. ""You have killed some of the most beautifulest people that I know. Every fiber in my body hurts … and I'll never be the same."" Sanders survived the shootings, but her son, Tywanza, 26, was killed. The attack, in which each victim was shot multiple times, is among the most horrific entries on a list that goes back decades and includes the 1963 bombing of the 16th Street Ba",,
article_10,same_label_segmentation_difference,testimony,testimony,3779,3906,3779,3906,126,"""This crime may have occurred in moments. But it came into being over some time,"" Brooks said Sunday on CBS' ""Face the Nation.""","""This crime may have occurred in moments || But it came into being over some time,"" Brooks said Sunday on CBS' ""Face the Nation.""","the 16th Street Baptist Church in Birmingham, Ala. In Charleston on Friday, NAACP President Cornell William Brooks called the Emanuel AME shootings ""an act of racial terrorism."" ""This crime may have occurred in moments. But it came into being over some time,"" Brooks said Sunday on CBS' ""Face the Nation."" ""This young man was indoctrinated, radicalized, if you will, with an ideology of white nationalism or racism. And so the point being here is we've got to look at not only this ind",,
article_10,same_label_segmentation_difference,testimony,testimony,3907,4203,3906,4203,294,"""This young man was indoctrinated, radicalized, if you will, with an ideology of white nationalism or racism. And so the point being here is we've got to look at not only this individual act of brutality. We also have to look at the atmosphere from which it emerged. And we have to address that.""","""This young man was indoctrinated, radicalized, if you will, with an ideology of white nationalism or racism || And so the point being here is we've got to look at not only this individual act of brutality. || We also have to look at the atmosphere from which it emerged || And we have to address that.""","Emanuel AME shootings ""an act of racial terrorism."" ""This crime may have occurred in moments. But it came into being over some time,"" Brooks said Sunday on CBS' ""Face the Nation."" ""This young man was indoctrinated, radicalized, if you will, with an ideology of white nationalism or racism. And so the point being here is we've got to look at not only this individual act of brutality. We also have to look at the atmosphere from which it emerged. And we have to address that."" Emanuel is the oldest AME church in the South, tracing its roots as far back as 1791, according to the National Parks Service. Emanuel also was once burned to the ground — in 182",,
article_10,same_label_segmentation_difference,anecdote,anecdote,4775,4891,4774,4891,112,Gary Cox had his 19-year sentence reduced to 14 years and Timothy Welch's sentence was cut from 18 years to 12 years,Gary Cox had his 19-year sentence reduced to 14 years || Timothy Welch's sentence was cut from 18 years to 12 years,"ominantly black churches, one of them Mt. Zion. In 1998, both saw their sentences reduced after providing information in other cases, including a burglary and a check fraud scheme. Gary Cox had his 19-year sentence reduced to 14 years and Timothy Welch's sentence was cut from 18 years to 12 years. Follow Ryan Parker on Twitter, Facebook and Instagram",,
article_10,same_label_boundary_difference,assumption,assumption,540,652,540,651,111,"His words then echo the emotions after last week's attack on the historic Emanuel AME Church in Charleston, S.C.","His words then echo the emotions after last week's attack on the historic Emanuel AME Church in Charleston, S.C","ned was sad to me, but to learn that the church was burned by hideous acts of others crushed my heart,"" the Rev. Terrance G. Mackey, pastor of Mt. Zion, said during the hearings. His words then echo the emotions after last week's attack on the historic Emanuel AME Church in Charleston, S.C.: ""To know that in 1995 people still have that much hate in their hearts for others, I said to myself: Are we going forward or are we going backward in this country?"" Mackey's que",,
article_10,same_label_boundary_difference,testimony,testimony,157,335,259,335,76,"Two young white men with suspected ties to the Ku Klux Klan were arrested in connection with the fire, according to documents from House Judiciary Committee hearings held in 1996",according to documents from House Judiciary Committee hearings held in 1996,"For 90 years, Mt. Zion African Methodist Episcopal Church stood as a place of worship in Greeleyville, S.C. On June 20, 1995, it was burned to the ground. Two young white men with suspected ties to the Ku Klux Klan were arrested in connection with the fire, according to documents from House Judiciary Committee hearings held in 1996. ""To see the church burned was sad to me, but to learn that the church was burned by hideous acts of others crushed my heart,"" the Rev. Terrance G. Mackey, pastor of Mt. Zion, sa",,
article_10,overlapping_different_label,anecdote,assumption,1638,1673,1638,1673,35,Some fires included racist messages,Some fires included racist messages,"Tennessee in 1995, including two on the same day: Macedonia Missionary Baptist Church in Crockett County and Johnson Grove Missionary Baptist Church in Madison County on Jan. 13. Some fires included racist messages. On Jan. 8, 1996, the sanctuary of the Inner City Church in Knoxville, Tenn., was destroyed. Racial slurs directed at African Americans were spray-painted on the doors and walls o",,
article_10,overlapping_different_label,anecdote,testimony,4205,4330,4281,4330,49,"Emanuel is the oldest AME church in the South, tracing its roots as far back as 1791, according to the National Parks Service","as 1791, according to the National Parks Service","he point being here is we've got to look at not only this individual act of brutality. We also have to look at the atmosphere from which it emerged. And we have to address that."" Emanuel is the oldest AME church in the South, tracing its roots as far back as 1791, according to the National Parks Service. Emanuel also was once burned to the ground — in 1822, for its connection to an aborted slave revolt. In the Mt. Zion case, the two suspects were former Ku Klux Klansmen who plea",,
article_10,overlapping_different_label,anecdote,testimony,2328,2552,2457,2527,70,"The Roundups were racially fueled, whites-only gatherings attended by federal and local law enforcement, including members of the Bureau of Alcohol, Tobacco and Firearms, as the agency was then known, according to the report","Bureau of Alcohol, Tobacco and Firearms, as the agency was then known","troversy erupted when the NAACP learned of possible connections between federal and local law enforcement officials investigating the church fires and the ""Good O' Boy Roundups."" The Roundups were racially fueled, whites-only gatherings attended by federal and local law enforcement, including members of the Bureau of Alcohol, Tobacco and Firearms, as the agency was then known, according to the report. ""Several African Americans in Tennessee expressed distrust of the Knoxville Police Department and ATF because of the widespread belief that members of both agencies had particip",,
article_10,unmatched_prediction,,anecdote,,,157,258,0,,Two young white men with suspected ties to the Ku Klux Klan were arrested in connection with the fire,"For 90 years, Mt. Zion African Methodist Episcopal Church stood as a place of worship in Greeleyville, S.C. On June 20, 1995, it was burned to the ground. Two young white men with suspected ties to the Ku Klux Klan were arrested in connection with the fire, according to documents from House Judiciary Committee hearings held in 1996. ""To see the church burned was sad to me, but to learn that the church was burned by hideous acts of",,
article_10,unmatched_prediction,,assumption,,,872,952,0,,Even then-President Clinton's response almost a year later sounds familiar today,"e that much hate in their hearts for others, I said to myself: Are we going forward or are we going backward in this country?"" Mackey's question to Congress had no clear answer. Even then-President Clinton's response almost a year later sounds familiar today: ""We need to come together as one America to rebuild our churches, restore hope and show the forces of hatred that they cannot win,"" he said before heading to Greeleyville, where",,
article_10,unmatched_prediction,,testimony,,,2528,2552,0,,according to the report,"cially fueled, whites-only gatherings attended by federal and local law enforcement, including members of the Bureau of Alcohol, Tobacco and Firearms, as the agency was then known, according to the report. ""Several African Americans in Tennessee expressed distrust of the Knoxville Police Department and ATF because of the widespread belief that members of both agencies had particip",,
article_11,same_label_boundary_difference,other,other,1019,1037,1022,1036,14,The writer’s life!,writer’s life,"that publishes the Enquirer, killed her story. He wouldn’t let her take it elsewhere, she maintains, but he did promise her a bogus fitness-writing deal that never came to pass. The writer’s life! Karen, I’m here for you. Don’t confuse McDougal with Stormy Daniels, the porn actress who accepted money through Cohen’s office to put the lid on her alleged affair with Trump in",,
article_11,same_label_boundary_difference,other,other,1038,1061,1043,1061,18,"Karen, I’m here for you",", I’m here for you","Enquirer, killed her story. He wouldn’t let her take it elsewhere, she maintains, but he did promise her a bogus fitness-writing deal that never came to pass. The writer’s life! Karen, I’m here for you. Don’t confuse McDougal with Stormy Daniels, the porn actress who accepted money through Cohen’s office to put the lid on her alleged affair with Trump in 2006, around the time t",,
article_11,same_label_segmentation_difference,assumption,assumption,2085,2279,2087,2279,191,"If no one but a prude like me is feeling scandalized by the president’s ritual humiliation of his wife and infliction of trauma on his young son, maybe all this prurient chatter should stop here",no one but a prude like me is feeling scandalized by the president’s ritual humiliation of his wife and infliction of trauma on his young son || maybe all this prurient chatter should stop here,"ing pregnant by Elliott Broidy, onetime finance chair of the Republican National Committee — Never mind. What’s this stupid bedroom farce have to do with the fate of the nation? If no one but a prude like me is feeling scandalized by the president’s ritual humiliation of his wife and infliction of trauma on his young son, maybe all this prurient chatter should stop here. Instead, you can approach the president’s perfidy through the indictments of Russian military intelligence commanders for undermining American democracy. But then you have to wa",,
article_11,same_label_boundary_difference,assumption,assumption,2291,2434,2282,2434,143,you can approach the president’s perfidy through the indictments of Russian military intelligence commanders for undermining American democracy,"Instead, you can approach the president’s perfidy through the indictments of Russian military intelligence commanders for undermining American democracy","rude like me is feeling scandalized by the president’s ritual humiliation of his wife and infliction of trauma on his young son, maybe all this prurient chatter should stop here. Instead, you can approach the president’s perfidy through the indictments of Russian military intelligence commanders for undermining American democracy. But then you have to wade through a lot of Russian and hacker names. (To be honest, I find the actual name of cyber-attack commander Nikolay Yuryevich Kozachek and his online no",,
article_11,same_label_boundary_difference,assumption,assumption,2440,2503,2435,2503,63,then you have to wade through a lot of Russian and hacker names,But then you have to wade through a lot of Russian and hacker names,"chatter should stop here. Instead, you can approach the president’s perfidy through the indictments of Russian military intelligence commanders for undermining American democracy. But then you have to wade through a lot of Russian and hacker names. (To be honest, I find the actual name of cyber-attack commander Nikolay Yuryevich Kozachek and his online nom de guerre, blablabla1234565, equally hard to remember.) It’s more",,
article_11,same_label_boundary_difference,assumption,assumption,2802,2856,2795,2856,54,Cohen forms a bridge between from Russia and with love,"Plus, Cohen forms a bridge between from Russia and with love","de guerre, blablabla1234565, equally hard to remember.) It’s more summery to go the farce route and focus on McDougal, Daniels, Bechard and the Republican bribers who loved them. Plus, Cohen forms a bridge between from Russia and with love. Recall that Cohen’s one-stop valet shop, Essential Consultants, took money from AT&T, Korean Aerospace Industries and Swiss pharma company Novartis, as well as an offshoot busin",,
article_11,same_label_boundary_difference,anecdote,anecdote,2871,3095,2859,3095,224,"Cohen’s one-stop valet shop, Essential Consultants, took money from AT&T, Korean Aerospace Industries and Swiss pharma company Novartis, as well as an offshoot business of Viktor Vekselberg, a Russian oligarch and Putin ally","Recall that Cohen’s one-stop valet shop, Essential Consultants, took money from AT&T, Korean Aerospace Industries and Swiss pharma company Novartis, as well as an offshoot business of Viktor Vekselberg, a Russian oligarch and Putin ally","ore summery to go the farce route and focus on McDougal, Daniels, Bechard and the Republican bribers who loved them. Plus, Cohen forms a bridge between from Russia and with love. Recall that Cohen’s one-stop valet shop, Essential Consultants, took money from AT&T, Korean Aerospace Industries and Swiss pharma company Novartis, as well as an offshoot business of Viktor Vekselberg, a Russian oligarch and Putin ally. This looks a lot like Cohen was peddling influence. And the deal with Vekselberg’s business — well, that goes to the heart of the matter: Trump’s financial ties to Russia. Cohe",,
article_11,same_label_segmentation_difference,assumption,assumption,3154,3268,3149,3268,112,"the deal with Vekselberg’s business — well, that goes to the heart of the matter: Trump’s financial ties to Russia","And the deal with Vekselberg’s business || well, that goes to the heart of the matter: Trump’s financial ties to Russia","ies and Swiss pharma company Novartis, as well as an offshoot business of Viktor Vekselberg, a Russian oligarch and Putin ally. This looks a lot like Cohen was peddling influence. And the deal with Vekselberg’s business — well, that goes to the heart of the matter: Trump’s financial ties to Russia. Cohen’s apparent willingness to pay hush money on Trump’s behalf — especially in re. sex capers — also gives credence to the 2016 Trump-Russia dossier by ex-spy Christopher Stee",,
article_11,same_label_boundary_difference,testimony,testimony,3841,4051,3840,3960,119,"the journalist Julia Ioffe wrote this week, Russian President Vladimir Putin’s kompromat might be hiding in plain sight: He’s the one who knows, and can say, that Trump didn’t win the presidency fair and square","the journalist Julia Ioffe wrote this week, Russian President Vladimir Putin’s kompromat might be hiding in plain sight","mp’s financial tomfoolery — and maybe knew or had recorded something to do with urine and one of those luxe Stearns & Foster mattresses the Ritz-Carlton chain is known for. Or, as the journalist Julia Ioffe wrote this week, Russian President Vladimir Putin’s kompromat might be hiding in plain sight: He’s the one who knows, and can say, that Trump didn’t win the presidency fair and square. Enter the Fray: First takes on the news of the minute from L.A. Times Opinion » On the home front, kompromat also seems near to hand. If Cohen recorded his boss prattling on ab",,
article_11,same_label_segmentation_difference,assumption,assumption,4189,4358,4191,4358,166,"If Cohen recorded his boss prattling on about his sexual needs, his extramarital girlfriends and his efforts to silence them, Cohen probably has some other receipts, too","Cohen recorded his boss prattling on about his sexual needs, his extramarital girlfriends and his efforts to silence them || Cohen probably has some other receipts, too","didn’t win the presidency fair and square. Enter the Fray: First takes on the news of the minute from L.A. Times Opinion » On the home front, kompromat also seems near to hand. If Cohen recorded his boss prattling on about his sexual needs, his extramarital girlfriends and his efforts to silence them, Cohen probably has some other receipts, too. According to Michael Avenatti, Daniels’ sharp-dressed lawyer, some 16 phones were found when the FBI raided Michael Cohen’s office in April. Lordy: tapes. Or the digital equiva",,
article_11,same_label_boundary_difference,assumption,assumption,4712,4759,4714,4759,45,"If Cohen can manage that kind of spyware, kudos","Cohen can manage that kind of spyware, kudos","equivalent. There’s a useful app called iHere3, which pairs a small keychain device with an iPhone. It lets you wiretap anyone without anything fishy on your phone’s lock screen. If Cohen can manage that kind of spyware, kudos. Impressive — especially while keeping track of all the nude models and Russian oligarchs. One way or another: bugging Trump. That’s some cold, cold valet work right there. Cohen",,
article_11,overlapping_different_label,testimony,anecdote,332,506,331,506,174,"The two goons reportedly discussed how to suppress the 1st Amendment rights of Trump’s alleged former extramarital girlfriend Karen McDougal, a darling-looking skin-mag model","The two goons reportedly discussed how to suppress the 1st Amendment rights of Trump’s alleged former extramarital girlfriend Karen McDougal, a darling-looking skin-mag model","I mean lawyer — Michael Cohen. According to media reports Friday, Cohen surreptitiously recorded a shady conversation with Trump two months before the 2016 presidential election. The two goons reportedly discussed how to suppress the 1st Amendment rights of Trump’s alleged former extramarital girlfriend Karen McDougal, a darling-looking skin-mag model. Their cunning plan? To trick McDougal into thinking she was signing a contract to write about the affair exclusively for the National Enquirer. As for so many of us, journalism",,
article_11,overlapping_different_label,other,assumption,508,527,507,527,19,Their cunning plan?,Their cunning plan?,"ion. The two goons reportedly discussed how to suppress the 1st Amendment rights of Trump’s alleged former extramarital girlfriend Karen McDougal, a darling-looking skin-mag model. Their cunning plan? To trick McDougal into thinking she was signing a contract to write about the affair exclusively for the National Enquirer. As for so many of us, journalism seemed like a chance",,
article_11,overlapping_different_label,other,assumption,1064,1106,1069,1077,8,Don’t confuse McDougal with Stormy Daniels,confuse,"y. He wouldn’t let her take it elsewhere, she maintains, but he did promise her a bogus fitness-writing deal that never came to pass. The writer’s life! Karen, I’m here for you. Don’t confuse McDougal with Stormy Daniels, the porn actress who accepted money through Cohen’s office to put the lid on her alleged affair with Trump in 2006, around the time that Trump’s third wife, Melania, gave birth t",,
article_11,overlapping_different_label,other,assumption,1224,1305,1297,1305,8,"around the time that Trump’s third wife, Melania, gave birth to their son, Barron",", Barron","I’m here for you. Don’t confuse McDougal with Stormy Daniels, the porn actress who accepted money through Cohen’s office to put the lid on her alleged affair with Trump in 2006, around the time that Trump’s third wife, Melania, gave birth to their son, Barron. Daniels is blond. Sure, McDougal describes a similar affair with Trump that overlapped with Daniels’, as well as Melania’s postpartum adjustment to new motherhood and of course B",,
article_11,overlapping_different_label,other,anecdote,1307,1323,1306,1323,16,Daniels is blond,Daniels is blond,"ho accepted money through Cohen’s office to put the lid on her alleged affair with Trump in 2006, around the time that Trump’s third wife, Melania, gave birth to their son, Barron. Daniels is blond. Sure, McDougal describes a similar affair with Trump that overlapped with Daniels’, as well as Melania’s postpartum adjustment to new motherhood and of course Barron’s early infa",,
article_11,overlapping_different_label,other,assumption,1512,1534,1511,1534,22,McDougal is a brunette,McDougal is a brunette,"McDougal describes a similar affair with Trump that overlapped with Daniels’, as well as Melania’s postpartum adjustment to new motherhood and of course Barron’s early infancy. But McDougal is a brunette. Cohen reportedly has lifelong ties to the Russian mafia, and he’s showing a KGB-level knack for betrayal. * Share quote & link Oh, one more clarification: McDougal is not the",,
article_11,overlapping_different_label,testimony,assumption,1537,1592,1537,1592,55,Cohen reportedly has lifelong ties to the Russian mafia,Cohen reportedly has lifelong ties to the Russian mafia,"ar affair with Trump that overlapped with Daniels’, as well as Melania’s postpartum adjustment to new motherhood and of course Barron’s early infancy. But McDougal is a brunette. Cohen reportedly has lifelong ties to the Russian mafia, and he’s showing a KGB-level knack for betrayal. * Share quote & link Oh, one more clarification: McDougal is not the other skinmag model, Shera Bechard, who was also allegedl",,
article_11,overlapping_different_label,other,assumption,2011,2083,2010,2083,72,What’s this stupid bedroom farce have to do with the fate of the nation?,What’s this stupid bedroom farce have to do with the fate of the nation?,"ir is a whiter-blond than Daniels’, has said she had an abortion after getting pregnant by Elliott Broidy, onetime finance chair of the Republican National Committee — Never mind. What’s this stupid bedroom farce have to do with the fate of the nation? If no one but a prude like me is feeling scandalized by the president’s ritual humiliation of his wife and infliction of trauma on his young son, maybe all this prurient chatter",,
article_11,overlapping_different_label,other,anecdote,2507,2669,2657,2669,12,"To be honest, I find the actual name of cyber-attack commander Nikolay Yuryevich Kozachek and his online nom de guerre, blablabla1234565, equally hard to remember",to remember,"fidy through the indictments of Russian military intelligence commanders for undermining American democracy. But then you have to wade through a lot of Russian and hacker names. (To be honest, I find the actual name of cyber-attack commander Nikolay Yuryevich Kozachek and his online nom de guerre, blablabla1234565, equally hard to remember.) It’s more summery to go the farce route and focus on McDougal, Daniels, Bechard and the Republican bribers who loved them. Plus, Cohen forms a bridge between from Russia and wi",,
article_11,overlapping_different_label,testimony,assumption,3452,3588,3451,3588,136,"The dossier warned that the president was vulnerable to sexual blackmail and, if elected, could be grievously manipulated by the Kremlin","The dossier warned that the president was vulnerable to sexual blackmail and, if elected, could be grievously manipulated by the Kremlin","Cohen’s apparent willingness to pay hush money on Trump’s behalf — especially in re. sex capers — also gives credence to the 2016 Trump-Russia dossier by ex-spy Christopher Steele. The dossier warned that the president was vulnerable to sexual blackmail and, if elected, could be grievously manipulated by the Kremlin. In the Steele dossier, the story goes that the Kremlin knew about Trump’s financial tomfoolery — and maybe knew or had recorded something to do with urine and one of those luxe",,
article_11,overlapping_different_label,testimony,assumption,3591,3831,3591,3831,240,"In the Steele dossier, the story goes that the Kremlin knew about Trump’s financial tomfoolery — and maybe knew or had recorded something to do with urine and one of those luxe Stearns & Foster mattresses the Ritz-Carlton chain is known for","In the Steele dossier, the story goes that the Kremlin knew about Trump’s financial tomfoolery — and maybe knew or had recorded something to do with urine and one of those luxe Stearns & Foster mattresses the Ritz-Carlton chain is known for","ia dossier by ex-spy Christopher Steele. The dossier warned that the president was vulnerable to sexual blackmail and, if elected, could be grievously manipulated by the Kremlin. In the Steele dossier, the story goes that the Kremlin knew about Trump’s financial tomfoolery — and maybe knew or had recorded something to do with urine and one of those luxe Stearns & Foster mattresses the Ritz-Carlton chain is known for. Or, as the journalist Julia Ioffe wrote this week, Russian President Vladimir Putin’s kompromat might be hiding in plain sight: He’s the one who knows, and can say, that Trump d",,
article_11,overlapping_different_label,assumption,anecdote,4545,4631,4580,4631,51,"There’s a useful app called iHere3, which pairs a small keychain device with an iPhone",which pairs a small keychain device with an iPhone,"rding to Michael Avenatti, Daniels’ sharp-dressed lawyer, some 16 phones were found when the FBI raided Michael Cohen’s office in April. Lordy: tapes. Or the digital equivalent. There’s a useful app called iHere3, which pairs a small keychain device with an iPhone. It lets you wiretap anyone without anything fishy on your phone’s lock screen. If Cohen can manage that kind of spyware, kudos. Impressive — especially while keeping track of all",,
article_11,overlapping_different_label,other,assumption,4852,4885,4852,4870,18,One way or another: bugging Trump,One way or another,"hing fishy on your phone’s lock screen. If Cohen can manage that kind of spyware, kudos. Impressive — especially while keeping track of all the nude models and Russian oligarchs. One way or another: bugging Trump. That’s some cold, cold valet work right there. Cohen reportedly has lifelong ties to the Russian mafia, and he’s showing a KGB-level knack for betrayal. I think I admire it. Twi",,
article_11,overlapping_different_label,testimony,assumption,4934,4989,4933,4989,55,Cohen reportedly has lifelong ties to the Russian mafia,Cohen reportedly has lifelong ties to the Russian mafia,"kudos. Impressive — especially while keeping track of all the nude models and Russian oligarchs. One way or another: bugging Trump. That’s some cold, cold valet work right there. Cohen reportedly has lifelong ties to the Russian mafia, and he’s showing a KGB-level knack for betrayal. I think I admire it. Twitter: @page88",,
article_11,unmatched_gold_span,assumption,,1108,1222,,,0,the porn actress who accepted money through Cohen’s office to put the lid on her alleged affair with Trump in 2006,,"e maintains, but he did promise her a bogus fitness-writing deal that never came to pass. The writer’s life! Karen, I’m here for you. Don’t confuse McDougal with Stormy Daniels, the porn actress who accepted money through Cohen’s office to put the lid on her alleged affair with Trump in 2006, around the time that Trump’s third wife, Melania, gave birth to their son, Barron. Daniels is blond. Sure, McDougal describes a similar affair with Trump that overlapped with Dan",,
article_11,unmatched_gold_span,other,,1671,1693,,,0,one more clarification,,"s early infancy. But McDougal is a brunette. Cohen reportedly has lifelong ties to the Russian mafia, and he’s showing a KGB-level knack for betrayal. * Share quote & link Oh, one more clarification: McDougal is not the other skinmag model, Shera Bechard, who was also allegedly silenced through Cohen’s machinations. Bechard, whose hair is a whiter-blond than Daniels’, has sai",,
article_11,unmatched_gold_span,other,,4503,4542,,,0,Lordy: tapes. Or the digital equivalent,,"obably has some other receipts, too. According to Michael Avenatti, Daniels’ sharp-dressed lawyer, some 16 phones were found when the FBI raided Michael Cohen’s office in April. Lordy: tapes. Or the digital equivalent. There’s a useful app called iHere3, which pairs a small keychain device with an iPhone. It lets you wiretap anyone without anything fishy on your phone’s lock screen. If Cohen c",,
article_11,unmatched_prediction,,testimony,,,760,764,0,,But,"ntract to write about the affair exclusively for the National Enquirer. As for so many of us, journalism seemed like a chance for McDougal to make an honest, fully-clothed living. But, according to McDougal, Trump supporter David Pecker, who runs the company that publishes the Enquirer, killed her story. He wouldn’t let her take it elsewhere, she maintains, but",,
article_11,unmatched_prediction,,testimony,,,886,939,0,,"He wouldn’t let her take it elsewhere, she maintains","for McDougal to make an honest, fully-clothed living. But, according to McDougal, Trump supporter David Pecker, who runs the company that publishes the Enquirer, killed her story. He wouldn’t let her take it elsewhere, she maintains, but he did promise her a bogus fitness-writing deal that never came to pass. The writer’s life! Karen, I’m here for you. Don’t confuse McDougal with Stormy Daniels, the porn ac",,
article_11,unmatched_prediction,,anecdote,,,997,1016,0,,never came to pass,", who runs the company that publishes the Enquirer, killed her story. He wouldn’t let her take it elsewhere, she maintains, but he did promise her a bogus fitness-writing deal that never came to pass. The writer’s life! Karen, I’m here for you. Don’t confuse McDougal with Stormy Daniels, the porn actress who accepted money through Cohen’s office to put the lid on her alleged",,
article_11,unmatched_prediction,,assumption,,,1064,1068,0,,Don’,"y. He wouldn’t let her take it elsewhere, she maintains, but he did promise her a bogus fitness-writing deal that never came to pass. The writer’s life! Karen, I’m here for you. Don’t confuse McDougal with Stormy Daniels, the porn actress who accepted money through Cohen’s office to put the lid on her alleged affair with Trump in 2006, around the time that Tru",,
article_11,unmatched_prediction,,anecdote,,,1324,1330,0,,"Sure,","through Cohen’s office to put the lid on her alleged affair with Trump in 2006, around the time that Trump’s third wife, Melania, gave birth to their son, Barron. Daniels is blond. Sure, McDougal describes a similar affair with Trump that overlapped with Daniels’, as well as Melania’s postpartum adjustment to new motherhood and of course Barron’s early infancy. Bu",,
article_11,unmatched_prediction,,assumption,,,3961,4051,0,,"He’s the one who knows, and can say, that Trump didn’t win the presidency fair and square","ter mattresses the Ritz-Carlton chain is known for. Or, as the journalist Julia Ioffe wrote this week, Russian President Vladimir Putin’s kompromat might be hiding in plain sight: He’s the one who knows, and can say, that Trump didn’t win the presidency fair and square. Enter the Fray: First takes on the news of the minute from L.A. Times Opinion » On the home front, kompromat also seems near to hand. If Cohen recorded his boss prattling on ab",,
article_11,unmatched_prediction,,anecdote,,,4545,4579,0,,There’s a useful app called iHere3,"rding to Michael Avenatti, Daniels’ sharp-dressed lawyer, some 16 phones were found when the FBI raided Michael Cohen’s office in April. Lordy: tapes. Or the digital equivalent. There’s a useful app called iHere3, which pairs a small keychain device with an iPhone. It lets you wiretap anyone without anything fishy on your phone’s lock screen. If Cohen can manage that kind of spyware, kudos",,
article_11,unmatched_prediction,,assumption,,,4871,4885,0,,bugging Trump,"phone’s lock screen. If Cohen can manage that kind of spyware, kudos. Impressive — especially while keeping track of all the nude models and Russian oligarchs. One way or another: bugging Trump. That’s some cold, cold valet work right there. Cohen reportedly has lifelong ties to the Russian mafia, and he’s showing a KGB-level knack for betrayal. I think I admire it. Twi",,
article_12,same_label_segmentation_difference,anecdote,anecdote,414,655,414,655,137,"Under Holder, the first black attorney general, the Justice Department has intensified its scrutiny of police departments, launching 20 investigations of police practices and alleged discriminatory enforcement patterns in the past five years","Under Holder, the first black attorney general, the Justice Department has intensified its scrutiny of police departments || past five years","uis suburb now in the spotlight represents the latest effort by the Obama administration to find a way to calm racial tensions following the police shooting of Michael Brown, 18. Under Holder, the first black attorney general, the Justice Department has intensified its scrutiny of police departments, launching 20 investigations of police practices and alleged discriminatory enforcement patterns in the past five years. That's more than twice the number of such probes in the previous five years. That record is part of Holder's pitch to reassure the local community in Ferguson that the Justice",,
article_12,same_label_boundary_difference,anecdote,anecdote,1058,1098,1078,1098,20,Some of the protests have turned violent,have turned violent,"ooting of Brown, who was unarmed, by a white officer, Darren Wilson. Ferguson has been at the center of daily standoffs between protesters and police since the August 9 shooting. Some of the protests have turned violent. Holder's visit will focus on the Justice Department's civil rights investigation, which is examining whether Wilson acted properly in using deadly force. The federal probe is se",,
article_12,same_label_segmentation_difference,assumption,assumption,2047,2184,2047,2184,136,"While those efforts have the backing of Obama, Holder's public views on the issue of race haven't always been welcome for the White House",While || those efforts have the backing of Obama || Holder's public views on the issue of race haven't always been welcome for the White House,"o disparity in the judicial system and has led efforts to reduce disparities in sentences that statistically have greater effect on racial minorities. Obama cautious on Ferguson While those efforts have the backing of Obama, Holder's public views on the issue of race haven't always been welcome for the White House. In his first major speech after taking office in 2009, Holder told a Black History Month gathering at the Justice Department: ""Though this nation has proudly thought of itself a",,
article_12,same_label_segmentation_difference,testimony,testimony,2499,2649,2499,2649,149,"Obama criticized the ""nation of cowards"" characterization, saying ""if I had been advising my attorney general, we would have used different language.""","Obama criticized the ""nation of cowards"" characterization || saying ""if I had been advising my attorney general, we would have used different language.""","h this nation has proudly thought of itself as an ethnic melting pot, in things racial we have always been and continue to be, in too many ways, essentially a nation of cowards."" Obama criticized the ""nation of cowards"" characterization, saying ""if I had been advising my attorney general, we would have used different language."" Privately, Holder believed he was right. But he stayed away from the issue for a while. At the same time, he vowed to reinvigorate the Justice Department's civil rights division",,
article_12,same_label_boundary_difference,assumption,assumption,2696,2737,2691,2737,41,he stayed away from the issue for a while,But he stayed away from the issue for a while,"ized the ""nation of cowards"" characterization, saying ""if I had been advising my attorney general, we would have used different language."" Privately, Holder believed he was right. But he stayed away from the issue for a while. At the same time, he vowed to reinvigorate the Justice Department's civil rights division, which was the center of controversy over partisan meddling during the administration o",,
article_12,same_label_segmentation_difference,assumption,assumption,2758,2943,2740,2943,184,"he vowed to reinvigorate the Justice Department's civil rights division, which was the center of controversy over partisan meddling during the administration of President George W. Bush","At the same time, he vowed to reinvigorate the Justice Department's civil rights division || which was the center of controversy over partisan meddling during the administration of President George W. Bush","ying ""if I had been advising my attorney general, we would have used different language."" Privately, Holder believed he was right. But he stayed away from the issue for a while. At the same time, he vowed to reinvigorate the Justice Department's civil rights division, which was the center of controversy over partisan meddling during the administration of President George W. Bush. Concerns about prosecutor That unit enforces a 1994 law approved after the Rodney King beating by police in Los Angeles that makes it unlawful for police to engage in a pattern",,
article_12,same_label_boundary_difference,anecdote,anecdote,3190,3376,3296,3376,80,"Of the 20 investigations the civil rights division has launched in the past five years, seven are ongoing, including those against police departments in Albuquerque, Miami, and Cleveland","including those against police departments in Albuquerque, Miami, and Cleveland","d after the Rodney King beating by police in Los Angeles that makes it unlawful for police to engage in a pattern or practice that deprives people of their constitutional rights. Of the 20 investigations the civil rights division has launched in the past five years, seven are ongoing, including those against police departments in Albuquerque, Miami, and Cleveland. As a result of increased scrutiny, there are now 13 law enforcement agencies subject to agreements with the Justice Department. Seven of those are under court-ordered consent de",,
article_12,same_label_boundary_difference,anecdote,anecdote,4011,4117,4060,4117,57,"Among those sent to Ferguson is Ronald Davis, who heads the Office of Community Oriented Policing Services",heads the Office of Community Oriented Policing Services,"e technical assistance to police, suggesting less aggressive tactics and avoiding the use of military-style vehicles to deal with protesters. 5 things to know about the shooting Among those sent to Ferguson is Ronald Davis, who heads the Office of Community Oriented Policing Services. A former police chief in East Palo Alto, California, Davis is African-American and has spoken out about racial profiling by police. ""I am a black man who is subject to increased",,
article_12,same_label_boundary_difference,testimony,testimony,4252,4418,4253,4418,165,"""I am a black man who is subject to increased scrutiny from my community, my profession, and my country because of the color of my skin,"" Davis said at a 2012 hearing","I am a black man who is subject to increased scrutiny from my community, my profession, and my country because of the color of my skin,"" Davis said at a 2012 hearing","ffice of Community Oriented Policing Services. A former police chief in East Palo Alto, California, Davis is African-American and has spoken out about racial profiling by police. ""I am a black man who is subject to increased scrutiny from my community, my profession, and my country because of the color of my skin,"" Davis said at a 2012 hearing. He added that he is proud to be a police officer, but noted that ""as a black man with a 14-year-old son, Glenn, I know that when I teach him how to drive a car I must also teach",,
article_12,same_label_segmentation_difference,testimony,testimony,4421,4685,4421,4685,260,"He added that he is proud to be a police officer, but noted that ""as a black man with a 14-year-old son, Glenn, I know that when I teach him how to drive a car I must also teach him what to do when stopped by the police -- a mandatory course for young men of color","He added that he is proud to be a police officer, || noted that ""as a black man with a 14-year-old son, Glenn, I know that when I teach him how to drive a car I must also teach him what to do when stopped by the police -- a mandatory course for young men of color","y police. ""I am a black man who is subject to increased scrutiny from my community, my profession, and my country because of the color of my skin,"" Davis said at a 2012 hearing. He added that he is proud to be a police officer, but noted that ""as a black man with a 14-year-old son, Glenn, I know that when I teach him how to drive a car I must also teach him what to do when stopped by the police -- a mandatory course for young men of color. ""I must also prepare him for the bias he is likely to face and the reality that, despite the strength of his character or his contributions to society, there will be those who w",,
article_12,overlapping_different_label,anecdote,statistics,658,733,658,733,75,That's more than twice the number of such probes in the previous five years,That's more than twice the number of such probes in the previous five years,"rtment has intensified its scrutiny of police departments, launching 20 investigations of police practices and alleged discriminatory enforcement patterns in the past five years. That's more than twice the number of such probes in the previous five years. That record is part of Holder's pitch to reassure the local community in Ferguson that the Justice Department will properly investigate the shooting of Brown, who was unarmed, b",,
article_12,overlapping_different_label,anecdote,assumption,736,945,736,945,209,"That record is part of Holder's pitch to reassure the local community in Ferguson that the Justice Department will properly investigate the shooting of Brown, who was unarmed, by a white officer, Darren Wilson","That record is part of Holder's pitch to reassure the local community in Ferguson that the Justice Department will properly investigate the shooting of Brown, who was unarmed, by a white officer, Darren Wilson","igations of police practices and alleged discriminatory enforcement patterns in the past five years. That's more than twice the number of such probes in the previous five years. That record is part of Holder's pitch to reassure the local community in Ferguson that the Justice Department will properly investigate the shooting of Brown, who was unarmed, by a white officer, Darren Wilson. Ferguson has been at the center of daily standoffs between protesters and police since the August 9 shooting. Some of the protests have turned violent. Holder's visit will focu",,
article_12,overlapping_different_label,anecdote,assumption,948,1056,949,1056,107,Ferguson has been at the center of daily standoffs between protesters and police since the August 9 shooting,erguson has been at the center of daily standoffs between protesters and police since the August 9 shooting,"pitch to reassure the local community in Ferguson that the Justice Department will properly investigate the shooting of Brown, who was unarmed, by a white officer, Darren Wilson. Ferguson has been at the center of daily standoffs between protesters and police since the August 9 shooting. Some of the protests have turned violent. Holder's visit will focus on the Justice Department's civil rights investigation, which is examining whether Wilson acted properly in u",,
article_12,overlapping_different_label,anecdote,assumption,1101,1253,1101,1181,80,"Holder's visit will focus on the Justice Department's civil rights investigation, which is examining whether Wilson acted properly in using deadly force",Holder's visit will focus on the Justice Department's civil rights investigation,"e officer, Darren Wilson. Ferguson has been at the center of daily standoffs between protesters and police since the August 9 shooting. Some of the protests have turned violent. Holder's visit will focus on the Justice Department's civil rights investigation, which is examining whether Wilson acted properly in using deadly force. The federal probe is separate from a criminal one being conducted by local authorities. ""At a time when so much may seem uncertain, the people of Ferguson can have confidence th",,
article_12,overlapping_different_label,anecdote,assumption,1255,1341,1254,1341,86,The federal probe is separate from a criminal one being conducted by local authorities,The federal probe is separate from a criminal one being conducted by local authorities,"ests have turned violent. Holder's visit will focus on the Justice Department's civil rights investigation, which is examining whether Wilson acted properly in using deadly force. The federal probe is separate from a criminal one being conducted by local authorities. ""At a time when so much may seem uncertain, the people of Ferguson can have confidence that the Justice Department intends to learn — in a fair and thorough manner — exactly wha",,
article_12,overlapping_different_label,anecdote,assumption,1822,2016,1822,2016,194,Holder has been outspoken on issues related to disparity in the judicial system and has led efforts to reduce disparities in sentences that statistically have greater effect on racial minorities,Holder has been outspoken on issues related to disparity in the judicial system and has led efforts to reduce disparities in sentences that statistically have greater effect on racial minorities,"for an independent investigation, and we hope that the independence and thoroughness of our investigation will bring some measure of calm to the tensions in Ferguson,"" he added. Holder has been outspoken on issues related to disparity in the judicial system and has led efforts to reduce disparities in sentences that statistically have greater effect on racial minorities. Obama cautious on Ferguson While those efforts have the backing of Obama, Holder's public views on the issue of race haven't always been welcome for the White House. In his fi",,
article_12,overlapping_different_label,anecdote,assumption,2973,3187,2973,3187,214,That unit enforces a 1994 law approved after the Rodney King beating by police in Los Angeles that makes it unlawful for police to engage in a pattern or practice that deprives people of their constitutional rights,That unit enforces a 1994 law approved after the Rodney King beating by police in Los Angeles that makes it unlawful for police to engage in a pattern or practice that deprives people of their constitutional rights,"e Department's civil rights division, which was the center of controversy over partisan meddling during the administration of President George W. Bush. Concerns about prosecutor That unit enforces a 1994 law approved after the Rodney King beating by police in Los Angeles that makes it unlawful for police to engage in a pattern or practice that deprives people of their constitutional rights. Of the 20 investigations the civil rights division has launched in the past five years, seven are ongoing, including those against police departments in Albuquerque, Miami, and",,
article_12,overlapping_different_label,anecdote,assumption,3379,3505,3379,3505,126,"As a result of increased scrutiny, there are now 13 law enforcement agencies subject to agreements with the Justice Department","As a result of increased scrutiny, there are now 13 law enforcement agencies subject to agreements with the Justice Department","investigations the civil rights division has launched in the past five years, seven are ongoing, including those against police departments in Albuquerque, Miami, and Cleveland. As a result of increased scrutiny, there are now 13 law enforcement agencies subject to agreements with the Justice Department. Seven of those are under court-ordered consent decrees, the largest number in the department's history. Holder has criticized some of the police response to the street protests",,
article_12,overlapping_different_label,anecdote,assumption,3507,3609,3506,3609,102,"Seven of those are under court-ordered consent decrees, the largest number in the department's history","Seven of those are under court-ordered consent decrees, the largest number in the department's history","e departments in Albuquerque, Miami, and Cleveland. As a result of increased scrutiny, there are now 13 law enforcement agencies subject to agreements with the Justice Department. Seven of those are under court-ordered consent decrees, the largest number in the department's history. Holder has criticized some of the police response to the street protests in Ferguson, while at the same time advocating enforcement against people rioting and looting. He has s",,
article_12,overlapping_different_label,anecdote,assumption,3612,3778,3612,3778,166,"Holder has criticized some of the police response to the street protests in Ferguson, while at the same time advocating enforcement against people rioting and looting","Holder has criticized some of the police response to the street protests in Ferguson, while at the same time advocating enforcement against people rioting and looting","aw enforcement agencies subject to agreements with the Justice Department. Seven of those are under court-ordered consent decrees, the largest number in the department's history. Holder has criticized some of the police response to the street protests in Ferguson, while at the same time advocating enforcement against people rioting and looting. He has sent Justice Department officials to provide technical assistance to police, suggesting less aggressive tactics and avoiding the use of military-style vehicles to deal wi",,
article_12,overlapping_different_label,anecdote,assumption,3781,3971,3781,3971,190,"He has sent Justice Department officials to provide technical assistance to police, suggesting less aggressive tactics and avoiding the use of military-style vehicles to deal with protesters","He has sent Justice Department officials to provide technical assistance to police, suggesting less aggressive tactics and avoiding the use of military-style vehicles to deal with protesters","history. Holder has criticized some of the police response to the street protests in Ferguson, while at the same time advocating enforcement against people rioting and looting. He has sent Justice Department officials to provide technical assistance to police, suggesting less aggressive tactics and avoiding the use of military-style vehicles to deal with protesters. 5 things to know about the shooting Among those sent to Ferguson is Ronald Davis, who heads the Office of Community Oriented Policing Services. A former police chief in East Pa",,
article_12,overlapping_different_label,anecdote,assumption,0,196,0,196,196,"After years of causing angst for White House political aides by delving into issues of race, Attorney General Eric Holder is heading to Ferguson, Missouri, as President Barack Obama's top emissary","After years of causing angst for White House political aides by delving into issues of race, Attorney General Eric Holder is heading to Ferguson, Missouri, as President Barack Obama's top emissary","After years of causing angst for White House political aides by delving into issues of race, Attorney General Eric Holder is heading to Ferguson, Missouri, as President Barack Obama's top emissary. The trip on Wednesday to the St. Louis suburb now in the spotlight represents the latest effort by the Obama administration to find a way to calm racial tensions following the p",,
article_12,unmatched_prediction,,assumption,,,1182,1253,0,,which is examining whether Wilson acted properly in using deadly force,"ween protesters and police since the August 9 shooting. Some of the protests have turned violent. Holder's visit will focus on the Justice Department's civil rights investigation, which is examining whether Wilson acted properly in using deadly force. The federal probe is separate from a criminal one being conducted by local authorities. ""At a time when so much may seem uncertain, the people of Ferguson can have confidence th",,
article_12,unmatched_prediction,,assumption,,,3990,3996,0,,about,"t officials to provide technical assistance to police, suggesting less aggressive tactics and avoiding the use of military-style vehicles to deal with protesters. 5 things to know about the shooting Among those sent to Ferguson is Ronald Davis, who heads the Office of Community Oriented Policing Services. A former police chief in East Palo Alto, California, Davi",,
article_12,unmatched_prediction,,assumption,,,4049,4055,0,,Davis,"esting less aggressive tactics and avoiding the use of military-style vehicles to deal with protesters. 5 things to know about the shooting Among those sent to Ferguson is Ronald Davis, who heads the Office of Community Oriented Policing Services. A former police chief in East Palo Alto, California, Davis is African-American and has spoken out about racial profi",,
article_13,same_label_boundary_difference,testimony,testimony,1401,1625,1513,1625,112,"In a White House address on Wednesday, Obama said he would direct Secretary of State John Kerry to review’s Cuba’s place on a list of state sponsors of terrorism, reestablish an embassy in Havana and ease travel restrictions","’s place on a list of state sponsors of terrorism, reestablish an embassy in Havana and ease travel restrictions","my power to block the use of funds to open an embassy in Cuba. Normalizing relations with Cuba is bad idea at a bad time,” Sen. Lindsey Graham (R-S.C.) said on Twitter Wednesday. In a White House address on Wednesday, Obama said he would direct Secretary of State John Kerry to review’s Cuba’s place on a list of state sponsors of terrorism, reestablish an embassy in Havana and ease travel restrictions. Obama also said the U.S. would increase remittance levels, expand commercial sales and exports. ( Also on POLITICO: GOP livid over Cuba) “We will end an outdated approach that",,
article_13,same_label_segmentation_difference,testimony,testimony,2605,2812,2606,2812,202,"“The embargo that has been imposed for decades is now codified in legislation. As these changes unfold, I look forward to engaging Congress in an honest and serious debate about lifting the embargo,” he said","The embargo that has been imposed for decades is now codified in legislation || these changes unfold, I look forward to engaging Congress in an honest and serious debate about lifting the embargo,” he said","s and travel to the Cuba. That embargo, launched by President John F. Kennedy, is not solidified by decades of congressional legislation - a fact Obama alluded to in his remarks. “The embargo that has been imposed for decades is now codified in legislation. As these changes unfold, I look forward to engaging Congress in an honest and serious debate about lifting the embargo,” he said. But Speaker John Boehner said he would not allow any Cuban-U.S. relations to be revisited in the House. ( Also on POLITICO: Rubio calls out pope on Cuba) “Relations with the C",,
article_13,same_label_boundary_difference,testimony,testimony,4711,4868,4712,4868,156,"“It is clear that policy of isolating Cuba is serving neither the interests of the American people nor the democratic aspirations of the Cubans,” Pelosi said","It is clear that policy of isolating Cuba is serving neither the interests of the American people nor the democratic aspirations of the Cubans,” Pelosi said","ert Menendez (D-N.J.), the current chair of the Forign Relations Committee was highly critical of Obama’s proposals. But House Minority Nancy Pelosi hailed Obama’s “new chapter.” “It is clear that policy of isolating Cuba is serving neither the interests of the American people nor the democratic aspirations of the Cubans,” Pelosi said. “We must acknowledge our policy towards Cuba is a relic of a bygone era that weakens our leadership in the Americas and has not advanced freedom and prosperity in Cuba.”",,
article_13,same_label_segmentation_difference,testimony,testimony,4166,4453,4166,4453,286,"“The new U.S. policy announced by the administration is no doubt sweeping, and as of now there is no real understanding as to what changes the Cuban government is prepared to make. We will be closely examining the implications of these major policy changes in the next Congress,” he said","“The new U.S. policy announced by the administration is no doubt sweeping, and as of now there is no real understanding as to what changes the Cuban government is prepared to make || We will be closely examining the implications of these major policy changes in the next Congress,” he said","ming chairman of the Senate Foreign Relations Committee Tennessee Republican Bob Corker gave few details on Wednesday on what his panel would do to halt any of Obama’s proposals. “The new U.S. policy announced by the administration is no doubt sweeping, and as of now there is no real understanding as to what changes the Cuban government is prepared to make. We will be closely examining the implications of these major policy changes in the next Congress,” he said. Meanwhile Democrats were mixed on their response to Obama’s plans. Sen. Robert Menendez (D-N.J.), the current chair of the Forign Relations Committee was highly critical of Obam",,
article_13,same_label_boundary_difference,assumption,assumption,4466,4521,4456,4521,55,Democrats were mixed on their response to Obama’s plans,Meanwhile Democrats were mixed on their response to Obama’s plans,"rstanding as to what changes the Cuban government is prepared to make. We will be closely examining the implications of these major policy changes in the next Congress,” he said. Meanwhile Democrats were mixed on their response to Obama’s plans. Sen. Robert Menendez (D-N.J.), the current chair of the Forign Relations Committee was highly critical of Obama’s proposals. But House Minority Nancy Pelosi hailed Obama’s “new c",,
article_13,same_label_boundary_difference,assumption,assumption,4523,4646,4628,4646,18,"Sen. Robert Menendez (D-N.J.), the current chair of the Forign Relations Committee was highly critical of Obama’s proposals",Obama’s proposals,"ke. We will be closely examining the implications of these major policy changes in the next Congress,” he said. Meanwhile Democrats were mixed on their response to Obama’s plans. Sen. Robert Menendez (D-N.J.), the current chair of the Forign Relations Committee was highly critical of Obama’s proposals. But House Minority Nancy Pelosi hailed Obama’s “new chapter.” “It is clear that policy of isolating Cuba is serving neither the interests of the American people nor the democrat",,
article_13,same_label_boundary_difference,testimony,testimony,2819,2917,2815,2917,98,Speaker John Boehner said he would not allow any Cuban-U.S. relations to be revisited in the House,But Speaker John Boehner said he would not allow any Cuban-U.S. relations to be revisited in the House,"osed for decades is now codified in legislation. As these changes unfold, I look forward to engaging Congress in an honest and serious debate about lifting the embargo,” he said. But Speaker John Boehner said he would not allow any Cuban-U.S. relations to be revisited in the House. ( Also on POLITICO: Rubio calls out pope on Cuba) “Relations with the Castro regime should not be revisited, let alone normalized, until the Cuban people enjoy freedom – and no",,
article_13,same_label_segmentation_difference,testimony,testimony,2971,3301,2971,3301,329,"“Relations with the Castro regime should not be revisited, let alone normalized, until the Cuban people enjoy freedom – and not one second sooner. There is no ‘new course’ here, only another in a long line of mindless concessions to a dictatorship that brutalizes its people and schemes with our enemies,” the Ohio Republican said","“Relations with the Castro regime should not be revisited, let alone normalized, until the Cuban people enjoy freedom – and not one second sooner || There is no ‘new course’ here, only another in a long line of mindless concessions to a dictatorship that brutalizes its people and schemes with our enemies,” the Ohio Republican said","the embargo,” he said. But Speaker John Boehner said he would not allow any Cuban-U.S. relations to be revisited in the House. ( Also on POLITICO: Rubio calls out pope on Cuba) “Relations with the Castro regime should not be revisited, let alone normalized, until the Cuban people enjoy freedom – and not one second sooner. There is no ‘new course’ here, only another in a long line of mindless concessions to a dictatorship that brutalizes its people and schemes with our enemies,” the Ohio Republican said. Incoming Senate Majority Leader Mitch McConnell (R-Ky.) said he would defer the upper chamber’s response to Cuba policy changes to Rubio, who slammed Obama for threatening U.S.",,
article_13,same_label_boundary_difference,testimony,testimony,3304,3507,3304,3440,136,"Incoming Senate Majority Leader Mitch McConnell (R-Ky.) said he would defer the upper chamber’s response to Cuba policy changes to Rubio, who slammed Obama for threatening U.S. national security concerns",Incoming Senate Majority Leader Mitch McConnell (R-Ky.) said he would defer the upper chamber’s response to Cuba policy changes to Rubio,"is no ‘new course’ here, only another in a long line of mindless concessions to a dictatorship that brutalizes its people and schemes with our enemies,” the Ohio Republican said. Incoming Senate Majority Leader Mitch McConnell (R-Ky.) said he would defer the upper chamber’s response to Cuba policy changes to Rubio, who slammed Obama for threatening U.S. national security concerns. Already some Republicans are casting doubt on if the Obama administration has the legal authority to roll back some travel restrictions and allow increased numbers of Cuban ciga",,
article_13,same_label_boundary_difference,anecdote,anecdote,2325,2449,2330,2449,119,Obama also called on Congress to peruse legislation that would lift the 50-year embargo against goods and travel to the Cuba,also called on Congress to peruse legislation that would lift the 50-year embargo against goods and travel to the Cuba,"ady a number of influential Republicans vocal on foreign affairs, including Graham, Sens. John McCain (R-Ariz.), Rubio (R-Fla.) and Cruz said they staunchly oppose Obama’s plans. Obama also called on Congress to peruse legislation that would lift the 50-year embargo against goods and travel to the Cuba. That embargo, launched by President John F. Kennedy, is not solidified by decades of congressional legislation - a fact Obama alluded to in his remarks. “The embargo that has be",,
article_13,same_label_boundary_difference,assumption,assumption,2081,2139,2072,2139,58,they will have the power to block presidential nominations,meaning they will have the power to block presidential nominations,"the Cuban people are well-served by a rigid policy that is rooted in events that took place before most of us were born.” Republicans will control the Senate starting in January, meaning they will have the power to block presidential nominations. Already a number of influential Republicans vocal on foreign affairs, including Graham, Sens. John McCain (R-Ariz.), Rubio (R-Fla.) and Cruz said they staunchly oppose Obama’s pl",,
article_13,same_label_segmentation_difference,assumption,assumption,815,1008,817,1089,189,"if they can’t fully stop Obama, who has some authority to act without Congress, the dispute will provide another opportunity for the president’s Hill rivals, including 2016 likely hopefuls Sens","they can’t fully stop Obama || who has some authority to act without Congress || the dispute will provide another opportunity for the president’s Hill rivals, including 2016 likely hopefuls Sens. Ted Cruz and Marco Rubio, to continue to question his use of executive action —","go. ( Also on POLITICO: Obama's December surprise) When Republicans control the Senate next year, the party would be in a good position to get some of their plans done. But even if they can’t fully stop Obama, who has some authority to act without Congress, the dispute will provide another opportunity for the president’s Hill rivals, including 2016 likely hopefuls Sens. Ted Cruz and Marco Rubio, to continue to question his use of executive action — a theme Republicans had already planned to take on next year around Obama’s moves on immigration and Obamacare. “I will do all in my power to block the use of funds to open an em",,
article_13,overlapping_different_label,anecdote,assumption,123,384,123,384,261,"Just hours after Obama announced that a prisoner swap with the Cuban government for two Americans was the start of a new relationship with the communist country, Republicans began informally kicking around ideas to stop any changes to the U.S.-Cuba relationship","Just hours after Obama announced that a prisoner swap with the Cuban government for two Americans was the start of a new relationship with the communist country, Republicans began informally kicking around ideas to stop any changes to the U.S.-Cuba relationship","President Barack Obama’s plan to normalize relations with Cuba has hit a familiar roadblock: Republicans on Capitol Hill. Just hours after Obama announced that a prisoner swap with the Cuban government for two Americans was the start of a new relationship with the communist country, Republicans began informally kicking around ideas to stop any changes to the U.S.-Cuba relationship. Story Continued Below On the list: deny Obama funds to reopen an embassy in Havana, stall the nomination of a potential ambassador, vote down a bill to open up travel more wide",,
article_13,overlapping_different_label,assumption,testimony,4652,4709,4707,4709,2,House Minority Nancy Pelosi hailed Obama’s “new chapter.”,.”,"ats were mixed on their response to Obama’s plans. Sen. Robert Menendez (D-N.J.), the current chair of the Forign Relations Committee was highly critical of Obama’s proposals. But House Minority Nancy Pelosi hailed Obama’s “new chapter.” “It is clear that policy of isolating Cuba is serving neither the interests of the American people nor the democratic aspirations of the Cubans,” Pelosi said. “We must acknowledg",,
article_13,overlapping_different_label,anecdote,assumption,3978,4163,3981,4163,182,The incoming chairman of the Senate Foreign Relations Committee Tennessee Republican Bob Corker gave few details on Wednesday on what his panel would do to halt any of Obama’s proposals,incoming chairman of the Senate Foreign Relations Committee Tennessee Republican Bob Corker gave few details on Wednesday on what his panel would do to halt any of Obama’s proposals,"on of Helms-Burton that specifically states that all political prisoners must be released and free and fair elections must be held before establishing a diplomatic relationship.” The incoming chairman of the Senate Foreign Relations Committee Tennessee Republican Bob Corker gave few details on Wednesday on what his panel would do to halt any of Obama’s proposals. “The new U.S. policy announced by the administration is no doubt sweeping, and as of now there is no real understanding as to what changes the Cuban government is prepared to ma",,
article_13,overlapping_different_label,anecdote,assumption,3518,3717,3510,3716,198,some Republicans are casting doubt on if the Obama administration has the legal authority to roll back some travel restrictions and allow increased numbers of Cuban cigars to be brought into the U.S.,Already some Republicans are casting doubt on if the Obama administration has the legal authority to roll back some travel restrictions and allow increased numbers of Cuban cigars to be brought into the U.S,"eader Mitch McConnell (R-Ky.) said he would defer the upper chamber’s response to Cuba policy changes to Rubio, who slammed Obama for threatening U.S. national security concerns. Already some Republicans are casting doubt on if the Obama administration has the legal authority to roll back some travel restrictions and allow increased numbers of Cuban cigars to be brought into the U.S. Rep. Ileana Ros-Lehtinen (R-Fla.) said action by Obama “may be in direct violation of Helms-Burton that specifically states that all political prisoners must be released and free",,
article_13,overlapping_different_label,anecdote,assumption,2016,2071,2016,2071,55,Republicans will control the Senate starting in January,Republicans will control the Senate starting in January,"ce our interests,” Obama said. “Neither the American nor the Cuban people are well-served by a rigid policy that is rooted in events that took place before most of us were born.” Republicans will control the Senate starting in January, meaning they will have the power to block presidential nominations. Already a number of influential Republicans vocal on foreign affairs, including Graham, Sens. John McCain (R-A",,
article_13,overlapping_different_label,testimony,assumption,2149,2322,2140,2322,173,"a number of influential Republicans vocal on foreign affairs, including Graham, Sens. John McCain (R-Ariz.), Rubio (R-Fla.) and Cruz said they staunchly oppose Obama’s plans","Already a number of influential Republicans vocal on foreign affairs, including Graham, Sens. John McCain (R-Ariz.), Rubio (R-Fla.) and Cruz said they staunchly oppose Obama’s plans","n events that took place before most of us were born.” Republicans will control the Senate starting in January, meaning they will have the power to block presidential nominations. Already a number of influential Republicans vocal on foreign affairs, including Graham, Sens. John McCain (R-Ariz.), Rubio (R-Fla.) and Cruz said they staunchly oppose Obama’s plans. Obama also called on Congress to peruse legislation that would lift the 50-year embargo against goods and travel to the Cuba. That embargo, launched by President John F. Kennedy",,
article_13,overlapping_different_label,anecdote,assumption,1010,1200,1089,1200,111,"Ted Cruz and Marco Rubio, to continue to question his use of executive action — a theme Republicans had already planned to take on next year around Obama’s moves on immigration and Obamacare",a theme Republicans had already planned to take on next year around Obama’s moves on immigration and Obamacare,"ully stop Obama, who has some authority to act without Congress, the dispute will provide another opportunity for the president’s Hill rivals, including 2016 likely hopefuls Sens. Ted Cruz and Marco Rubio, to continue to question his use of executive action — a theme Republicans had already planned to take on next year around Obama’s moves on immigration and Obamacare. “I will do all in my power to block the use of funds to open an embassy in Cuba. Normalizing relations with Cuba is bad idea at a bad time,” Sen. Lindsey Graham (R-S.C.) said on",,
article_13,overlapping_different_label,testimony,assumption,410,637,519,637,118,"On the list: deny Obama funds to reopen an embassy in Havana, stall the nomination of a potential ambassador, vote down a bill to open up travel more widely and ignore requests from the White House to lift a decades-old embargo",vote down a bill to open up travel more widely and ignore requests from the White House to lift a decades-old embargo,"tart of a new relationship with the communist country, Republicans began informally kicking around ideas to stop any changes to the U.S.-Cuba relationship. Story Continued Below On the list: deny Obama funds to reopen an embassy in Havana, stall the nomination of a potential ambassador, vote down a bill to open up travel more widely and ignore requests from the White House to lift a decades-old embargo. ( Also on POLITICO: Obama's December surprise) When Republicans control the Senate next year, the party would be in a good position to get some of their plans done. But even if",,
article_13,unmatched_prediction,,assumption,,,427,439,0,,Obama funds,"ationship with the communist country, Republicans began informally kicking around ideas to stop any changes to the U.S.-Cuba relationship. Story Continued Below On the list: deny Obama funds to reopen an embassy in Havana, stall the nomination of a potential ambassador, vote down a bill to open up travel more widely and ignore requests from the White House to lift a d",,
article_13,unmatched_prediction,,assumption,,,442,449,0,,reopen,"the communist country, Republicans began informally kicking around ideas to stop any changes to the U.S.-Cuba relationship. Story Continued Below On the list: deny Obama funds to reopen an embassy in Havana, stall the nomination of a potential ambassador, vote down a bill to open up travel more widely and ignore requests from the White House to lift a decades-old",,
article_13,unmatched_prediction,,assumption,,,452,460,0,,embassy,"ist country, Republicans began informally kicking around ideas to stop any changes to the U.S.-Cuba relationship. Story Continued Below On the list: deny Obama funds to reopen an embassy in Havana, stall the nomination of a potential ambassador, vote down a bill to open up travel more widely and ignore requests from the White House to lift a decades-old embargo.",,
article_13,unmatched_prediction,,assumption,,,463,467,0,,Hav,", Republicans began informally kicking around ideas to stop any changes to the U.S.-Cuba relationship. Story Continued Below On the list: deny Obama funds to reopen an embassy in Havana, stall the nomination of a potential ambassador, vote down a bill to open up travel more widely and ignore requests from the White House to lift a decades-old embargo. ( Also",,
article_13,unmatched_prediction,,assumption,,,471,518,0,,stall the nomination of a potential ambassador,"icans began informally kicking around ideas to stop any changes to the U.S.-Cuba relationship. Story Continued Below On the list: deny Obama funds to reopen an embassy in Havana, stall the nomination of a potential ambassador, vote down a bill to open up travel more widely and ignore requests from the White House to lift a decades-old embargo. ( Also on POLITICO: Obama's December surprise) When Repub",,
article_13,unmatched_prediction,,assumption,,,3441,3507,0,,who slammed Obama for threatening U.S. national security concerns,"h our enemies,” the Ohio Republican said. Incoming Senate Majority Leader Mitch McConnell (R-Ky.) said he would defer the upper chamber’s response to Cuba policy changes to Rubio, who slammed Obama for threatening U.S. national security concerns. Already some Republicans are casting doubt on if the Obama administration has the legal authority to roll back some travel restrictions and allow increased numbers of Cuban ciga",,
article_14,same_label_boundary_difference,anecdote,anecdote,181,228,186,228,42,He is recognizing Jerusalem as Israel’s capital,recognizing Jerusalem as Israel’s capital,"resident Trump announced on Wednesday that his administration is making a radical break with nearly 70 years of official United States policy and with the international community: He is recognizing Jerusalem as Israel’s capital. This decision will be interpreted by Palestinians, Arabs and the rest of the world as a major provocation. It will cause irreparable harm to Mr. Trump’s own plans to make peace",,
article_14,same_label_segmentation_difference,anecdote,anecdote,606,818,606,818,212,"Since Israel was established in 1948, the United Nations and the United States, like most countries, have refused to recognize any country’s sovereignty over Jerusalem, a city holy to Muslims, Jews and Christians","Since || Israel was established in 1948, the United Nations and the United States, like most countries, have refused to recognize any country’s sovereignty over Jerusalem, a city holy to Muslims, Jews and Christians",", and to any future administration’s efforts, as well. It will also undermine the United States’ own national security. The president should reconsider this decision immediately. Since Israel was established in 1948, the United Nations and the United States, like most countries, have refused to recognize any country’s sovereignty over Jerusalem, a city holy to Muslims, Jews and Christians. For this reason, the United States has always maintained its embassy to Israel in Tel Aviv. Since Israel militarily occupied East Jerusalem in the 1967 Arab-Israeli War, the Uni",,
article_14,same_label_boundary_difference,anecdote,anecdote,838,911,881,911,30,the United States has always maintained its embassy to Israel in Tel Aviv,embassy to Israel in Tel Aviv,"ions and the United States, like most countries, have refused to recognize any country’s sovereignty over Jerusalem, a city holy to Muslims, Jews and Christians. For this reason, the United States has always maintained its embassy to Israel in Tel Aviv. Since Israel militarily occupied East Jerusalem in the 1967 Arab-Israeli War, the United States and the international community have rejected as illegal Israel’s attempts to ceme",,
article_14,same_label_boundary_difference,anecdote,anecdote,913,1292,918,989,71,"Since Israel militarily occupied East Jerusalem in the 1967 Arab-Israeli War, the United States and the international community have rejected as illegal Israel’s attempts to cement its control over the city by expanding its boundaries, annexing it and constructing a ring of settlements on occupied Palestinian land around its outskirts to sever it from the rest of the West Bank",Israel militarily occupied East Jerusalem in the 1967 Arab-Israeli War,"any country’s sovereignty over Jerusalem, a city holy to Muslims, Jews and Christians. For this reason, the United States has always maintained its embassy to Israel in Tel Aviv. Since Israel militarily occupied East Jerusalem in the 1967 Arab-Israeli War, the United States and the international community have rejected as illegal Israel’s attempts to cement its control over the city by expanding its boundaries, annexing it and constructing a ring of settlements on occupied Palestinian land around its outskirts to sever it from the rest of the West Bank. With his announcement on Wednesday, Mr. Trump has legitimized Israel’s illegal actions and sent the message that the United States no longer has any regard for international con",,
article_14,same_label_segmentation_difference,assumption,assumption,1295,1548,1295,1548,248,"With his announcement on Wednesday, Mr. Trump has legitimized Israel’s illegal actions and sent the message that the United States no longer has any regard for international conventions or norms, and that might and power prevail over justice and the law","With his announcement on Wednesday, Mr. Trump has legitimized Israel’s illegal actions and sent the message that the United States no longer has any regard for international conventions or norms || that might and power prevail over justice and the law","city by expanding its boundaries, annexing it and constructing a ring of settlements on occupied Palestinian land around its outskirts to sever it from the rest of the West Bank. With his announcement on Wednesday, Mr. Trump has legitimized Israel’s illegal actions and sent the message that the United States no longer has any regard for international conventions or norms, and that might and power prevail over justice and the law. Perhaps this shouldn’t have been a surprise. Members of Israel’s hard-right government were overjoyed at Mr. Trump’s election, believing they would have a free rein to accelerat",,
article_14,same_label_boundary_difference,anecdote,anecdote,2114,2168,2137,2168,31,Israel has expanded its settlements over the past year,settlements over the past year,"to Israel, both of whom have ties to Israel’s settlement movement, further emboldened the settlers and their supporters in Prime Minister Benjamin Netanyahu’s government. Indeed, Israel has expanded its settlements over the past year. By rewarding its claim on Jerusalem with official recognition, Mr. Trump is giving Israel a free hand to accelerate its policies of creeping annexation of the occupied Palestini",,
article_14,same_label_boundary_difference,assumption,assumption,2171,2496,2173,2496,323,"By rewarding its claim on Jerusalem with official recognition, Mr. Trump is giving Israel a free hand to accelerate its policies of creeping annexation of the occupied Palestinian territories and its deliberate attempts to erase the Palestinians’ historical, political, cultural and demographic presence in historic Palestine","rewarding its claim on Jerusalem with official recognition, Mr. Trump is giving Israel a free hand to accelerate its policies of creeping annexation of the occupied Palestinian territories and its deliberate attempts to erase the Palestinians’ historical, political, cultural and demographic presence in historic Palestine","movement, further emboldened the settlers and their supporters in Prime Minister Benjamin Netanyahu’s government. Indeed, Israel has expanded its settlements over the past year. By rewarding its claim on Jerusalem with official recognition, Mr. Trump is giving Israel a free hand to accelerate its policies of creeping annexation of the occupied Palestinian territories and its deliberate attempts to erase the Palestinians’ historical, political, cultural and demographic presence in historic Palestine. This will encourage Israeli officials to further intensify their violations of Palestinian rights in the city; more Palestinian homes will be destroyed and more Palestinian fami",,
article_14,same_label_segmentation_difference,assumption,assumption,2499,2694,2499,2694,194,This will encourage Israeli officials to further intensify their violations of Palestinian rights in the city; more Palestinian homes will be destroyed and more Palestinian families made homeless,This will encourage Israeli officials to further intensify their violations of Palestinian rights in the city || more Palestinian homes will be destroyed and more Palestinian families made homeless,"ion of the occupied Palestinian territories and its deliberate attempts to erase the Palestinians’ historical, political, cultural and demographic presence in historic Palestine. This will encourage Israeli officials to further intensify their violations of Palestinian rights in the city; more Palestinian homes will be destroyed and more Palestinian families made homeless. (Since Israel occupied East Jerusalem in 1967, Israeli authorities have, according to the United Nations, destroyed some 20,000 Palestinian homes in the city.) It will also mean",,
article_14,same_label_boundary_difference,assumption,assumption,3183,3323,3178,3323,140,"it will fuel further calls from right-wing Israelis, including members of Mr. Netanyahu’s government, to annex parts or all of the West Bank","And it will fuel further calls from right-wing Israelis, including members of Mr. Netanyahu’s government, to annex parts or all of the West Bank","where they were born and raised and where their families still live revoked by Israel, as it has done to more than 14,000 Palestinians since 1967, according to human rights groups. And it will fuel further calls from right-wing Israelis, including members of Mr. Netanyahu’s government, to annex parts or all of the West Bank: After all, if the United States has given its stamp of approval to the annexation of Jerusalem, why shouldn’t right-wing Israelis believe it will one day do the same with more te",,
article_14,same_label_segmentation_difference,assumption,assumption,3325,3511,3338,3511,172,"After all, if the United States has given its stamp of approval to the annexation of Jerusalem, why shouldn’t right-wing Israelis believe it will one day do the same with more territory?",the United States has given its stamp of approval to the annexation of Jerusalem || why shouldn’t right-wing Israelis believe it will one day do the same with more territory?,"according to human rights groups. And it will fuel further calls from right-wing Israelis, including members of Mr. Netanyahu’s government, to annex parts or all of the West Bank: After all, if the United States has given its stamp of approval to the annexation of Jerusalem, why shouldn’t right-wing Israelis believe it will one day do the same with more territory? Moreover, the United States’ recognition of Jerusalem as part of Israel could embolden messianic Jewish extremists — some of whom are supported by Israeli government officials —",,
article_14,same_label_segmentation_difference,assumption,assumption,3523,3852,3522,3852,327,"the United States’ recognition of Jerusalem as part of Israel could embolden messianic Jewish extremists — some of whom are supported by Israeli government officials — who want to build a Jewish temple in the Noble Sanctuary mosque complex in the Old City of East Jerusalem, one of the most sensitive religious sites in the world","the United States’ recognition of Jerusalem as part of Israel could embolden messianic Jewish extremists — some of whom are supported by Israeli government officials || who want to build a Jewish temple in the Noble Sanctuary mosque complex in the Old City of East Jerusalem, one of the most sensitive religious sites in the world","United States has given its stamp of approval to the annexation of Jerusalem, why shouldn’t right-wing Israelis believe it will one day do the same with more territory? Moreover, the United States’ recognition of Jerusalem as part of Israel could embolden messianic Jewish extremists — some of whom are supported by Israeli government officials — who want to build a Jewish temple in the Noble Sanctuary mosque complex in the Old City of East Jerusalem, one of the most sensitive religious sites in the world. This could easily ignite a major religious conflagration in the Middle East and beyond with an outcome that cannot be predicted. Wednesday’s announcement may finally put to rest",,
article_14,same_label_segmentation_difference,assumption,assumption,3984,4191,3984,4191,206,"Wednesday’s announcement may finally put to rest the dream of a two-state solution, which has been on life support for years already — after more than 25 years as the United States government’s official goal",Wednesday’s announcement may finally put to rest the dream of a two-state solution || which has been on life support for years already — after more than 25 years as the United States government’s official goal,"the most sensitive religious sites in the world. This could easily ignite a major religious conflagration in the Middle East and beyond with an outcome that cannot be predicted. Wednesday’s announcement may finally put to rest the dream of a two-state solution, which has been on life support for years already — after more than 25 years as the United States government’s official goal. For if all of Jerusalem is part of Israel, then East Jerusalem cannot be the capital of a Palestinian state, rendering the idea of two states living side by side in peace obsolet",,
article_14,same_label_boundary_difference,assumption,assumption,2856,3177,2855,3083,227,"It will also mean more Palestinian land stolen for settlements and more Palestinian Jerusalemites will have their right to reside in the city where they were born and raised and where their families still live revoked by Israel, as it has done to more than 14,000 Palestinians since 1967, according to human rights groups",It will also mean more Palestinian land stolen for settlements and more Palestinian Jerusalemites will have their right to reside in the city where they were born and raised and where their families still live revoked by Israel,"ilies made homeless. (Since Israel occupied East Jerusalem in 1967, Israeli authorities have, according to the United Nations, destroyed some 20,000 Palestinian homes in the city.) It will also mean more Palestinian land stolen for settlements and more Palestinian Jerusalemites will have their right to reside in the city where they were born and raised and where their families still live revoked by Israel, as it has done to more than 14,000 Palestinians since 1967, according to human rights groups. And it will fuel further calls from right-wing Israelis, including members of Mr. Netanyahu’s government, to annex parts or all of the West Bank: After all, if the United States",,
article_14,same_label_segmentation_difference,assumption,assumption,4193,4372,4199,4372,172,"For if all of Jerusalem is part of Israel, then East Jerusalem cannot be the capital of a Palestinian state, rendering the idea of two states living side by side in peace obsolete","all of Jerusalem is part of Israel || then East Jerusalem cannot be the capital of a Palestinian state, || rendering the idea of two states living side by side in peace obsolete","finally put to rest the dream of a two-state solution, which has been on life support for years already — after more than 25 years as the United States government’s official goal. For if all of Jerusalem is part of Israel, then East Jerusalem cannot be the capital of a Palestinian state, rendering the idea of two states living side by side in peace obsolete. If that is not enough to persuade Mr. Trump to change his mind, he should listen to the advice of his own secretary of defense, James Mattis. In 2013, when he was the head of th",,
article_14,same_label_segmentation_difference,assumption,assumption,4375,4515,4377,4515,137,"If that is not enough to persuade Mr. Trump to change his mind, he should listen to the advice of his own secretary of defense, James Mattis","that is not enough to persuade Mr. Trump to change his mind || he should listen to the advice of his own secretary of defense, James Mattis","r if all of Jerusalem is part of Israel, then East Jerusalem cannot be the capital of a Palestinian state, rendering the idea of two states living side by side in peace obsolete. If that is not enough to persuade Mr. Trump to change his mind, he should listen to the advice of his own secretary of defense, James Mattis. In 2013, when he was the head of the United States Central Command, which oversees American military operations in the Middle East, Mr. Mattis said that he “paid a military secur",,
article_14,same_label_boundary_difference,testimony,testimony,4517,4784,4635,4784,149,"In 2013, when he was the head of the United States Central Command, which oversees American military operations in the Middle East, Mr. Mattis said that he “paid a military security price every day” because the United States was “seen as biased in support of Israel.”","Middle East, Mr. Mattis said that he “paid a military security price every day” because the United States was “seen as biased in support of Israel.”","ving side by side in peace obsolete. If that is not enough to persuade Mr. Trump to change his mind, he should listen to the advice of his own secretary of defense, James Mattis. In 2013, when he was the head of the United States Central Command, which oversees American military operations in the Middle East, Mr. Mattis said that he “paid a military security price every day” because the United States was “seen as biased in support of Israel.” American recognition of Jerusalem as Israel’s capital exacerbates this problem exponentially. It is our hope as Palestinians that saner voices will prevail and that the United St",,
article_14,same_label_segmentation_difference,assumption,assumption,5046,5159,5048,5159,110,"If Mr. Trump truly wishes to have a chance at making peace, he must reverse his decision on Jerusalem immediately",Mr. Trump truly wishes to have a chance at making peace || he must reverse his decision on Jerusalem immediately,"ponentially. It is our hope as Palestinians that saner voices will prevail and that the United States will refrain from any actions that will further destabilize the Middle East. If Mr. Trump truly wishes to have a chance at making peace, he must reverse his decision on Jerusalem immediately.",,
article_14,overlapping_different_label,anecdote,testimony,0,179,0,179,179,President Trump announced on Wednesday that his administration is making a radical break with nearly 70 years of official United States policy and with the international community,President Trump announced on Wednesday that his administration is making a radical break with nearly 70 years of official United States policy and with the international community,"President Trump announced on Wednesday that his administration is making a radical break with nearly 70 years of official United States policy and with the international community: He is recognizing Jerusalem as Israel’s capital. This decision will be interpreted by Palestinians, Arabs and the rest of the world as a major provocation. It will cause irrepar",,
article_14,overlapping_different_label,testimony,assumption,4880,5044,4880,5044,164,It is our hope as Palestinians that saner voices will prevail and that the United States will refrain from any actions that will further destabilize the Middle East,It is our hope as Palestinians that saner voices will prevail and that the United States will refrain from any actions that will further destabilize the Middle East,"rice every day” because the United States was “seen as biased in support of Israel.” American recognition of Jerusalem as Israel’s capital exacerbates this problem exponentially. It is our hope as Palestinians that saner voices will prevail and that the United States will refrain from any actions that will further destabilize the Middle East. If Mr. Trump truly wishes to have a chance at making peace, he must reverse his decision on Jerusalem immediately.",,
article_14,unmatched_prediction,,assumption,,,990,1292,0,,"the United States and the international community have rejected as illegal Israel’s attempts to cement its control over the city by expanding its boundaries, annexing it and constructing a ring of settlements on occupied Palestinian land around its outskirts to sever it from the rest of the West Bank","ristians. For this reason, the United States has always maintained its embassy to Israel in Tel Aviv. Since Israel militarily occupied East Jerusalem in the 1967 Arab-Israeli War, the United States and the international community have rejected as illegal Israel’s attempts to cement its control over the city by expanding its boundaries, annexing it and constructing a ring of settlements on occupied Palestinian land around its outskirts to sever it from the rest of the West Bank. With his announcement on Wednesday, Mr. Trump has legitimized Israel’s illegal actions and sent the message that the United States no longer has any regard for international con",,
article_14,unmatched_prediction,,testimony,,,3087,3177,0,,"it has done to more than 14,000 Palestinians since 1967, according to human rights groups","settlements and more Palestinian Jerusalemites will have their right to reside in the city where they were born and raised and where their families still live revoked by Israel, as it has done to more than 14,000 Palestinians since 1967, according to human rights groups. And it will fuel further calls from right-wing Israelis, including members of Mr. Netanyahu’s government, to annex parts or all of the West Bank: After all, if the United States",,
article_15,same_label_boundary_difference,assumption,assumption,3302,3493,3473,3493,20,"Under a sheaf of rules issued in the last few years, such insurance must cover preventive services, including all forms of contraception approved for women by the Food and Drug Administration",Drug Administration,"s without co-payments or other charges. Under the law, employers with 50 or more full-time employees are generally required to offer health coverage or pay substantial penalties. Under a sheaf of rules issued in the last few years, such insurance must cover preventive services, including all forms of contraception approved for women by the Food and Drug Administration. If they report their objections, and adhere to procedures described by the government, they can be excused from having to provide or pay for contraceptive coverage. These compa",,
article_15,same_label_segmentation_difference,assumption,assumption,3496,3659,3498,3659,160,"If they report their objections, and adhere to procedures described by the government, they can be excused from having to provide or pay for contraceptive coverage","they report their objections, and adhere to procedures described by the government || they can be excused from having to provide or pay for contraceptive coverage","of rules issued in the last few years, such insurance must cover preventive services, including all forms of contraception approved for women by the Food and Drug Administration. If they report their objections, and adhere to procedures described by the government, they can be excused from having to provide or pay for contraceptive coverage. These companies can, in effect, opt out of providing or paying for contraceptive coverage. But their insurance carriers must, under the rules, make separate payments for contrac",,
article_15,same_label_segmentation_difference,assumption,assumption,369,482,368,482,108,"Insurers would pay for contraceptive services, but the payments would be separate from the employer’s health plan",Insurers would pay for contraceptive services || the payments would be separate from the employer’s health plan,"ge for contraceptives if the companies have religious objections. Women enrolled in such health plans would still be able to get birth control at no cost, the administration said. Insurers would pay for contraceptive services, but the payments would be separate from the employer’s health plan. The rules came in response to a decision by the Supreme Court in June 2014. In that case, Burwell v. Hobby Lobby Stores, the court said that requiring family-owned corporations",,
article_15,same_label_boundary_difference,testimony,testimony,575,780,604,780,176,"Burwell v. Hobby Lobby Stores, the court said that requiring family-owned corporations to pay for coverage of contraception under the Affordable Care Act violated a federal law protecting religious freedom",", the court said that requiring family-owned corporations to pay for coverage of contraception under the Affordable Care Act violated a federal law protecting religious freedom","traceptive services, but the payments would be separate from the employer’s health plan. The rules came in response to a decision by the Supreme Court in June 2014. In that case, Burwell v. Hobby Lobby Stores, the court said that requiring family-owned corporations to pay for coverage of contraception under the Affordable Care Act violated a federal law protecting religious freedom. The administration had argued against that conclusion, saying there was no precedent for granting “a religious exemption” to commercial enterprises like the Hobby Lobby craft st",,
article_15,same_label_segmentation_difference,assumption,assumption,3757,3940,3756,3940,174,"their insurance carriers must, under the rules, make separate payments for contraceptives, so women would still have access to them, and insurers could be reimbursed by the government","their insurance carriers must, under the rules, make separate payments for contraceptives || women would still have access to them || insurers could be reimbursed by the government","nment, they can be excused from having to provide or pay for contraceptive coverage. These companies can, in effect, opt out of providing or paying for contraceptive coverage. But their insurance carriers must, under the rules, make separate payments for contraceptives, so women would still have access to them, and insurers could be reimbursed by the government.. Relying on terms used in federal tax law, the rules define a “closely held for-profit entity” as a company that is not publicly traded and that has an ownership structure under",,
article_15,same_label_boundary_difference,assumption,assumption,1741,1836,1747,1836,89,"Family planning advocates, usually supportive of the administration, criticized the final rules","planning advocates, usually supportive of the administration, criticized the final rules","ws Burwell, the secretary of health and human services, said Friday that the new rules would “secure women’s access to contraceptive services while respecting religious beliefs.” Family planning advocates, usually supportive of the administration, criticized the final rules. Senator Patty Murray of Washington, the senior Democrat on the Senate health committee, said the rules allowed a wide range of businesses to have “power over the health care dec",,
article_15,same_label_boundary_difference,assumption,assumption,4372,4517,4483,4517,34,a closely held for-profit business may qualify if it has an ownership structure that is “substantially similar” to the one described in the rules,to the one described in the rules,"fewer individuals. Family members, including brothers, sisters and spouses, “count as a single owner for purposes of these final regulations,” the government said. In addition, a closely held for-profit business may qualify if it has an ownership structure that is “substantially similar” to the one described in the rules. Based on available data, the administration said it believed that its definition would encompass all the for-profit companies that have challenged the contraceptive coverage req",,
article_15,same_label_boundary_difference,assumption,assumption,4865,5156,5154,5156,2,"To qualify under the rules, the “highest governing body” of a for-profit entity, such as the board of directors or trustees, must adopt a resolution certifying that “it objects to covering some or all of the contraceptive services on account of the owners’ sincerely held religious beliefs.”",.”,"coverage requirement on religious grounds. In addition, it predicted that at least 87 closely held for-profit businesses would try to opt out of providing contraceptive coverage. To qualify under the rules, the “highest governing body” of a for-profit entity, such as the board of directors or trustees, must adopt a resolution certifying that “it objects to covering some or all of the contraceptive services on account of the owners’ sincerely held religious beliefs.” Employers can register their objections by sending a letter to the government, or by sending a federal form directly to their insurers and the companies that administer their hea",,
article_15,overlapping_different_label,assumption,anecdote,2179,2258,2190,2258,68,Mrs. Murray is planning to introduce legislation to override the court decision,is planning to introduce legislation to override the court decision,"e health care decisions of the women they employ.” The rules, she said, show why “the Supreme Court’s deeply harmful ruling in Burwell v. Hobby Lobby is completely unacceptable.” Mrs. Murray is planning to introduce legislation to override the court decision. Senate Republicans blocked a similar bill last year and now, with more seats, could probably do so again. Marcia D. Greenberger, co-president of the National Women’s Law Center,",,
article_15,overlapping_different_label,anecdote,assumption,2260,2311,2259,2311,51,Senate Republicans blocked a similar bill last year,Senate Republicans blocked a similar bill last year,"“the Supreme Court’s deeply harmful ruling in Burwell v. Hobby Lobby is completely unacceptable.” Mrs. Murray is planning to introduce legislation to override the court decision. Senate Republicans blocked a similar bill last year and now, with more seats, could probably do so again. Marcia D. Greenberger, co-president of the National Women’s Law Center, a research and advocacy group, said, “The rules go b",,
article_15,overlapping_different_label,other,assumption,5158,5345,5265,5345,80,"Employers can register their objections by sending a letter to the government, or by sending a federal form directly to their insurers and the companies that administer their health plans",directly to their insurers and the companies that administer their health plans,"r trustees, must adopt a resolution certifying that “it objects to covering some or all of the contraceptive services on account of the owners’ sincerely held religious beliefs.” Employers can register their objections by sending a letter to the government, or by sending a federal form directly to their insurers and the companies that administer their health plans.",,
article_15,overlapping_different_label,anecdote,assumption,13,252,16,252,236,The Obama administration issued new rules on Friday that allow closely held for-profit corporations like Hobby Lobby Stores to opt out of providing women with insurance coverage for contraceptives if the companies have religious objections,Obama administration issued new rules on Friday that allow closely held for-profit corporations like Hobby Lobby Stores to opt out of providing women with insurance coverage for contraceptives if the companies have religious objections,"WASHINGTON — The Obama administration issued new rules on Friday that allow closely held for-profit corporations like Hobby Lobby Stores to opt out of providing women with insurance coverage for contraceptives if the companies have religious objections. Women enrolled in such health plans would still be able to get birth control at no cost, the administration said. Insurers would pay for contraceptive services, but the payments",,
article_15,overlapping_different_label,testimony,assumption,971,1273,967,1273,302,"under the rules issued by the administration on Friday, certain for-profit businesses will be able to obtain an accommodation like the one already available to nonprofit religious groups, including Roman Catholic universities, hospitals and charities that object to covering the costs of contraceptives","But under the rules issued by the administration on Friday, certain for-profit businesses will be able to obtain an accommodation like the one already available to nonprofit religious groups, including Roman Catholic universities, hospitals and charities that object to covering the costs of contraceptives","administration had argued against that conclusion, saying there was no precedent for granting “a religious exemption” to commercial enterprises like the Hobby Lobby craft stores. But under the rules issued by the administration on Friday, certain for-profit businesses will be able to obtain an accommodation like the one already available to nonprofit religious groups, including Roman Catholic universities, hospitals and charities that object to covering the costs of contraceptives. Contraceptive coverage has been the focus of fierce political debate for five years, as the administration struggled to meet the health needs of women while recognizing the conc",,
article_15,overlapping_different_label,testimony,statistics,3944,4210,4176,4210,34,"Relying on terms used in federal tax law, the rules define a “closely held for-profit entity” as a company that is not publicly traded and that has an ownership structure under which more than 50 percent of the ownership interest is held by five or fewer individuals",held by five or fewer individuals,"nsurance carriers must, under the rules, make separate payments for contraceptives, so women would still have access to them, and insurers could be reimbursed by the government.. Relying on terms used in federal tax law, the rules define a “closely held for-profit entity” as a company that is not publicly traded and that has an ownership structure under which more than 50 percent of the ownership interest is held by five or fewer individuals. Family members, including brothers, sisters and spouses, “count as a single owner for purposes of these final regulations,” the government said. In addition, a closely held for",,
article_15,overlapping_different_label,statistics,testimony,4741,4862,4740,4862,121,it predicted that at least 87 closely held for-profit businesses would try to opt out of providing contraceptive coverage,it predicted that at least 87 closely held for-profit businesses would try to opt out of providing contraceptive coverage,"ion said it believed that its definition would encompass all the for-profit companies that have challenged the contraceptive coverage requirement on religious grounds. In addition, it predicted that at least 87 closely held for-profit businesses would try to opt out of providing contraceptive coverage. To qualify under the rules, the “highest governing body” of a for-profit entity, such as the board of directors or trustees, must adopt a resolution certifying that “it objects",,
article_16,same_label_segmentation_difference,testimony,testimony,455,657,455,657,201,"“I’ve now received a committee staff briefing on the FBI’s supplement to Judge Kavanaugh’s background investigation file. There’s nothing in it that we didn’t already know,” Grassley said in a statement","“I’ve now received a committee staff briefing on the FBI’s supplement to Judge Kavanaugh’s background investigation file || There’s nothing in it that we didn’t already know,” Grassley said in a statement","(R-Iowa) said Thursday there’s no corroboration of sexual assault allegations against Supreme Court nominee Brett Kavanaugh in a supplementary FBI report submitted to the Senate. “I’ve now received a committee staff briefing on the FBI’s supplement to Judge Kavanaugh’s background investigation file. There’s nothing in it that we didn’t already know,” Grassley said in a statement. “These uncorroborated accusations have been unequivocally and repeatedly rejected by Judge Kavanaugh, and neither the Judiciary Committee nor the FBI could locate any third part",,
article_16,same_label_segmentation_difference,testimony,testimony,660,934,660,934,273,"“These uncorroborated accusations have been unequivocally and repeatedly rejected by Judge Kavanaugh, and neither the Judiciary Committee nor the FBI could locate any third parties who can attest to any of the allegations. There’s also no contemporaneous evidence,” he added","“These uncorroborated accusations have been unequivocally and repeatedly rejected by Judge Kavanaugh, and neither the Judiciary Committee nor the FBI could locate any third parties who can attest to any of the allegations || There’s also no contemporaneous evidence,” he added","ittee staff briefing on the FBI’s supplement to Judge Kavanaugh’s background investigation file. There’s nothing in it that we didn’t already know,” Grassley said in a statement. “These uncorroborated accusations have been unequivocally and repeatedly rejected by Judge Kavanaugh, and neither the Judiciary Committee nor the FBI could locate any third parties who can attest to any of the allegations. There’s also no contemporaneous evidence,” he added. ""This investigation found no hint of misconduct ... I’ll be voting to confirm Judge Kavanaugh.” Grassley made his statement after being briefed by Senate GOP staff who viewed t",,
article_16,same_label_segmentation_difference,testimony,testimony,937,1032,937,1032,91,"""This investigation found no hint of misconduct ... I’ll be voting to confirm Judge Kavanaugh.”","""This investigation found no hint of misconduct || I’ll be voting to confirm Judge Kavanaugh.”","ugh, and neither the Judiciary Committee nor the FBI could locate any third parties who can attest to any of the allegations. There’s also no contemporaneous evidence,” he added. ""This investigation found no hint of misconduct ... I’ll be voting to confirm Judge Kavanaugh.” Grassley made his statement after being briefed by Senate GOP staff who viewed the report. Senators have been filing into and out of the secure compartmented information facilit",,
article_16,same_label_boundary_difference,testimony,testimony,1515,1725,1515,1649,134,"GOP lawmakers said the FBI failed to find any significant evidence backing Ford’s claims after interviewing an additional 10 witnesses — going beyond the four witnesses that a group of three GOP lawmakers, Sens",GOP lawmakers said the FBI failed to find any significant evidence backing Ford’s claims after interviewing an additional 10 witnesses,"nfidential FBI background investigation into the allegations brought forward against Kavanaugh by Christine Blasey Ford and two other women. Kavanaugh has denied the allegations. GOP lawmakers said the FBI failed to find any significant evidence backing Ford’s claims after interviewing an additional 10 witnesses — going beyond the four witnesses that a group of three GOP lawmakers, Sens. Susan CollinsSusan Margaret CollinsSenate Republicans reintroduce bill to repeal the estate tax The Hill's Morning Report - Government is funded, but for how long? This week: Con",,
article_16,same_label_segmentation_difference,testimony,testimony,2450,2623,2450,2731,172,"“They wound up interviewing 10 people, not four. They were given the latitude they wanted, nobody told them where to go, who to interview or how to interview them,” said Sen","“They wound up interviewing 10 people, not four || They were given the latitude they wanted, nobody told them where to go, who to interview or how to interview them,” said Sen. Lindsey GrahamLindsey Olin GrahamDems to grill Pentagon brass on border troop deployment Overnight Defense","as Trump may skip them in 2020 RNC votes to give Trump 'undivided support' ahead of 2020 White House immigration agenda hurts Senate Republicans in 2020 MORE (Ariz.), requested. “They wound up interviewing 10 people, not four. They were given the latitude they wanted, nobody told them where to go, who to interview or how to interview them,” said Sen. Lindsey GrahamLindsey Olin GrahamDems to grill Pentagon brass on border troop deployment Overnight Defense — Presented by Raytheon — US envoy confirms draft peace framework with Taliban | Trump hits Venezuelan oil company with new sanctions | Deadline on landmark arms control treaty ap",,
article_16,same_label_segmentation_difference,testimony,testimony,4173,4331,4173,4331,153,"""We had many fears that this was a very limited process that would constrain the FBI from getting the facts. ... Those fears have been realized,"" Schumer said","""We had many fears that this was a very limited process that would constrain the FBI from getting the facts || Those fears have been realized,"" Schumer said","e added. ""I don't know."" Senate Minority Leader Charles Schumer (D-N.Y.) said he disagreed with Grassley's assessment ""that there was no hint of misconduct"" in the FBI's report. ""We had many fears that this was a very limited process that would constrain the FBI from getting the facts. ... Those fears have been realized,"" Schumer said. Deputy White House press secretary Raj Shah said in a statement early Thursday that the White House is now ""fully confident the Senate will vote to confirm Judge Kavanaugh to th",,
article_16,same_label_boundary_difference,testimony,testimony,4530,4599,4530,4821,69,"""This is now the 7th. time the FBI has investigated Judge Kavanaugh,""","""This is now the 7th. time the FBI has investigated Judge Kavanaugh,"" President TrumpDonald John TrumpTrump calls for global warming to 'come back' amid winter storm Meadows re-elected House Freedom Caucus chairman Schultz says he won’t respond to Trump’s ‘childish’ tweet MORE later tweeted","se press secretary Raj Shah said in a statement early Thursday that the White House is now ""fully confident the Senate will vote to confirm Judge Kavanaugh to the Supreme Court.” ""This is now the 7th. time the FBI has investigated Judge Kavanaugh,"" President TrumpDonald John TrumpTrump calls for global warming to 'come back' amid winter storm Meadows re-elected House Freedom Caucus chairman Schultz says he won’t respond to Trump’s ‘childish’ tweet MORE later tweeted. ""If we made it 100, it would still not be good enough for the Obstructionist Democrats."" Majority Leader Mitch McConnellAddison (Mitch) Mitchell McConnellPress: Trump wastes 35",,
article_16,overlapping_different_label,testimony,assumption,3217,3286,3279,3286,7,"Collins, a key swing vote, praised the thoroughness of the FBI report",report,"ber of the Judiciary Committee, after reviewing the report. “The main thing for me is the FBI did a professional job,” he added. “I didn’t learn anything I didn’t already know.” Collins, a key swing vote, praised the thoroughness of the FBI report. “It appears to be a very thorough investigation,” she told CNN. Flake, another key vote, said he saw “no additional corroborating information” in an initial review of the FBI r",,
article_16,unmatched_prediction,,testimony,,,269,452,0,,MORE (R-Iowa) said Thursday there’s no corroboration of sexual assault allegations against Supreme Court nominee Brett Kavanaugh in a supplementary FBI report submitted to the Senate,"G: Mueller probe is 'close to being completed' Senate Republicans reintroduce bill to repeal the estate tax Senators introduce bill to require special counsel report be made public MORE (R-Iowa) said Thursday there’s no corroboration of sexual assault allegations against Supreme Court nominee Brett Kavanaugh in a supplementary FBI report submitted to the Senate. “I’ve now received a committee staff briefing on the FBI’s supplement to Judge Kavanaugh’s background investigation file. There’s nothing in it that we didn’t already know,” Gra",,
article_16,unmatched_prediction,,assumption,,,1690,1696,0,,group,"ns. GOP lawmakers said the FBI failed to find any significant evidence backing Ford’s claims after interviewing an additional 10 witnesses — going beyond the four witnesses that a group of three GOP lawmakers, Sens. Susan CollinsSusan Margaret CollinsSenate Republicans reintroduce bill to repeal the estate tax The Hill's Morning Report - Government is funded, but",,
article_16,unmatched_prediction,,assumption,,,1699,1719,0,,three GOP lawmakers,"lawmakers said the FBI failed to find any significant evidence backing Ford’s claims after interviewing an additional 10 witnesses — going beyond the four witnesses that a group of three GOP lawmakers, Sens. Susan CollinsSusan Margaret CollinsSenate Republicans reintroduce bill to repeal the estate tax The Hill's Morning Report - Government is funded, but for how long? This wee",,
article_16,unmatched_prediction,,assumption,,,1722,1725,0,,ens,"failed to find any significant evidence backing Ford’s claims after interviewing an additional 10 witnesses — going beyond the four witnesses that a group of three GOP lawmakers, Sens. Susan CollinsSusan Margaret CollinsSenate Republicans reintroduce bill to repeal the estate tax The Hill's Morning Report - Government is funded, but for how long? This week: Con",,
article_16,unmatched_prediction,,assumption,,,1732,1740,0,,Collins,"find any significant evidence backing Ford’s claims after interviewing an additional 10 witnesses — going beyond the four witnesses that a group of three GOP lawmakers, Sens. Susan CollinsSusan Margaret CollinsSenate Republicans reintroduce bill to repeal the estate tax The Hill's Morning Report - Government is funded, but for how long? This week: Congress pivots to",,
article_16,unmatched_prediction,,assumption,,,1743,1822,0,,an Margaret CollinsSenate Republicans reintroduce bill to repeal the estate tax,"gnificant evidence backing Ford’s claims after interviewing an additional 10 witnesses — going beyond the four witnesses that a group of three GOP lawmakers, Sens. Susan CollinsSusan Margaret CollinsSenate Republicans reintroduce bill to repeal the estate tax The Hill's Morning Report - Government is funded, but for how long? This week: Congress pivots to preventing second shutdown MORE (Maine), Lisa MurkowskiLisa Ann MurkowskiShutdown",,
article_16,unmatched_prediction,,assumption,,,1826,1848,0,,Hill's Morning Report,"ses — going beyond the four witnesses that a group of three GOP lawmakers, Sens. Susan CollinsSusan Margaret CollinsSenate Republicans reintroduce bill to repeal the estate tax The Hill's Morning Report - Government is funded, but for how long? This week: Congress pivots to preventing second shutdown MORE (Maine), Lisa MurkowskiLisa Ann MurkowskiShutdown ends without funding for",,
article_16,unmatched_prediction,,assumption,,,1850,1872,0,,"Government is funded,","our witnesses that a group of three GOP lawmakers, Sens. Susan CollinsSusan Margaret CollinsSenate Republicans reintroduce bill to repeal the estate tax The Hill's Morning Report - Government is funded, but for how long? This week: Congress pivots to preventing second shutdown MORE (Maine), Lisa MurkowskiLisa Ann MurkowskiShutdown ends without funding for Trump’s border wall Murk",,
article_16,unmatched_prediction,,assumption,,,1876,1890,0,,for how long?,"of three GOP lawmakers, Sens. Susan CollinsSusan Margaret CollinsSenate Republicans reintroduce bill to repeal the estate tax The Hill's Morning Report - Government is funded, but for how long? This week: Congress pivots to preventing second shutdown MORE (Maine), Lisa MurkowskiLisa Ann MurkowskiShutdown ends without funding for Trump’s border wall Murkowski blasts shutd",,
article_16,unmatched_prediction,,assumption,,,1901,1959,0,,Congress pivots to preventing second shutdown MORE (Maine,"Sens. Susan CollinsSusan Margaret CollinsSenate Republicans reintroduce bill to repeal the estate tax The Hill's Morning Report - Government is funded, but for how long? This week: Congress pivots to preventing second shutdown MORE (Maine), Lisa MurkowskiLisa Ann MurkowskiShutdown ends without funding for Trump’s border wall Murkowski blasts shutdown: 'This never should have happened' Senate expected to pass bill t",,
article_16,unmatched_prediction,,assumption,,,1961,2073,0,,Lisa MurkowskiLisa Ann MurkowskiShutdown ends without funding for Trump’s border wall Murkowski blasts shutdown,"reintroduce bill to repeal the estate tax The Hill's Morning Report - Government is funded, but for how long? This week: Congress pivots to preventing second shutdown MORE (Maine), Lisa MurkowskiLisa Ann MurkowskiShutdown ends without funding for Trump’s border wall Murkowski blasts shutdown: 'This never should have happened' Senate expected to pass bill to end shutdown on Friday MORE (Alaska) and Jeff FlakeJeffrey (Jeff) Lane FlakeDNC should be cautious about overemp",,
article_16,unmatched_prediction,,assumption,,,2074,2107,0,,'This never should have happened,"s week: Congress pivots to preventing second shutdown MORE (Maine), Lisa MurkowskiLisa Ann MurkowskiShutdown ends without funding for Trump’s border wall Murkowski blasts shutdown: 'This never should have happened' Senate expected to pass bill to end shutdown on Friday MORE (Alaska) and Jeff FlakeJeffrey (Jeff) Lane FlakeDNC should be cautious about overemphasizing debates, as Trump may ski",,
article_16,unmatched_prediction,,assumption,,,2108,2269,0,,Senate expected to pass bill to end shutdown on Friday MORE (Alaska) and Jeff FlakeJeffrey (Jeff) Lane FlakeDNC should be cautious about overemphasizing debates,"ing second shutdown MORE (Maine), Lisa MurkowskiLisa Ann MurkowskiShutdown ends without funding for Trump’s border wall Murkowski blasts shutdown: 'This never should have happened' Senate expected to pass bill to end shutdown on Friday MORE (Alaska) and Jeff FlakeJeffrey (Jeff) Lane FlakeDNC should be cautious about overemphasizing debates, as Trump may skip them in 2020 RNC votes to give Trump 'undivided support' ahead of 2020 White House immigration agenda hurts Senate Republicans in 2020 MORE (Ariz.), requested.",,
article_16,unmatched_prediction,,assumption,,,2273,2434,0,,Trump may skip them in 2020 RNC votes to give Trump 'undivided support' ahead of 2020 White House immigration agenda hurts Senate Republicans in 2020 MORE (Ariz,"have happened' Senate expected to pass bill to end shutdown on Friday MORE (Alaska) and Jeff FlakeJeffrey (Jeff) Lane FlakeDNC should be cautious about overemphasizing debates, as Trump may skip them in 2020 RNC votes to give Trump 'undivided support' ahead of 2020 White House immigration agenda hurts Senate Republicans in 2020 MORE (Ariz.), requested. “They wound up interviewing 10 people, not four. They were given the latitude they wanted, nobody told them where to go, who to interview or how to interview them,”",,
article_16,unmatched_prediction,,testimony,,,2733,2753,0,,Presented by Raythe,"them where to go, who to interview or how to interview them,” said Sen. Lindsey GrahamLindsey Olin GrahamDems to grill Pentagon brass on border troop deployment Overnight Defense — Presented by Raytheon — US envoy confirms draft peace framework with Taliban | Trump hits Venezuelan oil company with new sanctions | Deadline on landmark arms control treaty approaches GOP lawmaker:",,
article_16,unmatched_prediction,,anecdote,,,2764,2766,0,,oy,"iew or how to interview them,” said Sen. Lindsey GrahamLindsey Olin GrahamDems to grill Pentagon brass on border troop deployment Overnight Defense — Presented by Raytheon — US envoy confirms draft peace framework with Taliban | Trump hits Venezuelan oil company with new sanctions | Deadline on landmark arms control treaty approaches GOP lawmaker: Trump can’t",,
article_16,unmatched_prediction,,assumption,,,2818,2851,0,,hits Venezuelan oil company with,"mLindsey Olin GrahamDems to grill Pentagon brass on border troop deployment Overnight Defense — Presented by Raytheon — US envoy confirms draft peace framework with Taliban | Trump hits Venezuelan oil company with new sanctions | Deadline on landmark arms control treaty approaches GOP lawmaker: Trump can’t claim emergency 'whenever Congress doesn’t legislate the way he wants’ MORE (R-S.C.),",,
article_16,unmatched_prediction,,assumption,,,2872,2932,0,,line on landmark arms control treaty approaches GOP lawmaker,"rder troop deployment Overnight Defense — Presented by Raytheon — US envoy confirms draft peace framework with Taliban | Trump hits Venezuelan oil company with new sanctions | Deadline on landmark arms control treaty approaches GOP lawmaker: Trump can’t claim emergency 'whenever Congress doesn’t legislate the way he wants’ MORE (R-S.C.), a member of the Judiciary Committee, after reviewing the report. “The main thin",,
article_16,unmatched_prediction,,testimony,,,2987,3015,0,,t legislate the way he wants,"ban | Trump hits Venezuelan oil company with new sanctions | Deadline on landmark arms control treaty approaches GOP lawmaker: Trump can’t claim emergency 'whenever Congress doesn’t legislate the way he wants’ MORE (R-S.C.), a member of the Judiciary Committee, after reviewing the report. “The main thing for me is the FBI did a professional job,” he added. “I didn’t learn anything I d",,
article_16,unmatched_prediction,,anecdote,,,3016,3095,0,,"MORE (R-S.C.), a member of the Judiciary Committee, after reviewing the report","il company with new sanctions | Deadline on landmark arms control treaty approaches GOP lawmaker: Trump can’t claim emergency 'whenever Congress doesn’t legislate the way he wants’ MORE (R-S.C.), a member of the Judiciary Committee, after reviewing the report. “The main thing for me is the FBI did a professional job,” he added. “I didn’t learn anything I didn’t already know.” Collins, a key swing vote, praised the thoroughness of the",,
article_16,unmatched_prediction,,anecdote,,,3478,3556,0,,Dianne FeinsteinDianne Emiel FeinsteinSenate Dems introduce bill to keep DACA,"rs to be a very thorough investigation,” she told CNN. Flake, another key vote, said he saw “no additional corroborating information” in an initial review of the FBI report. Sen. Dianne FeinsteinDianne Emiel FeinsteinSenate Dems introduce bill to keep DACA info private U.S. banker tied to Russia sought access to Trump transition team: report Oregon Dem top recipient of 2018 marijuana industry money, study finds MORE (Calif.), the ra",,
article_16,unmatched_prediction,,anecdote,,,3561,3569,0,,private,"id he saw “no additional corroborating information” in an initial review of the FBI report. Sen. Dianne FeinsteinDianne Emiel FeinsteinSenate Dems introduce bill to keep DACA info private U.S. banker tied to Russia sought access to Trump transition team: report Oregon Dem top recipient of 2018 marijuana industry money, study finds MORE (Calif.), the ranking Democra",,
article_16,unmatched_prediction,,anecdote,,,3589,3630,0,,Russia sought access to Trump transition,"roborating information” in an initial review of the FBI report. Sen. Dianne FeinsteinDianne Emiel FeinsteinSenate Dems introduce bill to keep DACA info private U.S. banker tied to Russia sought access to Trump transition team: report Oregon Dem top recipient of 2018 marijuana industry money, study finds MORE (Calif.), the ranking Democrat on the Judiciary Committee, initially declined to comment a",,
article_16,unmatched_prediction,,anecdote,,,3714,3837,0,,"MORE (Calif.), the ranking Democrat on the Judiciary Committee, initially declined to comment after reviewing the document","duce bill to keep DACA info private U.S. banker tied to Russia sought access to Trump transition team: report Oregon Dem top recipient of 2018 marijuana industry money, study finds MORE (Calif.), the ranking Democrat on the Judiciary Committee, initially declined to comment after reviewing the document. She later told reporters that the FBI report ""looks to be the product of an incomplete investigation that was limited."" ""Perhaps by the White House,"" she added. ""I don't know.""",,
article_16,unmatched_prediction,,assumption,,,4918,5216,0,,ity Leader Mitch McConnellAddison (Mitch) Mitchell McConnellPress: Trump wastes 35 days for nothing Senate advances Syria policy bill after shutdown ends Senate Republicans reintroduce bill to repeal the estate tax MORE (R-Ky.) has vowed to bring Kavanaugh's nomination to the full Senate this week,"airman Schultz says he won’t respond to Trump’s ‘childish’ tweet MORE later tweeted. ""If we made it 100, it would still not be good enough for the Obstructionist Democrats."" Majority Leader Mitch McConnellAddison (Mitch) Mitchell McConnellPress: Trump wastes 35 days for nothing Senate advances Syria policy bill after shutdown ends Senate Republicans reintroduce bill to repeal the estate tax MORE (R-Ky.) has vowed to bring Kavanaugh's nomination to the full Senate this week, though several key GOP and Democratic senators have so far refused to say how they will vote. —Last updated at 11:49 a.m.",,
article_16,unmatched_prediction,,assumption,,,5224,5310,0,,several key GOP and Democratic senators have so far refused to say how they will vote,"cy bill after shutdown ends Senate Republicans reintroduce bill to repeal the estate tax MORE (R-Ky.) has vowed to bring Kavanaugh's nomination to the full Senate this week, though several key GOP and Democratic senators have so far refused to say how they will vote. —Last updated at 11:49 a.m.",,
article_17,same_label_boundary_difference,testimony,testimony,2107,2203,2106,2202,95,"Europol's Jan Op Gen Oorth said: ""A bit early to say... but we are working on a decrypting tool""","Europol's Jan Op Gen Oorth said: ""A bit early to say... but we are working on a decrypting tool","ted: US President Donald Trump's Homeland Security adviser Tom Bossert has also confirmed that no US federal government systems were affected. This won't take long. Nobody knows. Europol's Jan Op Gen Oorth said: ""A bit early to say... but we are working on a decrypting tool"". Associated Press quoted Tim Wellsmore, of US security firm FireEye, as saying: ""We expect this is a small operation... They just happened to hit the mother lode."" Russian Presi",,
article_17,same_label_boundary_difference,assumption,assumption,226,355,298,355,57,"In Asia, where many offices closed before the WannaCry ransomware struck on Friday, the attack has been less severe than expected","on Friday, the attack has been less severe than expected","countries appears to be slowing down, with few reports of fresh attacks globally on Monday. A spokesperson for police agency Europol said the situation in Europe ""seems stable"". In Asia, where many offices closed before the WannaCry ransomware struck on Friday, the attack has been less severe than expected. The ransomware takes over users' files, demanding $300 (£230) to restore them. The White House said on Monday that under $70,000 (£54,000) had been paid in total in a bid to ge",,
article_17,same_label_boundary_difference,testimony,testimony,139,223,139,222,83,"A spokesperson for police agency Europol said the situation in Europe ""seems stable""","A spokesperson for police agency Europol said the situation in Europe ""seems stable","A computer malware that has spread across 150 countries appears to be slowing down, with few reports of fresh attacks globally on Monday. A spokesperson for police agency Europol said the situation in Europe ""seems stable"". In Asia, where many offices closed before the WannaCry ransomware struck on Friday, the attack has been less severe than expected. The ransomware takes over users' files, deman",,
article_17,same_label_boundary_difference,testimony,testimony,1714,1843,1826,1843,17,French carmaker Renault said its plant in the northern town of Douai would not reopen on Monday as it dealt with the cyber-attack,the cyber-attack,"d found no evidence of a second wave of attacks on Monday. The badly affected National Health Service said seven out of 47 trusts that were hit were still facing serious issues. French carmaker Renault said its plant in the northern town of Douai would not reopen on Monday as it dealt with the cyber-attack. In Asia, the spread was reportedly slowing, with banking systems largely unaffected: US President Donald Trump's Homeland Security adviser Tom Bossert has also confirmed that n",,
article_17,same_label_boundary_difference,anecdote,anecdote,2950,3075,3059,3075,16,Companies in Asia and Europe have been warning employees to be careful when clicking on attachments and links in their emails,in their emails,"in the past. Security officials in the UK, however, say they have not seen anything they would regard as hard evidence, Gordon Corera, the BBC's security correspondent, reports. Companies in Asia and Europe have been warning employees to be careful when clicking on attachments and links in their emails. The message from the UK's National Crime Agency was ""do not pay!"" - there is no guarantee that systems will be restored. Michael Gazeley, of Network Box, a Hong Kong-based cybe",,
article_17,same_label_segmentation_difference,testimony,testimony,3200,3466,3200,3466,266,"Michael Gazeley, of Network Box, a Hong Kong-based cyber-security firm, told Reuters there were still ""many 'landmines' waiting in people's inboxes"", adding that his firm had detected a new version that infected users directly via a malicious link on hacked websites","Michael Gazeley, of Network Box, a Hong Kong-based cyber-security firm, told Reuters there were still ""many 'landmines' waiting in people's inboxes"", || adding that his firm had detected a new version that infected users directly via a malicious link on hacked websites","when clicking on attachments and links in their emails. The message from the UK's National Crime Agency was ""do not pay!"" - there is no guarantee that systems will be restored. Michael Gazeley, of Network Box, a Hong Kong-based cyber-security firm, told Reuters there were still ""many 'landmines' waiting in people's inboxes"", adding that his firm had detected a new version that infected users directly via a malicious link on hacked websites. Becky Pinkard, from Digital Shadows, a UK-based cyber-security firm, also said it would be easy for the initial attackers or ""copy-cat authors"" to change the virus code so it is",,
article_17,same_label_boundary_difference,testimony,testimony,3676,3828,3676,3827,151,"A UK security researcher known as ""MalwareTech"", who helped to limit the ransomware attack, had predicted ""another one coming... quite likely on Monday""","A UK security researcher known as ""MalwareTech"", who helped to limit the ransomware attack, had predicted ""another one coming... quite likely on Monday","Shadows, a UK-based cyber-security firm, also said it would be easy for the initial attackers or ""copy-cat authors"" to change the virus code so it is difficult to guard against. A UK security researcher known as ""MalwareTech"", who helped to limit the ransomware attack, had predicted ""another one coming... quite likely on Monday"". MalwareTech, whose name was revealed in UK media to be 22-year-old Marcus Hutchins, was hailed as an ""accidental hero"" after registering a domain name to track the spread of the",,
article_17,same_label_segmentation_difference,testimony,testimony,4762,4914,4762,4914,148,"Microsoft said it had released a Windows security update in March to tackle the problem involved in the latest attack, but many users were yet to run it","Microsoft said it had released a Windows security update in March to tackle the problem involved in the latest attack, || many users were yet to run it","itary having some of its Tomahawk missiles stolen."" The organisation also said that many organisations had failed to keep their systems up to date, allowing the virus to spread. Microsoft said it had released a Windows security update in March to tackle the problem involved in the latest attack, but many users were yet to run it. How roots can be traced to the US Get news from the BBC in your inbox, each weekday morning",,
article_17,same_label_boundary_difference,anecdote,anecdote,3831,4014,3949,4014,65,"MalwareTech, whose name was revealed in UK media to be 22-year-old Marcus Hutchins, was hailed as an ""accidental hero"" after registering a domain name to track the spread of the virus",after registering a domain name to track the spread of the virus,"icult to guard against. A UK security researcher known as ""MalwareTech"", who helped to limit the ransomware attack, had predicted ""another one coming... quite likely on Monday"". MalwareTech, whose name was revealed in UK media to be 22-year-old Marcus Hutchins, was hailed as an ""accidental hero"" after registering a domain name to track the spread of the virus, which actually ended up halting it. The computing giant says the tool used in this current attack had been developed by the US National Security Agency and was stolen by hackers",,
article_17,overlapping_different_label,anecdote,assumption,0,136,0,136,136,"A computer malware that has spread across 150 countries appears to be slowing down, with few reports of fresh attacks globally on Monday","A computer malware that has spread across 150 countries appears to be slowing down, with few reports of fresh attacks globally on Monday","A computer malware that has spread across 150 countries appears to be slowing down, with few reports of fresh attacks globally on Monday. A spokesperson for police agency Europol said the situation in Europe ""seems stable"". In Asia, where many offices closed before the WannaCry ransomware struck on Friday, the at",,
article_17,overlapping_different_label,statistics,testimony,1594,1711,1594,1711,117,The badly affected National Health Service said seven out of 47 trusts that were hit were still facing serious issues,The badly affected National Health Service said seven out of 47 trusts that were hit were still facing serious issues,"an the security software updates."" UK Health Minister Jeremy Hunt confirmed to the BBC that UK intelligence services had found no evidence of a second wave of attacks on Monday. The badly affected National Health Service said seven out of 47 trusts that were hit were still facing serious issues. French carmaker Renault said its plant in the northern town of Douai would not reopen on Monday as it dealt with the cyber-attack. In Asia, the spread was reportedly slowing, w",,
article_17,overlapping_different_label,testimony,assumption,1846,1929,1846,1888,42,"In Asia, the spread was reportedly slowing, with banking systems largely unaffected","In Asia, the spread was reportedly slowing","hat were hit were still facing serious issues. French carmaker Renault said its plant in the northern town of Douai would not reopen on Monday as it dealt with the cyber-attack. In Asia, the spread was reportedly slowing, with banking systems largely unaffected: US President Donald Trump's Homeland Security adviser Tom Bossert has also confirmed that no US federal government systems were affected. This won't take long. Nobody knows. Eu",,
article_17,overlapping_different_label,testimony,assumption,3078,3143,3078,3143,65,"The message from the UK's National Crime Agency was ""do not pay!""","The message from the UK's National Crime Agency was ""do not pay!""","Corera, the BBC's security correspondent, reports. Companies in Asia and Europe have been warning employees to be careful when clicking on attachments and links in their emails. The message from the UK's National Crime Agency was ""do not pay!"" - there is no guarantee that systems will be restored. Michael Gazeley, of Network Box, a Hong Kong-based cyber-security firm, told Reuters there were still ""many 'landmines' wai",,
article_17,overlapping_different_label,anecdote,assumption,4016,4050,4015,4050,34,which actually ended up halting it,which actually ended up halting it,"areTech, whose name was revealed in UK media to be 22-year-old Marcus Hutchins, was hailed as an ""accidental hero"" after registering a domain name to track the spread of the virus, which actually ended up halting it. The computing giant says the tool used in this current attack had been developed by the US National Security Agency and was stolen by hackers. It is highly critical of the way",,
article_17,unmatched_prediction,,assumption,,,1889,1929,0,,with banking systems largely unaffected,"es. French carmaker Renault said its plant in the northern town of Douai would not reopen on Monday as it dealt with the cyber-attack. In Asia, the spread was reportedly slowing, with banking systems largely unaffected: US President Donald Trump's Homeland Security adviser Tom Bossert has also confirmed that no US federal government systems were affected. This won't take long. Nobody knows. Eu",,
article_17,unmatched_prediction,,other,,,4952,4987,0,,Get news from the BBC in your inbox,"said it had released a Windows security update in March to tackle the problem involved in the latest attack, but many users were yet to run it. How roots can be traced to the US Get news from the BBC in your inbox, each weekday morning",,
article_17,unmatched_prediction,,other,,,4988,5009,0,,each weekday morning,"ity update in March to tackle the problem involved in the latest attack, but many users were yet to run it. How roots can be traced to the US Get news from the BBC in your inbox, each weekday morning",,
article_18,same_label_segmentation_difference,assumption,assumption,204,309,204,309,104,"Mr Kavanaugh had been embroiled in a bitter battle to stave off claims of sexual assault, which he denies",Mr Kavanaugh had been embroiled in a bitter battle to stave off claims of sexual assault || which he denies,"controversial nominee for the Supreme Court, Brett Kavanaugh, has been sworn in following weeks of rancorous debate. The Senate earlier backed his nomination by 50 votes to 48. Mr Kavanaugh had been embroiled in a bitter battle to stave off claims of sexual assault, which he denies. But after an 11th-hour investigation by the FBI into the allegations, enough wavering senators decided to support the nomination. His confirmation hands Mr Trump a political vi",,
article_18,same_label_segmentation_difference,anecdote,anecdote,655,795,655,795,136,"During the vote, other protesters shouted ""shame"" from the public gallery and Vice-President Mike Pence had to call for order to be restored","During the vote, other protesters shouted ""shame"" from the public gallery || Vice-President Mike Pence had to call for order to be restored","a political victory ahead of key mid-term elections in November. Before the vote, hundreds of people protested against Mr Kavanaugh's nomination at the US Capitol in Washington. During the vote, other protesters shouted ""shame"" from the public gallery and Vice-President Mike Pence had to call for order to be restored. Mr Kavanaugh's appointment is for life and he will strengthen conservative control of the nine-judge court, which has the final say on US law. The 53-year-old was sworn in on S",,
article_18,same_label_segmentation_difference,assumption,assumption,841,939,840,939,97,"he will strengthen conservative control of the nine-judge court, which has the final say on US law",he will strengthen conservative control of the nine-judge court || which has the final say on US law,"g the vote, other protesters shouted ""shame"" from the public gallery and Vice-President Mike Pence had to call for order to be restored. Mr Kavanaugh's appointment is for life and he will strengthen conservative control of the nine-judge court, which has the final say on US law. The 53-year-old was sworn in on Saturday evening in a private ceremony at the Supreme Court. Chief Justice John Roberts administered the constitutional oath, and retired justice",,
article_18,same_label_segmentation_difference,anecdote,anecdote,1204,1315,1204,1315,107,Protesters had gathered outside the court and at one point some ran up the steps and banged on its ornate doors,Protesters had gathered outside the court || at one point some ran up the steps and banged on its ornate doors,"eme Court. Chief Justice John Roberts administered the constitutional oath, and retired justice Anthony Kennedy - whom Mr Kavanaugh is replacing - administered the judicial oath. Protesters had gathered outside the court and at one point some ran up the steps and banged on its ornate doors. Other demonstrators climbed on the nearby statue of justice. He sent out a tweet of congratulations: Later he spoke to reporters aboard Air Force One, saying Mr Kavanaugh had w",,
article_18,same_label_segmentation_difference,testimony,testimony,1420,1607,1420,1607,183,"Later he spoke to reporters aboard Air Force One, saying Mr Kavanaugh had withstood a ""horrible attack by the Democrats"" and that women were ""outraged"" at what had happened to the nominee","Later he spoke to reporters aboard Air Force One, saying Mr Kavanaugh had withstood a ""horrible attack by the Democrats"" || that women were ""outraged"" at what had happened to the nominee","court and at one point some ran up the steps and banged on its ornate doors. Other demonstrators climbed on the nearby statue of justice. He sent out a tweet of congratulations: Later he spoke to reporters aboard Air Force One, saying Mr Kavanaugh had withstood a ""horrible attack by the Democrats"" and that women were ""outraged"" at what had happened to the nominee. Mr Trump also said he was ""100% certain"" that the woman who had accused Mr Kavanaugh of sexual assault, Christine Blasey Ford, had named the wrong person. The upper house is sp",,
article_18,same_label_segmentation_difference,anecdote,anecdote,1766,1868,1766,1868,85,The upper house is split 51-49 in favour of the Republicans and the vote was largely along party lines,The upper house is split 51-49 in favour of the Republicans || largely along party lines,"ppened to the nominee. Mr Trump also said he was ""100% certain"" that the woman who had accused Mr Kavanaugh of sexual assault, Christine Blasey Ford, had named the wrong person. The upper house is split 51-49 in favour of the Republicans and the vote was largely along party lines. In the end, there was indeed a two-vote margin, the closest nomination vote since 1881. The only party dissenters were Republican Senator Lisa Murkowski, who had intended to vot",,
article_18,same_label_segmentation_difference,testimony,testimony,2449,2714,2449,2713,261,"Minority Democrat leader Chuck Schumer said Mr Kavanaugh did not belong on the bench as he had ""obscured his views to the American people"", ""repeatedly misled the Senate"" and delivered one of the ""bitterest and most partisan testimonies ever presented by a nominee""","Minority Democrat leader Chuck Schumer said Mr Kavanaugh did not belong on the bench || he had ""obscured his views to the American people"", ""repeatedly misled the Senate"" and delivered one of the ""bitterest and most partisan testimonies ever presented by a nominee","ed instead to simply mark herself as ""present"", leaving the final vote 50-48. In their final summations, the two Senate party leaders reflected how bitter the divide had become. Minority Democrat leader Chuck Schumer said Mr Kavanaugh did not belong on the bench as he had ""obscured his views to the American people"", ""repeatedly misled the Senate"" and delivered one of the ""bitterest and most partisan testimonies ever presented by a nominee"". He also said Mr Trump had ""stooped to new depths"" in mocking the testimony of Christine Blasey Ford. Mr Schumer said that for all those who opposed the nomination, ""there is on",,
article_18,same_label_boundary_difference,testimony,testimony,2948,3110,2948,3109,161,"Majority Republican leader Mitch McConnell said Mr Kavanaugh was a ""serious scholar, a brilliant student of the law and a meticulous and dedicated public servant""","Majority Republican leader Mitch McConnell said Mr Kavanaugh was a ""serious scholar, a brilliant student of the law and a meticulous and dedicated public servant","n mocking the testimony of Christine Blasey Ford. Mr Schumer said that for all those who opposed the nomination, ""there is one answer - vote"" in the November mid-term elections. Majority Republican leader Mitch McConnell said Mr Kavanaugh was a ""serious scholar, a brilliant student of the law and a meticulous and dedicated public servant"". He said events had ""strained our basic principles of fairness and justice"" and that the vote showed the Senate was ""an institution where evidence and facts matter"". He spoke of",,
article_18,same_label_segmentation_difference,testimony,testimony,3113,3276,3113,3275,158,"He said events had ""strained our basic principles of fairness and justice"" and that the vote showed the Senate was ""an institution where evidence and facts matter""","He said events had ""strained our basic principles of fairness and justice"" || that the vote showed the Senate was ""an institution where evidence and facts matter","rm elections. Majority Republican leader Mitch McConnell said Mr Kavanaugh was a ""serious scholar, a brilliant student of the law and a meticulous and dedicated public servant"". He said events had ""strained our basic principles of fairness and justice"" and that the vote showed the Senate was ""an institution where evidence and facts matter"". He spoke of ""intimidation by the mob"" and said the Senate vote should be one ""to turn away from darkness"". Ms Murkowski had earlier said that although Mr Kavanaugh was a ""good",,
article_18,same_label_boundary_difference,testimony,testimony,3279,3384,3279,3383,104,"He spoke of ""intimidation by the mob"" and said the Senate vote should be one ""to turn away from darkness""","He spoke of ""intimidation by the mob"" and said the Senate vote should be one ""to turn away from darkness","ic servant"". He said events had ""strained our basic principles of fairness and justice"" and that the vote showed the Senate was ""an institution where evidence and facts matter"". He spoke of ""intimidation by the mob"" and said the Senate vote should be one ""to turn away from darkness"". Ms Murkowski had earlier said that although Mr Kavanaugh was a ""good man"", he was ""not the right person for the court at this time"" and his ""appearance of impropriety has become",,
article_18,same_label_segmentation_difference,testimony,testimony,3387,3577,3387,3576,189,"Ms Murkowski had earlier said that although Mr Kavanaugh was a ""good man"", he was ""not the right person for the court at this time"" and his ""appearance of impropriety has become unavoidable""","Ms Murkowski had earlier said that although Mr Kavanaugh was a ""good man"", he was ""not the right person for the court at this time"" and || his ""appearance of impropriety has become unavoidable","howed the Senate was ""an institution where evidence and facts matter"". He spoke of ""intimidation by the mob"" and said the Senate vote should be one ""to turn away from darkness"". Ms Murkowski had earlier said that although Mr Kavanaugh was a ""good man"", he was ""not the right person for the court at this time"" and his ""appearance of impropriety has become unavoidable"". Joe Manchin is facing a difficult re-election campaign in West Virginia, a traditionally Republican state that Mr Trump won by a landslide. He said he ""found Judge Kavanaugh to",,
article_18,same_label_boundary_difference,testimony,testimony,3720,3779,3719,3778,58,"He said he ""found Judge Kavanaugh to be a qualified jurist""","He said he ""found Judge Kavanaugh to be a qualified jurist","of impropriety has become unavoidable"". Joe Manchin is facing a difficult re-election campaign in West Virginia, a traditionally Republican state that Mr Trump won by a landslide. He said he ""found Judge Kavanaugh to be a qualified jurist"". There were shouts of ""shame"" from the public gallery as he voted yes. Two Republican waverers, Susan Collins and Jeff Flake, finally decided to back the judge. By Anthony Zurc",,
article_18,same_label_segmentation_difference,anecdote,anecdote,3782,3850,3782,3850,65,"There were shouts of ""shame"" from the public gallery as he voted yes","There were shouts of ""shame"" from the public gallery || he voted yes","a difficult re-election campaign in West Virginia, a traditionally Republican state that Mr Trump won by a landslide. He said he ""found Judge Kavanaugh to be a qualified jurist"". There were shouts of ""shame"" from the public gallery as he voted yes. Two Republican waverers, Susan Collins and Jeff Flake, finally decided to back the judge. By Anthony Zurcher, BBC North America reporter Brett Kavanaugh's confirmation to the",,
article_18,same_label_boundary_difference,anecdote,anecdote,4626,4756,4625,4680,54,"Republicans last year successfully stalled the process, meaning it fell to Mr Trump, not Barack Obama, to nominate the new justice",Republicans last year successfully stalled the process,"l arbiter of US law. It has the ultimate say on such contentious issues as abortion and gun control. The Democrats are still smarting from the previous Supreme Court appointment. Republicans last year successfully stalled the process, meaning it fell to Mr Trump, not Barack Obama, to nominate the new justice. Mr Trump's choice of Neil Gorsuch strengthened the conservative leaning. All eyes will now be on November's mid-term elections. Mr Trump will be able to campaign on the back of",,
article_18,overlapping_different_label,assumption,anecdote,316,440,312,440,124,"after an 11th-hour investigation by the FBI into the allegations, enough wavering senators decided to support the nomination","But after an 11th-hour investigation by the FBI into the allegations, enough wavering senators decided to support the nomination","s debate. The Senate earlier backed his nomination by 50 votes to 48. Mr Kavanaugh had been embroiled in a bitter battle to stave off claims of sexual assault, which he denies. But after an 11th-hour investigation by the FBI into the allegations, enough wavering senators decided to support the nomination. His confirmation hands Mr Trump a political victory ahead of key mid-term elections in November. Before the vote, hundreds of people protested against Mr Kavanaugh's nomination",,
article_18,overlapping_different_label,anecdote,assumption,798,836,798,836,38,Mr Kavanaugh's appointment is for life,Mr Kavanaugh's appointment is for life,"on at the US Capitol in Washington. During the vote, other protesters shouted ""shame"" from the public gallery and Vice-President Mike Pence had to call for order to be restored. Mr Kavanaugh's appointment is for life and he will strengthen conservative control of the nine-judge court, which has the final say on US law. The 53-year-old was sworn in on Saturday evening in a private ceremony at",,
article_18,overlapping_different_label,assumption,anecdote,2096,2132,2126,2132,6,That should have meant a 51-49 tally,tally,", the closest nomination vote since 1881. The only party dissenters were Republican Senator Lisa Murkowski, who had intended to vote no, and Democrat Joe Manchin, who voted yes. That should have meant a 51-49 tally, but the absence of Republican Steve Daines, a yes voter who was at his daughter's wedding, altered the final figures. Ms Murkowski opted instead to simply mark herself as ""prese",,
article_18,overlapping_different_label,anecdote,assumption,2138,2250,2223,2250,27,"the absence of Republican Steve Daines, a yes voter who was at his daughter's wedding, altered the final figures",", altered the final figures","The only party dissenters were Republican Senator Lisa Murkowski, who had intended to vote no, and Democrat Joe Manchin, who voted yes. That should have meant a 51-49 tally, but the absence of Republican Steve Daines, a yes voter who was at his daughter's wedding, altered the final figures. Ms Murkowski opted instead to simply mark herself as ""present"", leaving the final vote 50-48. In their final summations, the two Senate party leaders reflected how bitter the d",,
article_18,overlapping_different_label,assumption,anecdote,3580,3718,3651,3718,67,"Joe Manchin is facing a difficult re-election campaign in West Virginia, a traditionally Republican state that Mr Trump won by a landslide",", a traditionally Republican state that Mr Trump won by a landslide","had earlier said that although Mr Kavanaugh was a ""good man"", he was ""not the right person for the court at this time"" and his ""appearance of impropriety has become unavoidable"". Joe Manchin is facing a difficult re-election campaign in West Virginia, a traditionally Republican state that Mr Trump won by a landslide. He said he ""found Judge Kavanaugh to be a qualified jurist"". There were shouts of ""shame"" from the public gallery as he voted yes. Two Republican waverers, Susan Collins and Je",,
article_18,overlapping_different_label,anecdote,assumption,3853,3941,3853,3941,88,"Two Republican waverers, Susan Collins and Jeff Flake, finally decided to back the judge","Two Republican waverers, Susan Collins and Jeff Flake, finally decided to back the judge","blican state that Mr Trump won by a landslide. He said he ""found Judge Kavanaugh to be a qualified jurist"". There were shouts of ""shame"" from the public gallery as he voted yes. Two Republican waverers, Susan Collins and Jeff Flake, finally decided to back the judge. By Anthony Zurcher, BBC North America reporter Brett Kavanaugh's confirmation to the Supreme Court has been decided. The political war, however, is just beginning. Donald Trum",,
article_18,overlapping_different_label,other,assumption,4326,4394,4326,4394,68,"Now that the bombs have been thrown, it's time to assess the fallout","Now that the bombs have been thrown, it's time to assess the fallout","a controversy that captured the nation's attention in a way that few political issues do. It generated daily headlines rivalled only by the US quadrennial presidential elections. Now that the bombs have been thrown, it's time to assess the fallout. Read more from Anthony Basically, it's the final arbiter of US law. It has the ultimate say on such contentious issues as abortion and gun control. The Democrats are still sm",,
article_18,unmatched_prediction,,assumption,,,4710,4756,0,,"not Barack Obama, to nominate the new justice","and gun control. The Democrats are still smarting from the previous Supreme Court appointment. Republicans last year successfully stalled the process, meaning it fell to Mr Trump, not Barack Obama, to nominate the new justice. Mr Trump's choice of Neil Gorsuch strengthened the conservative leaning. All eyes will now be on November's mid-term elections. Mr Trump will be able to campaign on the back of",,
article_19,same_label_segmentation_difference,testimony,testimony,2386,2533,2386,2533,146,"Mr Mattis added: ""The tragedy of war is well enough known. It doesn't need another characterisation beyond the fact that it would be catastrophic.""","Mr Mattis added: ""The tragedy of war is well enough known || It doesn't need another characterisation beyond the fact that it would be catastrophic.""","b to be ready for conflict. But he said the effort by Secretary of State Rex Tillerson and UN Ambassador Nikki Haley ""has diplomatic traction, it is gaining diplomatic results"". Mr Mattis added: ""The tragedy of war is well enough known. It doesn't need another characterisation beyond the fact that it would be catastrophic."" When asked about US military plans for a potential conflict, he said the country was ready, but he would not ""tell the enemy in advance what I'm going to do"". Also on Friday, No",,
article_19,same_label_boundary_difference,testimony,testimony,2239,2383,2238,2382,143,"he said the effort by Secretary of State Rex Tillerson and UN Ambassador Nikki Haley ""has diplomatic traction, it is gaining diplomatic results""","he said the effort by Secretary of State Rex Tillerson and UN Ambassador Nikki Haley ""has diplomatic traction, it is gaining diplomatic results","to cool tensions by emphasising a peaceful resolution to the crisis. Speaking in California late on Thursday, the Pentagon chief said it was his job to be ready for conflict. But he said the effort by Secretary of State Rex Tillerson and UN Ambassador Nikki Haley ""has diplomatic traction, it is gaining diplomatic results"". Mr Mattis added: ""The tragedy of war is well enough known. It doesn't need another characterisation beyond the fact that it would be catastrophic."" When asked about US military",,
article_19,same_label_segmentation_difference,testimony,testimony,2596,2692,2535,2691,90,"he said the country was ready, but he would not ""tell the enemy in advance what I'm going to do""","When asked about US military plans for a potential conflict, he said the country was ready || he would not ""tell the enemy in advance what I'm going to do","gaining diplomatic results"". Mr Mattis added: ""The tragedy of war is well enough known. It doesn't need another characterisation beyond the fact that it would be catastrophic."" When asked about US military plans for a potential conflict, he said the country was ready, but he would not ""tell the enemy in advance what I'm going to do"". Also on Friday, North Korea's official KCNA news agency accused Washington of a ""criminal attempt to impose nuclear disaster upon the Korean nation"". Pyongyang's media outlet s",,
article_19,same_label_boundary_difference,testimony,testimony,2700,2843,2695,2842,142,"on Friday, North Korea's official KCNA news agency accused Washington of a ""criminal attempt to impose nuclear disaster upon the Korean nation""","Also on Friday, North Korea's official KCNA news agency accused Washington of a ""criminal attempt to impose nuclear disaster upon the Korean nation","be catastrophic."" When asked about US military plans for a potential conflict, he said the country was ready, but he would not ""tell the enemy in advance what I'm going to do"". Also on Friday, North Korea's official KCNA news agency accused Washington of a ""criminal attempt to impose nuclear disaster upon the Korean nation"". Pyongyang's media outlet said America was making ""desperate efforts"" to test weapons in the Korean peninsula. The US is ""the mastermind of nuclear threat, the heinous nuclear w",,
article_19,same_label_boundary_difference,testimony,testimony,1349,1537,1306,1537,188,"he told reporters: ""I hope that they [North Korea] are going to fully understand the gravity of what I said, and what I said is what I mean… those words are very, very easy to understand.""","Asked about his ""locked and loaded"" tweet, he told reporters: ""I hope that they [North Korea] are going to fully understand the gravity of what I said, and what I said is what I mean… those words are very, very easy to understand.""","ary solution, and ""an escalation of the rhetoric is the wrong answer."" But later on Friday, at his private golf club in New Jersey, Mr Trump issued further threats to Pyongyang. Asked about his ""locked and loaded"" tweet, he told reporters: ""I hope that they [North Korea] are going to fully understand the gravity of what I said, and what I said is what I mean… those words are very, very easy to understand."" He added: ""If he [Kim Jong-un] utters one threat in the form of an overt threat - which, by the way, he has been uttering for years, and his family has been uttering for years -",,
article_19,same_label_boundary_difference,testimony,testimony,4761,4824,4702,4823,62,"he said, ""as America would come to our aid if we were attacked""","Australia would honour its commitment under a 1951 treaty, he said, ""as America would come to our aid if we were attacked","ervene to prevent it. Meanwhile, Australian Prime Minister Malcolm Turnbull said his nation would be prepared to join a conflict against North Korea if the US came under attack. Australia would honour its commitment under a 1951 treaty, he said, ""as America would come to our aid if we were attacked"". Get news from the BBC in your inbox, each weekday morning",,
article_19,same_label_boundary_difference,testimony,testimony,4414,4542,4410,4542,128,"it also said that if the US and South Korea attacked North Korea to force regime change, then China must intervene to prevent it","But it also said that if the US and South Korea attacked North Korea to force regime change, then China must intervene to prevent it","China, saying it could do ""a lot more"". China's state-run Global Times newspaper wrote that Beijing should stay neutral if North Korea launches an attack that threatens the US. But it also said that if the US and South Korea attacked North Korea to force regime change, then China must intervene to prevent it. Meanwhile, Australian Prime Minister Malcolm Turnbull said his nation would be prepared to join a conflict against North Korea if the US came under attack. Australia would hono",,
article_19,same_label_boundary_difference,testimony,testimony,4556,4699,4545,4699,143,Australian Prime Minister Malcolm Turnbull said his nation would be prepared to join a conflict against North Korea if the US came under attack,"Meanwhile, Australian Prime Minister Malcolm Turnbull said his nation would be prepared to join a conflict against North Korea if the US came under attack","a launches an attack that threatens the US. But it also said that if the US and South Korea attacked North Korea to force regime change, then China must intervene to prevent it. Meanwhile, Australian Prime Minister Malcolm Turnbull said his nation would be prepared to join a conflict against North Korea if the US came under attack. Australia would honour its commitment under a 1951 treaty, he said, ""as America would come to our aid if we were attacked"". Get news from the BBC in your inbox, each weekday mo",,
article_19,same_label_boundary_difference,testimony,testimony,4190,4269,4190,4268,78,"He also chided the North's closest ally, China, saying it could do ""a lot more""","He also chided the North's closest ally, China, saying it could do ""a lot more","hat his own statements on North Korea had not been tough enough, warning the regime to be ""very, very nervous"". However, he added that the US would always consider negotiations. He also chided the North's closest ally, China, saying it could do ""a lot more"". China's state-run Global Times newspaper wrote that Beijing should stay neutral if North Korea launches an attack that threatens the US. But it also said that if the US and Sou",,
article_19,same_label_segmentation_difference,testimony,testimony,3978,4120,3978,4119,140,"On Thursday Mr Trump suggested that his own statements on North Korea had not been tough enough, warning the regime to be ""very, very nervous""","On Thursday Mr Trump suggested that his own statements on North Korea had not been tough enough || warning the regime to be ""very, very nervous","ards Guam, where US strategic bombers are based, along with more than 160,000 US citizens. There has been no indication that any actual attack on the Pacific island is imminent. On Thursday Mr Trump suggested that his own statements on North Korea had not been tough enough, warning the regime to be ""very, very nervous"". However, he added that the US would always consider negotiations. He also chided the North's closest ally, China, saying it could do ""a lot more"". China's state-run Global Tim",,
article_19,same_label_boundary_difference,testimony,testimony,3716,3887,3716,3807,91,"North Korea said it was finalising a plan to fire medium-to-long-range rockets towards Guam, where US strategic bombers are based, along with more than 160,000 US citizens",North Korea said it was finalising a plan to fire medium-to-long-range rockets towards Guam,"en since North Korea tested two intercontinental ballistic missiles in July. The regime was further angered by last week's UN decision to increase economic sanctions against it. North Korea said it was finalising a plan to fire medium-to-long-range rockets towards Guam, where US strategic bombers are based, along with more than 160,000 US citizens. There has been no indication that any actual attack on the Pacific island is imminent. On Thursday Mr Trump suggested that his own statements on North Korea had not been tough",,
article_19,same_label_boundary_difference,testimony,testimony,3054,3242,3200,3242,42,"Despite the rhetoric from both sides, the Trump administration has been conducting behind-the-scenes diplomacy with North Korea for several months, the Associated Press news agency reports",", the Associated Press news agency reports","d America was making ""desperate efforts"" to test weapons in the Korean peninsula. The US is ""the mastermind of nuclear threat, the heinous nuclear war fanatic"", the report said. Despite the rhetoric from both sides, the Trump administration has been conducting behind-the-scenes diplomacy with North Korea for several months, the Associated Press news agency reports. Washington has been addressing the issue of Americans detained in the country and escalating tensions on the peninsula, according to AP. Joseph Yun, the US envoy for North Kore",,
article_19,same_label_boundary_difference,anecdote,anecdote,1202,1303,1198,1303,101,"later on Friday, at his private golf club in New Jersey, Mr Trump issued further threats to Pyongyang","But later on Friday, at his private golf club in New Jersey, Mr Trump issued further threats to Pyongyang","a joint Russian-Chinese plan to defuse the crisis. German Chancellor Angela Merkel said there was no military solution, and ""an escalation of the rhetoric is the wrong answer."" But later on Friday, at his private golf club in New Jersey, Mr Trump issued further threats to Pyongyang. Asked about his ""locked and loaded"" tweet, he told reporters: ""I hope that they [North Korea] are going to fully understand the gravity of what I said, and what I said is what I",,
article_19,same_label_boundary_difference,testimony,testimony,919,1000,919,999,80,"Foreign Minister Sergei Lavrov rated the risk of military conflict as ""very high""","Foreign Minister Sergei Lavrov rated the risk of military conflict as ""very high","on is some distance away, it could take 30 seconds or more for the blast wave to hit."" Moscow said the exchange of threats between Washington and Pyongyang ""worry us very much"". Foreign Minister Sergei Lavrov rated the risk of military conflict as ""very high"" as he put forward a joint Russian-Chinese plan to defuse the crisis. German Chancellor Angela Merkel said there was no military solution, and ""an escalation of the rhetoric is th",,
article_19,same_label_boundary_difference,testimony,testimony,827,916,827,915,88,"Moscow said the exchange of threats between Washington and Pyongyang ""worry us very much""","Moscow said the exchange of threats between Washington and Pyongyang ""worry us very much","r fireball - it can blind you."" ""Lie flat on the ground and cover your head. If the explosion is some distance away, it could take 30 seconds or more for the blast wave to hit."" Moscow said the exchange of threats between Washington and Pyongyang ""worry us very much"". Foreign Minister Sergei Lavrov rated the risk of military conflict as ""very high"" as he put forward a joint Russian-Chinese plan to defuse the crisis. German Chancellor Angela",,
article_19,same_label_segmentation_difference,testimony,testimony,609,825,609,825,210,"It states: ""Do not look at the flash or fireball - it can blind you."" ""Lie flat on the ground and cover your head. If the explosion is some distance away, it could take 30 seconds or more for the blast wave to hit.""","It states: ""Do not look at the flash or fireball - it can blind you."" || ""Lie flat on the ground and cover your head || the explosion is some distance away, it could take 30 seconds or more for the blast wave to hit.""","re missiles near the US territory of Guam. The Pacific island's homeland security agency issued a fact sheet on Friday with tips for residents to prepare for any missile threat. It states: ""Do not look at the flash or fireball - it can blind you."" ""Lie flat on the ground and cover your head. If the explosion is some distance away, it could take 30 seconds or more for the blast wave to hit."" Moscow said the exchange of threats between Washington and Pyongyang ""worry us very much"". Foreign Minister Sergei Lavrov rated the risk of military conflict as ""very high"" as h",,
article_19,same_label_boundary_difference,testimony,testimony,134,287,135,287,152,"""Military solutions are now fully in place, locked and loaded, should North Korea act unwisely. Hopefully Kim Jong-un will find another path!"" he tweeted","Military solutions are now fully in place, locked and loaded, should North Korea act unwisely. Hopefully Kim Jong-un will find another path!"" he tweeted","President Donald Trump says the US military is ""locked and loaded"" to deal with North Korea, ramping up the rhetorical brinkmanship. ""Military solutions are now fully in place, locked and loaded, should North Korea act unwisely. Hopefully Kim Jong-un will find another path!"" he tweeted. He spoke as Pyongyang accused him of ""driving"" the Korean peninsula to the ""brink of a nuclear war"". North Korea has announced plans to fire missiles near the US territory of G",,
article_19,same_label_boundary_difference,assumption,assumption,0,131,92,131,39,"President Donald Trump says the US military is ""locked and loaded"" to deal with North Korea, ramping up the rhetorical brinkmanship",ramping up the rhetorical brinkmanship,"President Donald Trump says the US military is ""locked and loaded"" to deal with North Korea, ramping up the rhetorical brinkmanship. ""Military solutions are now fully in place, locked and loaded, should North Korea act unwisely. Hopefully Kim Jong-un will find another path!"" he tweeted. He spoke as Pyongyang",,
article_19,overlapping_different_label,assumption,anecdote,3519,3611,3519,3611,92,Tensions have risen since North Korea tested two intercontinental ballistic missiles in July,Tensions have risen since North Korea tested two intercontinental ballistic missiles in July,"ensions on the peninsula, according to AP. Joseph Yun, the US envoy for North Korea, and Pak Song-Il, a senior North Korean diplomat at the UN, are said to be leading the talks. Tensions have risen since North Korea tested two intercontinental ballistic missiles in July. The regime was further angered by last week's UN decision to increase economic sanctions against it. North Korea said it was finalising a plan to fire medium-to-long-range rock",,
article_19,overlapping_different_label,anecdote,assumption,1982,2125,1982,2125,143,His latest post came hours after his Defence Secretary Jim Mattis attempted to cool tensions by emphasising a peaceful resolution to the crisis,His latest post came hours after his Defence Secretary Jim Mattis attempted to cool tensions by emphasising a peaceful resolution to the crisis,"tory or an American ally he will truly regret it and he will regret it fast."" Mr Trump's latest remarks follow his threat earlier this week to rain ""fire and fury"" on Pyongyang. His latest post came hours after his Defence Secretary Jim Mattis attempted to cool tensions by emphasising a peaceful resolution to the crisis. Speaking in California late on Thursday, the Pentagon chief said it was his job to be ready for conflict. But he said the effort by Secretary of State Rex Tillerson and UN Amba",,
article_19,overlapping_different_label,anecdote,assumption,1881,1979,1881,1979,98,"Mr Trump's latest remarks follow his threat earlier this week to rain ""fire and fury"" on Pyongyang","Mr Trump's latest remarks follow his threat earlier this week to rain ""fire and fury"" on Pyongyang","ing for years - or if he does anything with respect to Guam or anyplace else that's an American territory or an American ally he will truly regret it and he will regret it fast."" Mr Trump's latest remarks follow his threat earlier this week to rain ""fire and fury"" on Pyongyang. His latest post came hours after his Defence Secretary Jim Mattis attempted to cool tensions by emphasising a peaceful resolution to the crisis. Speaking in California late on",,
article_19,overlapping_different_label,anecdote,testimony,290,389,290,388,98,"He spoke as Pyongyang accused him of ""driving"" the Korean peninsula to the ""brink of a nuclear war""","He spoke as Pyongyang accused him of ""driving"" the Korean peninsula to the ""brink of a nuclear war","etorical brinkmanship. ""Military solutions are now fully in place, locked and loaded, should North Korea act unwisely. Hopefully Kim Jong-un will find another path!"" he tweeted. He spoke as Pyongyang accused him of ""driving"" the Korean peninsula to the ""brink of a nuclear war"". North Korea has announced plans to fire missiles near the US territory of Guam. The Pacific island's homeland security agency issued a fact sheet on Friday with tips for reside",,
article_19,unmatched_gold_span,assumption,,4702,4759,,,0,Australia would honour its commitment under a 1951 treaty,,"ervene to prevent it. Meanwhile, Australian Prime Minister Malcolm Turnbull said his nation would be prepared to join a conflict against North Korea if the US came under attack. Australia would honour its commitment under a 1951 treaty, he said, ""as America would come to our aid if we were attacked"". Get news from the BBC in your inbox, each weekday morning",,
article_19,unmatched_prediction,,testimony,,,0,91,0,,"President Donald Trump says the US military is ""locked and loaded"" to deal with North Korea","President Donald Trump says the US military is ""locked and loaded"" to deal with North Korea, ramping up the rhetorical brinkmanship. ""Military solutions are now fully in place, locked and loaded, should North Korea act unwisely. Hopefully Kim Jong-un will find another p",,
article_19,unmatched_prediction,,testimony,,,2235,2238,0,,But,"ed to cool tensions by emphasising a peaceful resolution to the crisis. Speaking in California late on Thursday, the Pentagon chief said it was his job to be ready for conflict. But he said the effort by Secretary of State Rex Tillerson and UN Ambassador Nikki Haley ""has diplomatic traction, it is gaining diplomatic results"". Mr Mattis added: ""The tragedy of",,
article_19,unmatched_prediction,,anecdote,,,3808,3887,0,,"where US strategic bombers are based, along with more than 160,000 US citizens","further angered by last week's UN decision to increase economic sanctions against it. North Korea said it was finalising a plan to fire medium-to-long-range rockets towards Guam, where US strategic bombers are based, along with more than 160,000 US citizens. There has been no indication that any actual attack on the Pacific island is imminent. On Thursday Mr Trump suggested that his own statements on North Korea had not been tough",,
article_19,unmatched_prediction,,testimony,,,4123,4131,0,,"However,","n the Pacific island is imminent. On Thursday Mr Trump suggested that his own statements on North Korea had not been tough enough, warning the regime to be ""very, very nervous"". However, he added that the US would always consider negotiations. He also chided the North's closest ally, China, saying it could do ""a lot more"". China's state-run Global Times newspape",,
article_19,unmatched_prediction,,other,,,4830,4862,0,,news from the BBC in your inbox,"t against North Korea if the US came under attack. Australia would honour its commitment under a 1951 treaty, he said, ""as America would come to our aid if we were attacked"". Get news from the BBC in your inbox, each weekday morning",,
article_19,unmatched_prediction,,other,,,4863,4868,0,,each,"ame under attack. Australia would honour its commitment under a 1951 treaty, he said, ""as America would come to our aid if we were attacked"". Get news from the BBC in your inbox, each weekday morning",,
article_19,unmatched_prediction,,other,,,4876,4884,0,,morning,"ack. Australia would honour its commitment under a 1951 treaty, he said, ""as America would come to our aid if we were attacked"". Get news from the BBC in your inbox, each weekday morning",,
article_20,same_label_segmentation_difference,testimony,testimony,1495,1657,1495,1657,162,"After Hillary Clinton called Trump to concede the election, he told supporters, he offered her his congratulations to her for ""a very, very hard-fought campaign.""","After Hillary Clinton called Trump to concede the election, || he told supporters, he offered her his congratulations to her for ""a very, very hard-fought campaign.""","t they saw as America’s decline economically, militarily, and culturally, feeling the country was slipping away. Now they have emphatically turned the table on Democratic voters. After Hillary Clinton called Trump to concede the election, he told supporters, he offered her his congratulations to her for ""a very, very hard-fought campaign."" He also called for reconciliation, saying it was time to bind the nation's wounds and come together ""as one united people."" ""I pledge to every citizen in our land, that I will be",,
article_20,same_label_segmentation_difference,testimony,testimony,1658,1781,1657,1781,123,"He also called for reconciliation, saying it was time to bind the nation's wounds and come together ""as one united people.""","He also called for reconciliation, || saying it was time to bind the nation's wounds and come together ""as one united people.""","mocratic voters. After Hillary Clinton called Trump to concede the election, he told supporters, he offered her his congratulations to her for ""a very, very hard-fought campaign."" He also called for reconciliation, saying it was time to bind the nation's wounds and come together ""as one united people."" ""I pledge to every citizen in our land, that I will be president for all Americans, and this is so important to me,"" he said. ""For those who have chosen not to support me… I am r",,
article_20,same_label_boundary_difference,assumption,assumption,2129,2179,2132,2179,47,and that may have played a role in Trump’s victory,that may have played a role in Trump’s victory,"t me… I am reaching out to you for your guidance and your help so we can unify our great nation."" It’s difficult for any party to hold the presidency for three consecutive terms, and that may have played a role in Trump’s victory. But at first look his win seemed a story foreordained: his core supporters, whites without college degrees, turned out in huge numbers and supported him to an unprecedented degre",,
article_20,same_label_segmentation_difference,assumption,assumption,2181,2360,2180,2360,178,"But at first look his win seemed a story foreordained: his core supporters, whites without college degrees, turned out in huge numbers and supported him to an unprecedented degree","But at first look his win seemed a story foreordained || his core supporters, whites without college degrees, turned out in huge numbers and supported him to an unprecedented degree","d your help so we can unify our great nation."" It’s difficult for any party to hold the presidency for three consecutive terms, and that may have played a role in Trump’s victory. But at first look his win seemed a story foreordained: his core supporters, whites without college degrees, turned out in huge numbers and supported him to an unprecedented degree. This mixed up the nation’s long-standing order of electoral swing states. Trump took Florida and Ohio before midnight, and won the election in Wisconsin and Pennsylvania. Exurb",,
article_20,same_label_segmentation_difference,anecdote,anecdote,2755,2965,2754,2965,209,"There were handwritten roadside signs advertising stud bulls; voters rumbled into parking lots in massive pick-ups, and honked at supporters waving Trump signs just feet from where cars whooshed by on Route 278","There were handwritten roadside signs advertising stud bulls || voters rumbled into parking lots in massive pick-ups, and honked at supporters waving Trump signs just feet from where cars whooshed by on Route 278","heartland. He ran up huge margins in such places as Newton County, Ga., about an hour outside of Atlanta. A visit to this area on Election Day showed it a shoo-in county for Trump. There were handwritten roadside signs advertising stud bulls; voters rumbled into parking lots in massive pick-ups, and honked at supporters waving Trump signs just feet from where cars whooshed by on Route 278. Al Fortune, a trucking company manager, had a long list of actual policy issues he said he thought Trump would promote if elected: job creation, conservative healthcare reform,",,
article_20,same_label_segmentation_difference,assumption,assumption,4062,4304,4062,4304,241,"As for Democrat Hillary Clinton, her loss is likely to set off a battle of bitter recriminations among Democrats, with the liberal faction personified by Sens. Elizabeth Warren and Bernie Sanders pushing for radical change in the party agenda","As for Democrat Hillary Clinton, her loss is likely to set off a battle of bitter recriminations among Democrats, with the liberal faction personified by Sens || Elizabeth Warren and Bernie Sanders pushing for radical change in the party agenda","ply on who Trump is. “I think it’s going to be a big difference between now and all the other people we’ve had, just because of the way he carries himself,” said Mr. Brouillard. As for Democrat Hillary Clinton, her loss is likely to set off a battle of bitter recriminations among Democrats, with the liberal faction personified by Sens. Elizabeth Warren and Bernie Sanders pushing for radical change in the party agenda. Get the Monitor Stories you care about delivered to your inbox. Trump, of course, represents a major change in GOP identity as well, focusing unabashedly on white Americans – c",,
article_20,same_label_segmentation_difference,assumption,assumption,4596,4791,4601,4791,189,"While that’s won him the White House in 2016, the changing face of the US, with a fast-growing Hispanic population and a declining percentage of whites, may challenge the approach in coming years","that’s won him the White House in 2016 || the changing face of the US, with a fast-growing Hispanic population and a declining percentage of whites, may challenge the approach in coming years","in GOP identity as well, focusing unabashedly on white Americans – contrary to the desires of party leadership – and rejecting mainstream Republican principles such as free trade. While that’s won him the White House in 2016, the changing face of the US, with a fast-growing Hispanic population and a declining percentage of whites, may challenge the approach in coming years. “It’s not a good strategy in the long-term,” noted Matthew Wilson, an associate professor of political science at Southern Methodist University, as Trump’s victory hung in the b",,
article_20,same_label_boundary_difference,testimony,testimony,4794,4977,4794,4937,143,"“It’s not a good strategy in the long-term,” noted Matthew Wilson, an associate professor of political science at Southern Methodist University, as Trump’s victory hung in the balance","“It’s not a good strategy in the long-term,” noted Matthew Wilson, an associate professor of political science at Southern Methodist University","im the White House in 2016, the changing face of the US, with a fast-growing Hispanic population and a declining percentage of whites, may challenge the approach in coming years. “It’s not a good strategy in the long-term,” noted Matthew Wilson, an associate professor of political science at Southern Methodist University, as Trump’s victory hung in the balance.",,
article_20,overlapping_different_label,assumption,anecdote,2585,2678,2584,2678,93,"He ran up huge margins in such places as Newton County, Ga., about an hour outside of Atlanta","He ran up huge margins in such places as Newton County, Ga., about an hour outside of Atlanta","order of electoral swing states. Trump took Florida and Ohio before midnight, and won the election in Wisconsin and Pennsylvania. Exurban and rural areas were the Trump heartland. He ran up huge margins in such places as Newton County, Ga., about an hour outside of Atlanta. A visit to this area on Election Day showed it a shoo-in county for Trump. There were handwritten roadside signs advertising stud bulls; voters rumbled into parking lots in massi",,
article_20,overlapping_different_label,anecdote,assumption,2680,2753,2679,2753,73,A visit to this area on Election Day showed it a shoo-in county for Trump,A visit to this area on Election Day showed it a shoo-in county for Trump,"ion in Wisconsin and Pennsylvania. Exurban and rural areas were the Trump heartland. He ran up huge margins in such places as Newton County, Ga., about an hour outside of Atlanta. A visit to this area on Election Day showed it a shoo-in county for Trump. There were handwritten roadside signs advertising stud bulls; voters rumbled into parking lots in massive pick-ups, and honked at supporters waving Trump signs just feet from whe",,
article_20,overlapping_different_label,assumption,testimony,3439,3540,3438,3540,101,“I think he’d take the country to greater heights than what we’ve been used to the last eight years.”,“I think he’d take the country to greater heights than what we’ve been used to the last eight years.”,"voters who rated “change” as their top priority, and Fortune seemed to reflect just such a voter. “I would sure hope he would have an impact on the presidency,” said Mr. Fortune. “I think he’d take the country to greater heights than what we’ve been used to the last eight years.” Now it will be up to Trump to deliver on his voters’ expectations. They are expecting him to move decisively. Far to the north, in New Hampshire, lifelong Manchester resident Ty",,
article_20,overlapping_different_label,other,assumption,3542,3607,3542,3607,65,Now it will be up to Trump to deliver on his voters’ expectations,Now it will be up to Trump to deliver on his voters’ expectations,"ould sure hope he would have an impact on the presidency,” said Mr. Fortune. “I think he’d take the country to greater heights than what we’ve been used to the last eight years.” Now it will be up to Trump to deliver on his voters’ expectations. They are expecting him to move decisively. Far to the north, in New Hampshire, lifelong Manchester resident Tyler Brouillard registered to vote as a Republican on Tuesday, then",,
article_20,unmatched_prediction,,other,,,4310,4314,0,,the,"tle of bitter recriminations among Democrats, with the liberal faction personified by Sens. Elizabeth Warren and Bernie Sanders pushing for radical change in the party agenda. Get the Monitor Stories you care about delivered to your inbox. Trump, of course, represents a major change in GOP identity as well, focusing unabashedly on white Americans – contrary to",,
article_20,unmatched_prediction,,other,,,4330,4345,0,,you care about,"inations among Democrats, with the liberal faction personified by Sens. Elizabeth Warren and Bernie Sanders pushing for radical change in the party agenda. Get the Monitor Stories you care about delivered to your inbox. Trump, of course, represents a major change in GOP identity as well, focusing unabashedly on white Americans – contrary to the desires of party leadershi",,
article_20,unmatched_prediction,,other,,,4355,4363,0,,to your,"with the liberal faction personified by Sens. Elizabeth Warren and Bernie Sanders pushing for radical change in the party agenda. Get the Monitor Stories you care about delivered to your inbox. Trump, of course, represents a major change in GOP identity as well, focusing unabashedly on white Americans – contrary to the desires of party leadership – and rejecting",,
article_20,unmatched_prediction,,assumption,,,4941,4977,0,,Trump’s victory hung in the balance,"e the approach in coming years. “It’s not a good strategy in the long-term,” noted Matthew Wilson, an associate professor of political science at Southern Methodist University, as Trump’s victory hung in the balance.",,
article_21,same_label_segmentation_difference,assumption,assumption,248,464,248,464,212,It was Trump’s most direct call for his top U.S. law enforcement officer to shut down Special Counsel Robert Mueller’s criminal investigation and Democrats promptly accused the president of trying to obstruct justice,It was Trump’s most direct call for his top U.S. law enforcement officer to shut down Special Counsel Robert Mueller’s criminal investigation || Democrats promptly accused the president of trying to obstruct justice,"ney General Jeff Sessions to end an investigation into Russia’s role in the 2016 election, drawing a rebuke from his fellow Republicans in Congress who said the probe must go on. It was Trump’s most direct call for his top U.S. law enforcement officer to shut down Special Counsel Robert Mueller’s criminal investigation and Democrats promptly accused the president of trying to obstruct justice. Trump’s remark coincided with the start of the trial this week of his former campaign chairman Paul Manafort on charges arising from Mueller’s inquiry. In a series of tweets, Tr",,
article_21,same_label_segmentation_difference,testimony,testimony,1519,1628,1519,1628,109,"“It’s not an order. It’s the president’s opinion,” White House spokeswoman Sarah Sanders told a news briefing","“It’s not an order. || It’s the president’s opinion,” White House spokeswoman Sarah Sanders told a news briefing","7 and does not have the power to stop it. The White House said the tweet was not an order to Sessions and that Trump was expressing his frustration with the length of the probe. “It’s not an order. It’s the president’s opinion,” White House spokeswoman Sarah Sanders told a news briefing. She denied that Trump was trying to obstruct the probe. “He’s fighting back,” she said. Trump’s personal lawyer, Rudy Giuliani, said Trump was expressing an opinion long espouse",,
article_21,same_label_segmentation_difference,testimony,testimony,2854,3098,2854,3098,243,"“They ought to let them conclude their work. What they’re doing is something that is important and we support and I don’t think any effort to truncate that or somehow shut it down early is in the public’s best interest,” said Senator John Thune","“They ought to let them conclude their work || What they’re doing is something that is important and we support and I don’t think any effort to truncate that or somehow shut it down early is in the public’s best interest,” said Senator John Thune","upport in Congress, where Republicans control both chambers. Six Republican senators going into a vote on Wednesday disapproved of Trump’s tweet calling for an end to the probe. “They ought to let them conclude their work. What they’re doing is something that is important and we support and I don’t think any effort to truncate that or somehow shut it down early is in the public’s best interest,” said Senator John Thune. Senator Orrin Hatch said he did not think Sessions had the power to end the probe and it would be unwise to do so. An element of Mueller’s investigation includes whether Trump",,
article_21,same_label_boundary_difference,testimony,testimony,3101,3214,3101,3182,81,Senator Orrin Hatch said he did not think Sessions had the power to end the probe and it would be unwise to do so,Senator Orrin Hatch said he did not think Sessions had the power to end the probe,"something that is important and we support and I don’t think any effort to truncate that or somehow shut it down early is in the public’s best interest,” said Senator John Thune. Senator Orrin Hatch said he did not think Sessions had the power to end the probe and it would be unwise to do so. An element of Mueller’s investigation includes whether Trump or anyone in the campaign tried to obstruct justice. The New York Times reported last week that Mueller’s office was",,
article_21,same_label_segmentation_difference,testimony,testimony,4363,4595,4363,4595,231,"“It is a piece of evidence. It is part and parcel with the other 94 things the man has done that show obstruction of justice,” said Paul Rosenzweig, a former prosecutor who was part of a team that investigated President Bill Clinton","“It is a piece of evidence || It is part and parcel with the other 94 things the man has done that show obstruction of justice,” said Paul Rosenzweig, a former prosecutor who was part of a team that investigated President Bill Clinton","nalysts said Wednesday’s tweet alone was not enough to bring an obstruction of justice charge but it could be used to establish a pattern of conduct revealing Trump’s intentions. “It is a piece of evidence. It is part and parcel with the other 94 things the man has done that show obstruction of justice,” said Paul Rosenzweig, a former prosecutor who was part of a team that investigated President Bill Clinton. Jens David Ohlin, a law professor at Cornell University, said the tweets would likely not be seen as an order to Sessions, but as “Trump venting his continued frustration with t",,
article_21,same_label_boundary_difference,testimony,testimony,1824,1905,1828,1905,77,Some U.S. lawmakers said shutting down the investigation early would be a mistake,U.S. lawmakers said shutting down the investigation early would be a mistake,"t Trump was trying to obstruct the probe. “He’s fighting back,” she said. Trump’s personal lawyer, Rudy Giuliani, said Trump was expressing an opinion long espoused by his team. Some U.S. lawmakers said shutting down the investigation early would be a mistake. Trump also said that Mueller is “totally conflicted.” He provided no evidence that the team led by Mueller, a Republican who was appointed by a Republican, is biased against him",,
article_21,same_label_boundary_difference,anecdote,anecdote,3529,3656,3649,3656,7,U.S. intelligence agencies concluded last year that Moscow meddled in the 2016 campaign to try to tip the vote in Trump’s favor,s favor,"reported last week that Mueller’s office was examining negative tweets and statements by Trump about Sessions and former FBI Director James Comey. Trump fired Comey in May 2017. U.S. intelligence agencies concluded last year that Moscow meddled in the 2016 campaign to try to tip the vote in Trump’s favor. Moscow has denied such interference, and Trump has denied any collusion by his campaign or any obstruction of justice. Senator Dianne Feinstein, the top Democrat on the Judiciar",,
article_21,same_label_boundary_difference,assumption,assumption,2567,2733,2683,2692,9,"Mueller, a Republican and former FBI director who served a Republican and Democratic president, has broad support in Congress, where Republicans control both chambers",Congress,"ampaign and appointed Deputy Attorney General Rod Rosenstein to oversee the investigation. Rosenstein in turn appointed Mueller and is the person with the authority to fire him. Mueller, a Republican and former FBI director who served a Republican and Democratic president, has broad support in Congress, where Republicans control both chambers. Six Republican senators going into a vote on Wednesday disapproved of Trump’s tweet calling for an end to the probe. “They ought to let them conclude their work. What they’re d",,
article_21,same_label_boundary_difference,anecdote,anecdote,2318,2476,2326,2476,150,Sessions cited his role as a senior adviser to Trump’s presidential campaign and appointed Deputy Attorney General Rod Rosenstein to oversee the investigation,cited his role as a senior adviser to Trump’s presidential campaign and appointed Deputy Attorney General Rod Rosenstein to oversee the investigation,"fice, declined to comment on Trump’s Twitter post. A Justice Department spokeswoman said the department had no comment. Trump has steadily attacked Sessions for recusing himself. Sessions cited his role as a senior adviser to Trump’s presidential campaign and appointed Deputy Attorney General Rod Rosenstein to oversee the investigation. Rosenstein in turn appointed Mueller and is the person with the authority to fire him. Mueller, a Republican and former FBI director who served a Republican and Democratic pres",,
article_21,overlapping_different_label,assumption,anecdote,159,245,158,245,86,drawing a rebuke from his fellow Republicans in Congress who said the probe must go on,drawing a rebuke from his fellow Republicans in Congress who said the probe must go on,"WASHINGTON (Reuters) - U.S. President Donald Trump appealed to Attorney General Jeff Sessions to end an investigation into Russia’s role in the 2016 election, drawing a rebuke from his fellow Republicans in Congress who said the probe must go on. It was Trump’s most direct call for his top U.S. law enforcement officer to shut down Special Counsel Robert Mueller’s criminal investigation and Democrats promptly accused the",,
article_21,overlapping_different_label,anecdote,assumption,466,616,465,616,150,Trump’s remark coincided with the start of the trial this week of his former campaign chairman Paul Manafort on charges arising from Mueller’s inquiry,Trump’s remark coincided with the start of the trial this week of his former campaign chairman Paul Manafort on charges arising from Mueller’s inquiry,"is top U.S. law enforcement officer to shut down Special Counsel Robert Mueller’s criminal investigation and Democrats promptly accused the president of trying to obstruct justice. Trump’s remark coincided with the start of the trial this week of his former campaign chairman Paul Manafort on charges arising from Mueller’s inquiry. In a series of tweets, Trump called a “TOTAL HOAX” the idea his campaign worked with Moscow, which Mueller is examining. “This is a terrible situation and Attorney General Jeff",,
article_21,overlapping_different_label,testimony,assumption,4171,4360,4280,4360,80,Some legal analysts said Wednesday’s tweet alone was not enough to bring an obstruction of justice charge but it could be used to establish a pattern of conduct revealing Trump’s intentions,it could be used to establish a pattern of conduct revealing Trump’s intentions,"proved legislation to protect Mueller but Republican Senate leader Mitch McConnell said there was no need to advance the bill because he did not believe Trump would fire Mueller. Some legal analysts said Wednesday’s tweet alone was not enough to bring an obstruction of justice charge but it could be used to establish a pattern of conduct revealing Trump’s intentions. “It is a piece of evidence. It is part and parcel with the other 94 things the man has done that show obstruction of justice,” said Paul Rosenzweig, a former prosecutor who was",,
article_21,overlapping_different_label,anecdote,testimony,3658,3775,3675,3693,18,"Moscow has denied such interference, and Trump has denied any collusion by his campaign or any obstruction of justice",such interference,"ector James Comey. Trump fired Comey in May 2017. U.S. intelligence agencies concluded last year that Moscow meddled in the 2016 campaign to try to tip the vote in Trump’s favor. Moscow has denied such interference, and Trump has denied any collusion by his campaign or any obstruction of justice. Senator Dianne Feinstein, the top Democrat on the Judiciary Committee, said after Trump’s tweet, “It’s clear to me he’s very worried about it and he wants to prevent it any way",,
article_21,overlapping_different_label,anecdote,assumption,3217,3329,3312,3329,17,An element of Mueller’s investigation includes whether Trump or anyone in the campaign tried to obstruct justice,obstruct justice,"ly is in the public’s best interest,” said Senator John Thune. Senator Orrin Hatch said he did not think Sessions had the power to end the probe and it would be unwise to do so. An element of Mueller’s investigation includes whether Trump or anyone in the campaign tried to obstruct justice. The New York Times reported last week that Mueller’s office was examining negative tweets and statements by Trump about Sessions and former FBI Director James Comey. Trump fired",,
article_21,overlapping_different_label,anecdote,assumption,2479,2564,2479,2564,85,Rosenstein in turn appointed Mueller and is the person with the authority to fire him,Rosenstein in turn appointed Mueller and is the person with the authority to fire him,"recusing himself. Sessions cited his role as a senior adviser to Trump’s presidential campaign and appointed Deputy Attorney General Rod Rosenstein to oversee the investigation. Rosenstein in turn appointed Mueller and is the person with the authority to fire him. Mueller, a Republican and former FBI director who served a Republican and Democratic president, has broad support in Congress, where Republicans control both chambers. Six Repu",,
article_21,overlapping_different_label,anecdote,assumption,2259,2316,2259,2316,57,Trump has steadily attacked Sessions for recusing himself,Trump has steadily attacked Sessions for recusing himself,"st him. Peter Carr, spokesman for the special counsel’s office, declined to comment on Trump’s Twitter post. A Justice Department spokeswoman said the department had no comment. Trump has steadily attacked Sessions for recusing himself. Sessions cited his role as a senior adviser to Trump’s presidential campaign and appointed Deputy Attorney General Rod Rosenstein to oversee the investigation. Rosenstein in tur",,
article_21,overlapping_different_label,assumption,anecdote,2088,2187,2182,2187,5,"Peter Carr, spokesman for the special counsel’s office, declined to comment on Trump’s Twitter post",post,"Trump also said that Mueller is “totally conflicted.” He provided no evidence that the team led by Mueller, a Republican who was appointed by a Republican, is biased against him. Peter Carr, spokesman for the special counsel’s office, declined to comment on Trump’s Twitter post. A Justice Department spokeswoman said the department had no comment. Trump has steadily attacked Sessions for recusing himself. Sessions cited his role as a senior adviser to Tr",,
article_21,overlapping_different_label,anecdote,assumption,1962,2085,1961,2085,123,"He provided no evidence that the team led by Mueller, a Republican who was appointed by a Republican, is biased against him","He provided no evidence that the team led by Mueller, a Republican who was appointed by a Republican, is biased against him","ing an opinion long espoused by his team. Some U.S. lawmakers said shutting down the investigation early would be a mistake. Trump also said that Mueller is “totally conflicted.” He provided no evidence that the team led by Mueller, a Republican who was appointed by a Republican, is biased against him. Peter Carr, spokesman for the special counsel’s office, declined to comment on Trump’s Twitter post. A Justice Department spokeswoman said the department had no comment. Trump",,
article_21,overlapping_different_label,anecdote,testimony,1630,1684,1629,1684,54,She denied that Trump was trying to obstruct the probe,She denied that Trump was trying to obstruct the probe,"t Trump was expressing his frustration with the length of the probe. “It’s not an order. It’s the president’s opinion,” White House spokeswoman Sarah Sanders told a news briefing. She denied that Trump was trying to obstruct the probe. “He’s fighting back,” she said. Trump’s personal lawyer, Rudy Giuliani, said Trump was expressing an opinion long espoused by his team. Some U.S. lawmakers said shutting down t",,
article_21,overlapping_different_label,anecdote,assumption,1279,1379,1362,1379,17,Sessions recused himself from the investigation in March 2017 and does not have the power to stop it,power to stop it,"ong maligned Mueller and the investigation, his tweet on Wednesday was an extraordinary bid to try to influence the course of an inquiry hanging over his presidency. In any case, Sessions recused himself from the investigation in March 2017 and does not have the power to stop it. The White House said the tweet was not an order to Sessions and that Trump was expressing his frustration with the length of the probe. “It’s not an order. It’s the president’s",,
article_21,unmatched_gold_span,anecdote,,28,157,,,0,President Donald Trump appealed to Attorney General Jeff Sessions to end an investigation into Russia’s role in the 2016 election,,"WASHINGTON (Reuters) - U.S. President Donald Trump appealed to Attorney General Jeff Sessions to end an investigation into Russia’s role in the 2016 election, drawing a rebuke from his fellow Republicans in Congress who said the probe must go on. It was Trump’s most direct call for his top U.S. law enforcement officer to shut down Spe",,
article_21,unmatched_prediction,,anecdote,,,619,710,0,,"In a series of tweets, Trump called a “TOTAL HOAX” the idea his campaign worked with Moscow","rying to obstruct justice. Trump’s remark coincided with the start of the trial this week of his former campaign chairman Paul Manafort on charges arising from Mueller’s inquiry. In a series of tweets, Trump called a “TOTAL HOAX” the idea his campaign worked with Moscow, which Mueller is examining. “This is a terrible situation and Attorney General Jeff Sessions should stop this Rigged Witch Hunt right now, before it continues to stain our countr",,
article_21,unmatched_prediction,,anecdote,,,725,738,0,,is examining,"mpaign chairman Paul Manafort on charges arising from Mueller’s inquiry. In a series of tweets, Trump called a “TOTAL HOAX” the idea his campaign worked with Moscow, which Mueller is examining. “This is a terrible situation and Attorney General Jeff Sessions should stop this Rigged Witch Hunt right now, before it continues to stain our country any further,” he said. Si",,
article_21,unmatched_prediction,,assumption,,,1266,1272,0,,In any,"hile he has long maligned Mueller and the investigation, his tweet on Wednesday was an extraordinary bid to try to influence the course of an inquiry hanging over his presidency. In any case, Sessions recused himself from the investigation in March 2017 and does not have the power to stop it. The White House said the tweet was not an order to Sessions and that T",,
article_21,unmatched_prediction,,anecdote,,,2699,2733,0,,Republicans control both chambers,"is the person with the authority to fire him. Mueller, a Republican and former FBI director who served a Republican and Democratic president, has broad support in Congress, where Republicans control both chambers. Six Republican senators going into a vote on Wednesday disapproved of Trump’s tweet calling for an end to the probe. “They ought to let them conclude their work. What they’re d",,
article_21,unmatched_prediction,,assumption,,,3186,3214,0,,it would be unwise to do so,"hat or somehow shut it down early is in the public’s best interest,” said Senator John Thune. Senator Orrin Hatch said he did not think Sessions had the power to end the probe and it would be unwise to do so. An element of Mueller’s investigation includes whether Trump or anyone in the campaign tried to obstruct justice. The New York Times reported last week that Mueller’s office was",,
article_21,unmatched_prediction,,assumption,,,3767,3775,0,,justice,"meddled in the 2016 campaign to try to tip the vote in Trump’s favor. Moscow has denied such interference, and Trump has denied any collusion by his campaign or any obstruction of justice. Senator Dianne Feinstein, the top Democrat on the Judiciary Committee, said after Trump’s tweet, “It’s clear to me he’s very worried about it and he wants to prevent it any way",,
article_21,unmatched_prediction,,anecdote,,,4269,4276,0,,charge,no need to advance the bill because he did not believe Trump would fire Mueller. Some legal analysts said Wednesday’s tweet alone was not enough to bring an obstruction of justice charge but it could be used to establish a pattern of conduct revealing Trump’s intentions. “It is a piece of evidence. It is part and parcel with the other 94 things the man has done t,,
article_21,unmatched_prediction,,other,,,4833,4836,0,,Rep,", said the tweets would likely not be seen as an order to Sessions, but as “Trump venting his continued frustration with the fact that he can’t control the Russia investigation.” Reporting by Doina Chiacu and Susan Cornwell; Additional reporting by Karen Freifeld, Jan Wolfe and Susan Heavey; Editing by Frances Kerry, Mary Milliken and Grant McCool",,
article_21,unmatched_prediction,,anecdote,,,4854,4857,0,,iac,"ld likely not be seen as an order to Sessions, but as “Trump venting his continued frustration with the fact that he can’t control the Russia investigation.” Reporting by Doina Chiacu and Susan Cornwell; Additional reporting by Karen Freifeld, Jan Wolfe and Susan Heavey; Editing by Frances Kerry, Mary Milliken and Grant McCool",,
article_21,unmatched_prediction,,anecdote,,,4868,4877,0,,Cornwell,"be seen as an order to Sessions, but as “Trump venting his continued frustration with the fact that he can’t control the Russia investigation.” Reporting by Doina Chiacu and Susan Cornwell; Additional reporting by Karen Freifeld, Jan Wolfe and Susan Heavey; Editing by Frances Kerry, Mary Milliken and Grant McCool",,
article_21,unmatched_prediction,,anecdote,,,4941,4945,0,,avey,"tration with the fact that he can’t control the Russia investigation.” Reporting by Doina Chiacu and Susan Cornwell; Additional reporting by Karen Freifeld, Jan Wolfe and Susan Heavey; Editing by Frances Kerry, Mary Milliken and Grant McCool",,
article_21,unmatched_prediction,,anecdote,,,4946,4949,0,,Ed,"on with the fact that he can’t control the Russia investigation.” Reporting by Doina Chiacu and Susan Cornwell; Additional reporting by Karen Freifeld, Jan Wolfe and Susan Heavey; Editing by Frances Kerry, Mary Milliken and Grant McCool",,
article_21,unmatched_prediction,,other,,,4954,5003,0,,"by Frances Kerry, Mary Milliken and Grant McCool","the fact that he can’t control the Russia investigation.” Reporting by Doina Chiacu and Susan Cornwell; Additional reporting by Karen Freifeld, Jan Wolfe and Susan Heavey; Editing by Frances Kerry, Mary Milliken and Grant McCool",,
article_22,same_label_boundary_difference,testimony,testimony,14,255,232,255,23,"The hard work of Mexican law enforcement, the lure of Hollywood glitz and the fame of iconic actor Sean Penn helped drive the triumphant end to a six-month manhunt for the notorious Mexican drug lord dubbed ""El Chapo,"" Mexican officials said",Mexican officials said,"MEXICO CITY — The hard work of Mexican law enforcement, the lure of Hollywood glitz and the fame of iconic actor Sean Penn helped drive the triumphant end to a six-month manhunt for the notorious Mexican drug lord dubbed ""El Chapo,"" Mexican officials said. Now the lawyers take over, kicking off the legally arduous effort to extradite Joaquin Guzmán to the United States, where he faces trafficking charges dating as far back as 2009",,
article_22,same_label_boundary_difference,anecdote,anecdote,258,477,373,477,104,"Now the lawyers take over, kicking off the legally arduous effort to extradite Joaquin Guzmán to the United States, where he faces trafficking charges dating as far back as 2009 and a federal murder indictment from 2014",where he faces trafficking charges dating as far back as 2009 and a federal murder indictment from 2014,"glitz and the fame of iconic actor Sean Penn helped drive the triumphant end to a six-month manhunt for the notorious Mexican drug lord dubbed ""El Chapo,"" Mexican officials said. Now the lawyers take over, kicking off the legally arduous effort to extradite Joaquin Guzmán to the United States, where he faces trafficking charges dating as far back as 2009 and a federal murder indictment from 2014. On Sunday, authorities notified Guzman that he is wanted in the USA, beginning extradition proceedings. The first break in the manhunt came when Guzmán sought out producers and",,
article_22,same_label_boundary_difference,testimony,testimony,585,745,703,745,42,"The first break in the manhunt came when Guzmán sought out producers and actors for a biographical film about his life, Mexico Attorney General Arely Gomez said",", Mexico Attorney General Arely Gomez said","ges dating as far back as 2009 and a federal murder indictment from 2014. On Sunday, authorities notified Guzman that he is wanted in the USA, beginning extradition proceedings. The first break in the manhunt came when Guzmán sought out producers and actors for a biographical film about his life, Mexico Attorney General Arely Gomez said. It actually was Guzmán’s contacts with Penn that led authorities to a Guzmán hiding place in October, Reuters and other media outlets reported. Guzmán fled but ultimately was nab",,
article_22,same_label_boundary_difference,testimony,testimony,747,889,848,889,41,"It actually was Guzmán’s contacts with Penn that led authorities to a Guzmán hiding place in October, Reuters and other media outlets reported",Reuters and other media outlets reported,"ion proceedings. The first break in the manhunt came when Guzmán sought out producers and actors for a biographical film about his life, Mexico Attorney General Arely Gomez said. It actually was Guzmán’s contacts with Penn that led authorities to a Guzmán hiding place in October, Reuters and other media outlets reported. Guzmán fled but ultimately was nabbed Friday in Los Mochis, a Mexican coastal city of 250,000 in Guzmán's home state of Sinaloa. Rolling Stone magazine published an article late",,
article_22,same_label_boundary_difference,statistics,statistics,1296,1446,1435,1446,11,"El Chapo’s home town of Badiraguato in the rugged Sierra Madre Occidental is among the most marginalized in Mexico, according to government statistics",statistics,"y Award-winning actor tells of flying to Mexico with Mexican actress Kate del Castillo to meet with Guzmán. Penn lauds Guzmán in the story, calling him, “Robin Hood,” even though El Chapo’s home town of Badiraguato in the rugged Sierra Madre Occidental is among the most marginalized in Mexico, according to government statistics. The actor and activist described Guzmán's old-school style of doing business by writing, “El Chapo is a businessman first, and only resorts to violence when he deems it advantag",,
article_22,same_label_segmentation_difference,anecdote,anecdote,1671,1771,1671,1771,72,"El Chapo also coveted the drug-running route through Ciudad Juárez, which neighbors El Paso in Texas",El Chapo also coveted the drug-running route through Ciudad Juárez || Texas,"old-school style of doing business by writing, “El Chapo is a businessman first, and only resorts to violence when he deems it advantageous to himself or his business interests.” El Chapo also coveted the drug-running route through Ciudad Juárez, which neighbors El Paso in Texas. His attempts to control Ciudad Juárez contributed to the region's reputation as the murder capital of the world. “El Chapo sticks to an illicit game (drugs), proudly volunteerin",,
article_22,same_label_segmentation_difference,testimony,testimony,2121,2249,2170,2249,78,"But Guzmán shrugged off any blame for the world's drug epidemic, saying drugs would be supplied whether he ran the cartel or not",drug epidemic || saying drugs would be supplied whether he ran the cartel or not,"olunteering, ‘I supply more heroin, methamphetamine, cocaine and marijuana than anybody else in the world. I have a fleet of submarines, airplanes, trucks and boats,’” Penn wrote. But Guzmán shrugged off any blame for the world's drug epidemic, saying drugs would be supplied whether he ran the cartel or not. Penn said in the magazine that he raised the issue of billionaire presidential candidate Donald Trump in the visit, since news stories surfaced of Guzmán's putting a $100 millio",,
article_22,same_label_segmentation_difference,testimony,testimony,2252,2512,2252,2512,253,"Penn said in the magazine that he raised the issue of billionaire presidential candidate Donald Trump in the visit, since news stories surfaced of Guzmán's putting a $100 million bounty on Trump's head for the GOP candidate's unfavorable comments about Latinos",Penn said in the magazine that he raised the issue of billionaire presidential candidate Donald Trump in the visit || news stories surfaced of Guzmán's putting a $100 million bounty on Trump's head for the GOP candidate's unfavorable comments about Latinos,"ines, airplanes, trucks and boats,’” Penn wrote. But Guzmán shrugged off any blame for the world's drug epidemic, saying drugs would be supplied whether he ran the cartel or not. Penn said in the magazine that he raised the issue of billionaire presidential candidate Donald Trump in the visit, since news stories surfaced of Guzmán's putting a $100 million bounty on Trump's head for the GOP candidate's unfavorable comments about Latinos. El Chapo smiled and ironically said, ""Ah! Mi amigo!"" Penn recalled. Rolling Stone said Guzmán asked for permission to see the story prior to publication, but requested no chang",,
article_22,same_label_boundary_difference,testimony,testimony,3430,3487,3426,3487,57,Gomez said Saturday that the extradition effort had begun,But Gomez said Saturday that the extradition effort had begun,"or to his escape were denied. Then-attorney general Jesús Murillo Karam said Guzmán would go to the United States after serving his sentence in Mexico, in ""about 300, 400 years.” But Gomez said Saturday that the extradition effort had begun. It will be a complicated process. Mexico eliminated capital punishment more than a decade ago and normally won't extradite to countries seeking to execute a defendant. Guzmán co",,
article_22,same_label_segmentation_difference,testimony,testimony,3992,4077,3991,4077,84,"""They won't challenge everything at once. ... They can drip, drip, milk it that way.""","""They won't challenge everything at once || ... They can drip, drip, milk it that way.""","nge the judge, challenge the probable cause, challenge the procedure,"" Juan Masini, former U.S. Justice Department attache at the U.S. Embassy in Mexico, told the Associated Press. ""They won't challenge everything at once. ... They can drip, drip, milk it that way."" U.S. officials twice requested Guzmán’s extradition in July and August 2015 after he had slipped out of a maximum-security prison through an almost mile-long tunnel. Federal judg",,
article_22,same_label_segmentation_difference,anecdote,anecdote,4079,4243,4079,4243,164,U.S. officials twice requested Guzmán’s extradition in July and August 2015 after he had slipped out of a maximum-security prison through an almost mile-long tunnel,U.S. officials twice requested Guzmán’s extradition in July and August 2015 after || he had slipped out of a maximum-security prison through an almost mile-long tunnel,"er U.S. Justice Department attache at the U.S. Embassy in Mexico, told the Associated Press. ""They won't challenge everything at once. ... They can drip, drip, milk it that way."" U.S. officials twice requested Guzmán’s extradition in July and August 2015 after he had slipped out of a maximum-security prison through an almost mile-long tunnel. Federal judges accepted the requests and issued arrest warrants for the purpose of extradition. The capture of Guzmán was bloody. Mexican marines said in a statement that marine",,
article_22,same_label_segmentation_difference,anecdote,anecdote,4491,4572,4490,4572,77,"The assault team drew fire, and five suspects were killed and six others arrested","The assault team drew fire, || five suspects were killed and six others arrested","or the purpose of extradition. The capture of Guzmán was bloody. Mexican marines said in a statement that marines, acting on a tip, raided a home before dawn Friday in Los Mochis. The assault team drew fire, and five suspects were killed and six others arrested. One marine was wounded but did not sustain life-threatening injuries, the statement said. Gomez said Guzmán and his security chief, Ivan Gastelum, fled through storm drains and",,
article_22,same_label_boundary_difference,testimony,testimony,4665,4800,4782,4800,18,"Gomez said Guzmán and his security chief, Ivan Gastelum, fled through storm drains and tunnels before fleeing in cars they commandeered",they commandeered,"chis. The assault team drew fire, and five suspects were killed and six others arrested. One marine was wounded but did not sustain life-threatening injuries, the statement said. Gomez said Guzmán and his security chief, Ivan Gastelum, fled through storm drains and tunnels before fleeing in cars they commandeered. Marines pursued, and the duo was arrested on a highway a short time later. Guzmán was first captured in Guatemala in 1993. He was extradited to Mexico and was serving a 20-year",,
article_22,same_label_segmentation_difference,anecdote,anecdote,4802,4875,4801,4875,68,"Marines pursued, and the duo was arrested on a highway a short time later",Marines pursued || the duo was arrested on a highway a short time later,"-threatening injuries, the statement said. Gomez said Guzmán and his security chief, Ivan Gastelum, fled through storm drains and tunnels before fleeing in cars they commandeered. Marines pursued, and the duo was arrested on a highway a short time later. Guzmán was first captured in Guatemala in 1993. He was extradited to Mexico and was serving a 20-year sentence on drug-trafficking charges when he escaped in 2001. He was recapt",,
article_22,overlapping_different_label,testimony,anecdote,1021,1222,1021,1222,201,"Rolling Stone magazine published an article late Saturday, written by Penn, in which the Academy Award-winning actor tells of flying to Mexico with Mexican actress Kate del Castillo to meet with Guzmán","Rolling Stone magazine published an article late Saturday, written by Penn, in which the Academy Award-winning actor tells of flying to Mexico with Mexican actress Kate del Castillo to meet with Guzmán","ctober, Reuters and other media outlets reported. Guzmán fled but ultimately was nabbed Friday in Los Mochis, a Mexican coastal city of 250,000 in Guzmán's home state of Sinaloa. Rolling Stone magazine published an article late Saturday, written by Penn, in which the Academy Award-winning actor tells of flying to Mexico with Mexican actress Kate del Castillo to meet with Guzmán. Penn lauds Guzmán in the story, calling him, “Robin Hood,” even though El Chapo’s home town of Badiraguato in the rugged Sierra Madre Occidental is among the most marginalized i",,
article_22,overlapping_different_label,testimony,anecdote,1225,1283,1225,1255,30,"Penn lauds Guzmán in the story, calling him, “Robin Hood,”",Penn lauds Guzmán in the story,"ublished an article late Saturday, written by Penn, in which the Academy Award-winning actor tells of flying to Mexico with Mexican actress Kate del Castillo to meet with Guzmán. Penn lauds Guzmán in the story, calling him, “Robin Hood,” even though El Chapo’s home town of Badiraguato in the rugged Sierra Madre Occidental is among the most marginalized in Mexico, according to government statistics. The actor and",,
article_22,overlapping_different_label,testimony,anecdote,2704,2867,2703,2867,163,"In Mexico, Penn is drawing scrutiny, with the newspaper Reforma reporting that Penn and del Castillo were under investigation and would be asked to make statements","In Mexico, Penn is drawing scrutiny, with the newspaper Reforma reporting that Penn and del Castillo were under investigation and would be asked to make statements","smiled and ironically said, ""Ah! Mi amigo!"" Penn recalled. Rolling Stone said Guzmán asked for permission to see the story prior to publication, but requested no changes be made. In Mexico, Penn is drawing scrutiny, with the newspaper Reforma reporting that Penn and del Castillo were under investigation and would be asked to make statements. The newspaper cited sources in the Mexican attorney general's office. Guzmán made global headlines for his daring and elaborate escape from the infamous, maximum-security Altipl",,
article_22,overlapping_different_label,anecdote,assumption,2940,3118,2940,3118,178,"Guzmán made global headlines for his daring and elaborate escape from the infamous, maximum-security Altiplano prison 50 miles outside the city through an almost mile-long tunnel","Guzmán made global headlines for his daring and elaborate escape from the infamous, maximum-security Altiplano prison 50 miles outside the city through an almost mile-long tunnel","Reforma reporting that Penn and del Castillo were under investigation and would be asked to make statements. The newspaper cited sources in the Mexican attorney general's office. Guzmán made global headlines for his daring and elaborate escape from the infamous, maximum-security Altiplano prison 50 miles outside the city through an almost mile-long tunnel. Mexican officials had expressed little interest in extraditing Guzmán prior to his July escape. Extradition requests made prior to his escape were denied. Then-attorney general",,
article_22,overlapping_different_label,anecdote,assumption,3121,3215,3121,3215,94,Mexican officials had expressed little interest in extraditing Guzmán prior to his July escape,Mexican officials had expressed little interest in extraditing Guzmán prior to his July escape,"uzmán made global headlines for his daring and elaborate escape from the infamous, maximum-security Altiplano prison 50 miles outside the city through an almost mile-long tunnel. Mexican officials had expressed little interest in extraditing Guzmán prior to his July escape. Extradition requests made prior to his escape were denied. Then-attorney general Jesús Murillo Karam said Guzmán would go to the United States after serving his sentence in Mexic",,
article_22,overlapping_different_label,anecdote,assumption,3524,3656,3523,3656,132,Mexico eliminated capital punishment more than a decade ago and normally won't extradite to countries seeking to execute a defendant,Mexico eliminated capital punishment more than a decade ago and normally won't extradite to countries seeking to execute a defendant,"he United States after serving his sentence in Mexico, in ""about 300, 400 years.” But Gomez said Saturday that the extradition effort had begun. It will be a complicated process. Mexico eliminated capital punishment more than a decade ago and normally won't extradite to countries seeking to execute a defendant. Guzmán could face the death penalty for a U.S. murder indictment from September 2014. That is just one of several hurdles, experts say. ""They can challenge the judge, challenge",,
article_22,overlapping_different_label,testimony,assumption,3744,3792,3743,3792,48,"That is just one of several hurdles, experts say","That is just one of several hurdles, experts say","re than a decade ago and normally won't extradite to countries seeking to execute a defendant. Guzmán could face the death penalty for a U.S. murder indictment from September 2014. That is just one of several hurdles, experts say. ""They can challenge the judge, challenge the probable cause, challenge the procedure,"" Juan Masini, former U.S. Justice Department attache at the U.S. Embassy in Mexico, told th",,
article_22,overlapping_different_label,anecdote,assumption,4342,4374,4342,4374,32,The capture of Guzmán was bloody,The capture of Guzmán was bloody,"e had slipped out of a maximum-security prison through an almost mile-long tunnel. Federal judges accepted the requests and issued arrest warrants for the purpose of extradition. The capture of Guzmán was bloody. Mexican marines said in a statement that marines, acting on a tip, raided a home before dawn Friday in Los Mochis. The assault team drew fire, and five suspects were killed and s",,
article_22,overlapping_different_label,testimony,anecdote,4574,4662,4643,4662,19,"One marine was wounded but did not sustain life-threatening injuries, the statement said",the statement said,"id in a statement that marines, acting on a tip, raided a home before dawn Friday in Los Mochis. The assault team drew fire, and five suspects were killed and six others arrested. One marine was wounded but did not sustain life-threatening injuries, the statement said. Gomez said Guzmán and his security chief, Ivan Gastelum, fled through storm drains and tunnels before fleeing in cars they commandeered. Marines pursued, and the duo was arreste",,
article_22,unmatched_prediction,,anecdote,,,0,3,0,,MEX,"MEXICO CITY — The hard work of Mexican law enforcement, the lure of Hollywood glitz and the fame of iconic actor Sean Penn helped drive the triumphant end to a six-month manhunt for t",,
article_22,unmatched_prediction,,assumption,,,258,372,0,,"Now the lawyers take over, kicking off the legally arduous effort to extradite Joaquin Guzmán to the United States","glitz and the fame of iconic actor Sean Penn helped drive the triumphant end to a six-month manhunt for the notorious Mexican drug lord dubbed ""El Chapo,"" Mexican officials said. Now the lawyers take over, kicking off the legally arduous effort to extradite Joaquin Guzmán to the United States, where he faces trafficking charges dating as far back as 2009 and a federal murder indictment from 2014. On Sunday, authorities notified Guzman that he is wanted in the USA, beg",,
article_22,unmatched_prediction,,anecdote,,,1256,1283,0,,"calling him, “Robin Hood,”","ay, written by Penn, in which the Academy Award-winning actor tells of flying to Mexico with Mexican actress Kate del Castillo to meet with Guzmán. Penn lauds Guzmán in the story, calling him, “Robin Hood,” even though El Chapo’s home town of Badiraguato in the rugged Sierra Madre Occidental is among the most marginalized in Mexico, according to government statistics. The actor and",,
article_22,unmatched_prediction,,anecdote,,,5105,5132,0,,"Bacon reported from McLean,","He was extradited to Mexico and was serving a 20-year sentence on drug-trafficking charges when he escaped in 2001. He was recaptured at a Mexican beach resort in February 2014. Bacon reported from McLean, Va.",,
article_23,same_label_segmentation_difference,testimony,testimony,533,607,532,607,73,"""It is unforgivable. Extremism and Islam are completely different things.""","""It is unforgivable || Extremism and Islam are completely different things.""","leased, Japanese Prime Minister Shinzo Abe vowed to save the hostages. ""Their lives are the top priority,"" he said, speaking in Jerusalem during a six-day visit to the Middle East. ""It is unforgivable. Extremism and Islam are completely different things."" The video has been identified as being made by the Islamic State group's al-Furqan media arm and was posted on militant websites associated with the extremist group. The militan",,
article_23,same_label_boundary_difference,testimony,testimony,1700,1910,1824,1841,17,"Yasuhide Nakayama, a deputy foreign minister, will travel to Jordan to seek the country's support and to resolve the hostage crisis, Abe said.Japanese officials will analyze the video to verify its authenticity","crisis, Abe said","has 72 hours to pressure the government to pay the $200 million to save the hostages' lives. Abe and other Japanese officials declined to say whether they would make the payment. Yasuhide Nakayama, a deputy foreign minister, will travel to Jordan to seek the country's support and to resolve the hostage crisis, Abe said.Japanese officials will analyze the video to verify its authenticity. ""If true, the act of threat in exchange of people's lives is unforgivable and we feel strong indignation,"" Chief Cabinet Secretary Yoshihide Suga said in Tokyo. ""We will make ou",,
article_23,same_label_segmentation_difference,testimony,testimony,1913,2072,1913,2072,157,"""If true, the act of threat in exchange of people's lives is unforgivable and we feel strong indignation,"" Chief Cabinet Secretary Yoshihide Suga said in Tokyo",""" || true, the act of threat in exchange of people's lives is unforgivable and we feel strong indignation,"" Chief Cabinet Secretary Yoshihide Suga said in Tokyo","gn minister, will travel to Jordan to seek the country's support and to resolve the hostage crisis, Abe said.Japanese officials will analyze the video to verify its authenticity. ""If true, the act of threat in exchange of people's lives is unforgivable and we feel strong indignation,"" Chief Cabinet Secretary Yoshihide Suga said in Tokyo. ""We will make our utmost effort to win their release as soon as possible."" The U.S. State Department, in a statement, said the U.S. ""strongly condemns"" the threat by the Islamic",,
article_23,same_label_segmentation_difference,testimony,testimony,2354,2501,2353,2501,146,"""The United States is fully supportive of Japan in this matter. We stand in solidarity with Japan and are coordinating closely,"" the statement said","""The United States is fully supportive of Japan in this matter || We stand in solidarity with Japan and are coordinating closely,"" the statement said","nt, in a statement, said the U.S. ""strongly condemns"" the threat by the Islamic State militants ""to murder Japanese citizens,"" and called for the immediate release of all hostages. ""The United States is fully supportive of Japan in this matter. We stand in solidarity with Japan and are coordinating closely,"" the statement said. Yukawa, 42, a private military company operator, was kidnapped in Syria in August after going there to train with militants, according to a post on a blog he kept. Pictures on h",,
article_23,same_label_boundary_difference,testimony,testimony,2504,2666,2627,2666,39,"Yukawa, 42, a private military company operator, was kidnapped in Syria in August after going there to train with militants, according to a post on a blog he kept",", according to a post on a blog he kept","iate release of all hostages. ""The United States is fully supportive of Japan in this matter. We stand in solidarity with Japan and are coordinating closely,"" the statement said. Yukawa, 42, a private military company operator, was kidnapped in Syria in August after going there to train with militants, according to a post on a blog he kept. Pictures on his Facebook page show him in Iraq and Syria in July. One video on his page showed him holding a Kalashnikov assault rifle with the caption: ""Syria war in Aleppo 2014",,
article_23,same_label_segmentation_difference,anecdote,anecdote,3317,3562,3317,3562,244,"The Islamic State group, also known as ISIL or ISIS, has beheaded and shot dead hundreds of captives — mainly Syrian and Iraqi soldiers — during its sweep across the two countries, and has celebrated its mass killings in extremely graphic videos","The Islamic State group, also known as ISIL or ISIS, has beheaded and shot dead hundreds of captives — mainly Syrian and Iraqi soldiers — during its sweep across the two countries || and has celebrated its mass killings in extremely graphic videos","r last year. ""I'm in Syria for reporting,"" he wrote in an e-mail to an Associated Press journalist in October. ""I hope I can convey the atmosphere from where I am and share it."" The Islamic State group, also known as ISIL or ISIS, has beheaded and shot dead hundreds of captives — mainly Syrian and Iraqi soldiers — during its sweep across the two countries, and has celebrated its mass killings in extremely graphic videos. A British-accented jihadi has appeared in the beheading videos of slain American hostages James Foley and Steven Sotloff, and with British hostages David Haines and Alan Henning",,
article_23,same_label_segmentation_difference,anecdote,anecdote,3745,3958,3745,3958,213,"The militants continue to hold British photojournalist John Cantlie, who has appeared in other extremist propaganda videos, and a 26-year-old American woman captured last year in Syria while working for aid groups","The militants continue to hold British photojournalist John Cantlie, || who has appeared in other extremist propaganda videos, and a 26-year-old American woman captured last year in Syria while working for aid groups","A British-accented jihadi has appeared in the beheading videos of slain American hostages James Foley and Steven Sotloff, and with British hostages David Haines and Alan Henning. The militants continue to hold British photojournalist John Cantlie, who has appeared in other extremist propaganda videos, and a 26-year-old American woman captured last year in Syria while working for aid groups. U.S. officials have asked that the woman not be identified out of fears for her safety. The videos, threats and killings appear to be an attempt to thwart a U.S.-led coalition t",,
article_23,same_label_boundary_difference,anecdote,anecdote,4492,4666,4492,4572,80,"Recently, the militants released some 200 mostly elderly Yazidi hostages in Iraq, fueling speculation by Iraqi officials that the group didn't have the money to care for them","Recently, the militants released some 200 mostly elderly Yazidi hostages in Iraq","lling stolen oil likely has dropped as well in the wake of falling oil prices. The extremists have also made money from extortion, illicit businesses and other criminal activity. Recently, the militants released some 200 mostly elderly Yazidi hostages in Iraq, fueling speculation by Iraqi officials that the group didn't have the money to care for them. Last week, the group released a video purporting to show a child executing two men accused of being Russian spies who tried to infiltrate the militant organization in Syria. The",,
article_23,overlapping_different_label,anecdote,assumption,0,129,0,129,129,The Islamic State threatened to kill two Japanese hostages Tuesday unless the militants receive a $200 million ransom in 72 hours,The Islamic State threatened to kill two Japanese hostages Tuesday unless the militants receive a $200 million ransom in 72 hours,"The Islamic State threatened to kill two Japanese hostages Tuesday unless the militants receive a $200 million ransom in 72 hours. In a video posted online, a black-clad, masked man with a British accent is shown standing between two hostages in orange jumpsuits who are identified as Kenji Goto Jogo and Har",,
article_23,overlapping_different_label,testimony,anecdote,132,319,132,263,131,"In a video posted online, a black-clad, masked man with a British accent is shown standing between two hostages in orange jumpsuits who are identified as Kenji Goto Jogo and Haruna Yukawa","In a video posted online, a black-clad, masked man with a British accent is shown standing between two hostages in orange jumpsuits","The Islamic State threatened to kill two Japanese hostages Tuesday unless the militants receive a $200 million ransom in 72 hours. In a video posted online, a black-clad, masked man with a British accent is shown standing between two hostages in orange jumpsuits who are identified as Kenji Goto Jogo and Haruna Yukawa. Shortly after the video was released, Japanese Prime Minister Shinzo Abe vowed to save the hostages. ""Their lives are the top priority,"" he said, speaking in Jerusalem during a",,
article_23,overlapping_different_label,anecdote,assumption,1613,1697,1689,1697,8,Abe and other Japanese officials declined to say whether they would make the payment,payment,"another $100 million to train the (apostates)."" The militant says the Japanese public has 72 hours to pressure the government to pay the $200 million to save the hostages' lives. Abe and other Japanese officials declined to say whether they would make the payment. Yasuhide Nakayama, a deputy foreign minister, will travel to Jordan to seek the country's support and to resolve the hostage crisis, Abe said.Japanese officials will analyze the",,
article_23,overlapping_different_label,testimony,anecdote,2668,2732,2667,2732,64,Pictures on his Facebook page show him in Iraq and Syria in July,Pictures on his Facebook page show him in Iraq and Syria in July,"statement said. Yukawa, 42, a private military company operator, was kidnapped in Syria in August after going there to train with militants, according to a post on a blog he kept. Pictures on his Facebook page show him in Iraq and Syria in July. One video on his page showed him holding a Kalashnikov assault rifle with the caption: ""Syria war in Aleppo 2014."" ""I cannot identify the destination,"" Yukawa wrote in his last",,
article_23,overlapping_different_label,testimony,anecdote,2734,2848,2733,2848,114,"One video on his page showed him holding a Kalashnikov assault rifle with the caption: ""Syria war in Aleppo 2014.""","One video on his page showed him holding a Kalashnikov assault rifle with the caption: ""Syria war in Aleppo 2014.""","was kidnapped in Syria in August after going there to train with militants, according to a post on a blog he kept. Pictures on his Facebook page show him in Iraq and Syria in July. One video on his page showed him holding a Kalashnikov assault rifle with the caption: ""Syria war in Aleppo 2014."" ""I cannot identify the destination,"" Yukawa wrote in his last blog post. ""But the next one could be the most dangerous."" He added: ""I hope to film my fighting scenes during an up",,
article_23,overlapping_different_label,assumption,anecdote,3044,3148,3044,3148,104,"Goto, 47, is a respected Japanese freelance journalist who went to report on Syria's civil war last year","Goto, 47, is a respected Japanese freelance journalist who went to report on Syria's civil war last year","tify the destination,"" Yukawa wrote in his last blog post. ""But the next one could be the most dangerous."" He added: ""I hope to film my fighting scenes during an upcoming visit."" Goto, 47, is a respected Japanese freelance journalist who went to report on Syria's civil war last year. ""I'm in Syria for reporting,"" he wrote in an e-mail to an Associated Press journalist in October. ""I hope I can convey the atmosphere from where I am and share it."" The Islamic",,
article_23,overlapping_different_label,testimony,anecdote,3565,3742,3565,3742,177,"A British-accented jihadi has appeared in the beheading videos of slain American hostages James Foley and Steven Sotloff, and with British hostages David Haines and Alan Henning","A British-accented jihadi has appeared in the beheading videos of slain American hostages James Foley and Steven Sotloff, and with British hostages David Haines and Alan Henning","d shot dead hundreds of captives — mainly Syrian and Iraqi soldiers — during its sweep across the two countries, and has celebrated its mass killings in extremely graphic videos. A British-accented jihadi has appeared in the beheading videos of slain American hostages James Foley and Steven Sotloff, and with British hostages David Haines and Alan Henning. The militants continue to hold British photojournalist John Cantlie, who has appeared in other extremist propaganda videos, and a 26-year-old American woman captured last year i",,
article_23,overlapping_different_label,assumption,anecdote,4843,4932,4842,4932,89,"The authenticity of the video, released by SITE Monitoring Service, could not be verified","The authenticity of the video, released by SITE Monitoring Service, could not be verified","them. Last week, the group released a video purporting to show a child executing two men accused of being Russian spies who tried to infiltrate the militant organization in Syria. The authenticity of the video, released by SITE Monitoring Service, could not be verified. Contributing: The Associated Press",,
article_23,unmatched_gold_span,testimony,,776,944,,,0,"The militant, who demands $100 million for each hostage, says the Japanese government has made the ""foolish"" decision to provide $200 million to fight the Islamic State",,"nt things."" The video has been identified as being made by the Islamic State group's al-Furqan media arm and was posted on militant websites associated with the extremist group. The militant, who demands $100 million for each hostage, says the Japanese government has made the ""foolish"" decision to provide $200 million to fight the Islamic State, likely referring to money Abe pledged to help Iraq's government and aid Syrian refugees. ""To the prime minister of Japan: Although you are more than 8,000 and 500 kilometers (5,",,
article_23,unmatched_prediction,,anecdote,,,263,319,0,,who are identified as Kenji Goto Jogo and Haruna Yukawa,"ants receive a $200 million ransom in 72 hours. In a video posted online, a black-clad, masked man with a British accent is shown standing between two hostages in orange jumpsuits who are identified as Kenji Goto Jogo and Haruna Yukawa. Shortly after the video was released, Japanese Prime Minister Shinzo Abe vowed to save the hostages. ""Their lives are the top priority,"" he said, speaking in Jerusalem during a",,
article_23,unmatched_prediction,,anecdote,,,1842,1910,0,,Japanese officials will analyze the video to verify its authenticity,"whether they would make the payment. Yasuhide Nakayama, a deputy foreign minister, will travel to Jordan to seek the country's support and to resolve the hostage crisis, Abe said.Japanese officials will analyze the video to verify its authenticity. ""If true, the act of threat in exchange of people's lives is unforgivable and we feel strong indignation,"" Chief Cabinet Secretary Yoshihide Suga said in Tokyo. ""We will make ou",,
article_23,unmatched_prediction,,assumption,,,4573,4666,0,,fueling speculation by Iraqi officials that the group didn't have the money to care for them,"e extremists have also made money from extortion, illicit businesses and other criminal activity. Recently, the militants released some 200 mostly elderly Yazidi hostages in Iraq, fueling speculation by Iraqi officials that the group didn't have the money to care for them. Last week, the group released a video purporting to show a child executing two men accused of being Russian spies who tried to infiltrate the militant organization in Syria. The",,
article_23,unmatched_prediction,,other,,,4952,4969,0,,Associated Press,"sian spies who tried to infiltrate the militant organization in Syria. The authenticity of the video, released by SITE Monitoring Service, could not be verified. Contributing: The Associated Press",,
article_24,same_label_boundary_difference,testimony,testimony,96,154,97,154,57,Aides and advisers say he likes them for different reasons,ides and advisers say he likes them for different reasons,"WASHINGTON – President Donald Trump says he likes all of his potential Supreme Court nominees. Aides and advisers say he likes them for different reasons. As Trump approaches Monday's announcement of his nominee to replace Justice Anthony Kennedy, aides and advisers say the president is weighing different factors for different can",,
article_24,same_label_boundary_difference,testimony,testimony,157,341,165,341,176,"As Trump approaches Monday's announcement of his nominee to replace Justice Anthony Kennedy, aides and advisers say the president is weighing different factors for different candidates","approaches Monday's announcement of his nominee to replace Justice Anthony Kennedy, aides and advisers say the president is weighing different factors for different candidates","WASHINGTON – President Donald Trump says he likes all of his potential Supreme Court nominees. Aides and advisers say he likes them for different reasons. As Trump approaches Monday's announcement of his nominee to replace Justice Anthony Kennedy, aides and advisers say the president is weighing different factors for different candidates. Perhaps the biggest factor: The degree of difficulty for Senate confirmation. ""He needs to produce a nominee who is hard to criticize on objective grounds,"" says David Lat, fou",,
article_24,same_label_boundary_difference,assumption,assumption,344,420,351,420,69,Perhaps the biggest factor: The degree of difficulty for Senate confirmation,the biggest factor: The degree of difficulty for Senate confirmation,"p approaches Monday's announcement of his nominee to replace Justice Anthony Kennedy, aides and advisers say the president is weighing different factors for different candidates. Perhaps the biggest factor: The degree of difficulty for Senate confirmation. ""He needs to produce a nominee who is hard to criticize on objective grounds,"" says David Lat, founder of the legal website Above The Law, who is in contact with officials invol",,
article_24,same_label_boundary_difference,testimony,testimony,423,618,423,560,137,"""He needs to produce a nominee who is hard to criticize on objective grounds,"" says David Lat, founder of the legal website Above The Law, who is in contact with officials involved in the process","""He needs to produce a nominee who is hard to criticize on objective grounds,"" says David Lat, founder of the legal website Above The Law","nnedy, aides and advisers say the president is weighing different factors for different candidates. Perhaps the biggest factor: The degree of difficulty for Senate confirmation. ""He needs to produce a nominee who is hard to criticize on objective grounds,"" says David Lat, founder of the legal website Above The Law, who is in contact with officials involved in the process. Here's a scorecard of pluses and minuses for the people on the president's short list: Brett Kavanaugh of Maryland, 53, U.S. Court of Appeals for the District of Columbia Circu",,
article_24,same_label_segmentation_difference,assumption,assumption,1048,1215,1047,1215,166,"Whip-smart and popular with the Federalist Society set, he has a long record of opinions and dissents that leaves little for Trump or Senate Republicans to worry about",Whip-smart and popular with the Federalist Society set || he has a long record of opinions and dissents that leaves little for Trump or Senate Republicans to worry about,"urt by Trump last year, he is out of conservative central casting. A Yale Law graduate to Gorsuch's Harvard, they served together as law clerks to retiring Justice Anthony Kennedy. Whip-smart and popular with the Federalist Society set, he has a long record of opinions and dissents that leaves little for Trump or Senate Republicans to worry about. Minuses: That long record will give opponents much to work with. His mild dissent in a case upholding the Affordable Care Act's individual mandate left room for conservatives as",,
article_24,same_label_segmentation_difference,assumption,assumption,1722,1891,1721,1891,168,"She rocketed to the top of Trump's list with a stellar performance during her confirmation last fall, when Democrats cited her deep Catholic faith as a potential problem",She rocketed to the top of Trump's list with a stellar performance during her confirmation last fall || when Democrats cited her deep Catholic faith as a potential problem,"nd Democrats. His work in the George W. Bush administration also could come back to haunt him. Amy Coney Barrett of Indiana, 46, U.S. Court of Appeals for the 7th Circuit Pluses: She rocketed to the top of Trump's list with a stellar performance during her confirmation last fall, when Democrats cited her deep Catholic faith as a potential problem. The mother of seven children, including two from Haiti and one with special needs, she offers the imagery Trump craves. Being a woman may box in Democrats. Being from Indiana may",,
article_24,same_label_boundary_difference,assumption,assumption,1976,2011,1892,2011,35,she offers the imagery Trump craves,"The mother of seven children, including two from Haiti and one with special needs, she offers the imagery Trump craves","Pluses: She rocketed to the top of Trump's list with a stellar performance during her confirmation last fall, when Democrats cited her deep Catholic faith as a potential problem. The mother of seven children, including two from Haiti and one with special needs, she offers the imagery Trump craves. Being a woman may box in Democrats. Being from Indiana may box in moderate Democratic Sen. Joe Donnelly, who faces a tough re-election campaign. Being the youngest on Trump's lis",,
article_24,same_label_segmentation_difference,assumption,assumption,2049,2156,2048,2156,106,"Being from Indiana may box in moderate Democratic Sen. Joe Donnelly, who faces a tough re-election campaign",Being from Indiana may box in moderate Democratic Sen. Joe Donnelly || who faces a tough re-election campaign,"as a potential problem. The mother of seven children, including two from Haiti and one with special needs, she offers the imagery Trump craves. Being a woman may box in Democrats. Being from Indiana may box in moderate Democratic Sen. Joe Donnelly, who faces a tough re-election campaign. Being the youngest on Trump's list buys more years on the court. And degrees from Notre Dame, where she taught for two decades, can't hurt. Minuses: She has served as a judge fo",,
article_24,same_label_boundary_difference,anecdote,anecdote,2308,2355,2311,2355,44,She has served as a judge for just eight months,has served as a judge for just eight months,"a tough re-election campaign. Being the youngest on Trump's list buys more years on the court. And degrees from Notre Dame, where she taught for two decades, can't hurt. Minuses: She has served as a judge for just eight months, which gives her the least experience of any of the potential nominees. She has written that Supreme Court precedents are not sacrosanct, which liberals have interpreted as a thre",,
article_24,same_label_boundary_difference,anecdote,anecdote,2428,2492,2488,2492,4,She has written that Supreme Court precedents are not sacrosanct,anct,"me, where she taught for two decades, can't hurt. Minuses: She has served as a judge for just eight months, which gives her the least experience of any of the potential nominees. She has written that Supreme Court precedents are not sacrosanct, which liberals have interpreted as a threat to the 1973 Roe v. Wade decision legalizing abortion nationwide. Raymond Kethledge of Michigan, 51, U.S. Court of Appeals for the 6th",,
article_24,same_label_segmentation_difference,anecdote,anecdote,3230,3357,3229,3357,126,"Though major cases on Obamacare and same-sex marriage came through his circuit, he did not serve on the panels considering them",Though major cases on Obamacare and same-sex marriage came through his circuit || he did not serve on the panels considering them,"he often does from a remote, Internet-free cabin. Minuses: Despite a decade on the appeals court, his record is thin in several areas of the law, which worries some conservatives. Though major cases on Obamacare and same-sex marriage came through his circuit, he did not serve on the panels considering them. His 2016 ruling that cellphone users do not have a reasonable expectation of privacy in their location records was overturned at the Supreme Court this term. Amul Thapar of Kent",,
article_24,same_label_segmentation_difference,anecdote,anecdote,3894,3980,3893,3980,78,"he often was designated to sit on appellate court panels, giving him needed experience",he often was designated to sit on appellate court panels || him needed experience,"eader Mitch McConnell, a fellow Kentuckian. He would be the first Indian American on the court, and among few in history to have trial experience on a district court. Nevertheless, he often was designated to sit on appellate court panels, giving him needed experience. He is a strong writer. Minuses: He has served on the appeals court for little more than a year and has yet to rule on most controversial topics, giving conservatives little proo",,
article_24,same_label_segmentation_difference,assumption,assumption,4271,4342,4270,4342,70,"He was the runner-up to Gorsuch in 2017, giving him instant credibility",He was the runner-up to Gorsuch in 2017 || giving him instant credibility,"to rule on most controversial topics, giving conservatives little proof of his convictions. Thomas Hardiman of Pennsylvania, 52, U.S. Court of Appeals for the 3rd Circuit Pluses: He was the runner-up to Gorsuch in 2017, giving him instant credibility. He's a law-and-order conservative in the mold of Associate Justice Samuel Alito, who came from the same appeals court. Maryanne Trump Barry, the president's sister, served with h",,
article_24,same_label_boundary_difference,assumption,assumption,4344,4461,4343,4423,79,"He's a law-and-order conservative in the mold of Associate Justice Samuel Alito, who came from the same appeals court",He's a law-and-order conservative in the mold of Associate Justice Samuel Alito,"f his convictions. Thomas Hardiman of Pennsylvania, 52, U.S. Court of Appeals for the 3rd Circuit Pluses: He was the runner-up to Gorsuch in 2017, giving him instant credibility. He's a law-and-order conservative in the mold of Associate Justice Samuel Alito, who came from the same appeals court. Maryanne Trump Barry, the president's sister, served with him until her retirement. He drove a taxi to get through law school, and his degrees from Notre Dame and Georgetown give",,
article_24,same_label_segmentation_difference,assumption,assumption,4783,4925,4782,4925,142,"He is not known as a great legal theorist like Kavanaugh, nor is he a ""feeder judge"" whose law clerks are snapped up by Supreme Court justices","He is not known as a great legal theorist like Kavanaugh, nor is he a ""feeder judge"" || whose law clerks are snapped up by Supreme Court justices","ees from Notre Dame and Georgetown give him a non-Ivy League appeal. Minuses: His star appears to be fading. A limited paper trail on the appeals court worries some conservatives. He is not known as a great legal theorist like Kavanaugh, nor is he a ""feeder judge"" whose law clerks are snapped up by Supreme Court justices. While Kavanaugh has sent 41 clerks there, Hardiman has sent none.",,
article_24,same_label_segmentation_difference,anecdote,anecdote,4927,4991,4932,4991,58,"While Kavanaugh has sent 41 clerks there, Hardiman has sent none",Kavanaugh has sent 41 clerks there || Hardiman has sent none,"s court worries some conservatives. He is not known as a great legal theorist like Kavanaugh, nor is he a ""feeder judge"" whose law clerks are snapped up by Supreme Court justices. While Kavanaugh has sent 41 clerks there, Hardiman has sent none.",,
article_24,overlapping_different_label,anecdote,assumption,810,932,809,889,79,"Like Associate Justice Neil Gorsuch, named to the high court by Trump last year, he is out of conservative central casting","Like Associate Justice Neil Gorsuch, named to the high court by Trump last year","scorecard of pluses and minuses for the people on the president's short list: Brett Kavanaugh of Maryland, 53, U.S. Court of Appeals for the District of Columbia Circuit Pluses: Like Associate Justice Neil Gorsuch, named to the high court by Trump last year, he is out of conservative central casting. A Yale Law graduate to Gorsuch's Harvard, they served together as law clerks to retiring Justice Anthony Kennedy. Whip-smart and popular with the Federalist Society set, he has a",,
article_24,overlapping_different_label,anecdote,assumption,2992,3097,3042,3097,55,"He's known for his attention to detail in writing, which he often does from a remote, Internet-free cabin","which he often does from a remote, Internet-free cabin","nservatives. A finalist for the job last year, he emerged with Kavanaugh as a leading contender for the next opening. Like Gorsuch and Kavanaugh, he is a former Kennedy law clerk. He's known for his attention to detail in writing, which he often does from a remote, Internet-free cabin. Minuses: Despite a decade on the appeals court, his record is thin in several areas of the law, which worries some conservatives. Though major cases on Obamacare and same-sex ma",,
article_24,overlapping_different_label,anecdote,assumption,3109,3194,3108,3194,85,"Despite a decade on the appeals court, his record is thin in several areas of the law","Despite a decade on the appeals court, his record is thin in several areas of the law",". Like Gorsuch and Kavanaugh, he is a former Kennedy law clerk. He's known for his attention to detail in writing, which he often does from a remote, Internet-free cabin. Minuses: Despite a decade on the appeals court, his record is thin in several areas of the law, which worries some conservatives. Though major cases on Obamacare and same-sex marriage came through his circuit, he did not serve on the panels considering them. His 2016 ruling",,
article_24,overlapping_different_label,assumption,anecdote,3667,3755,3670,3755,85,"His guardian angel in the Senate is Majority Leader Mitch McConnell, a fellow Kentuckian","guardian angel in the Senate is Majority Leader Mitch McConnell, a fellow Kentuckian","the Supreme Court this term. Amul Thapar of Kentucky, 49, U.S. Court of Appeals for the 6th Circuit Pluses: After Gorsuch, he was Trump's first federal court nominee last year. His guardian angel in the Senate is Majority Leader Mitch McConnell, a fellow Kentuckian. He would be the first Indian American on the court, and among few in history to have trial experience on a district court. Nevertheless, he often was designated to sit on appella",,
article_24,overlapping_different_label,anecdote,assumption,3757,3878,3756,3878,121,"He would be the first Indian American on the court, and among few in history to have trial experience on a district court","He would be the first Indian American on the court, and among few in history to have trial experience on a district court","6th Circuit Pluses: After Gorsuch, he was Trump's first federal court nominee last year. His guardian angel in the Senate is Majority Leader Mitch McConnell, a fellow Kentuckian. He would be the first Indian American on the court, and among few in history to have trial experience on a district court. Nevertheless, he often was designated to sit on appellate court panels, giving him needed experience. He is a strong writer. Minuses: He has served on the appeals court for litt",,
article_24,overlapping_different_label,anecdote,assumption,3982,4003,3981,4003,21,He is a strong writer,He is a strong writer,"court, and among few in history to have trial experience on a district court. Nevertheless, he often was designated to sit on appellate court panels, giving him needed experience. He is a strong writer. Minuses: He has served on the appeals court for little more than a year and has yet to rule on most controversial topics, giving conservatives little proof of his convictions.",,
article_24,overlapping_different_label,anecdote,assumption,4015,4126,4014,4180,111,He has served on the appeals court for little more than a year and has yet to rule on most controversial topics,"He has served on the appeals court for little more than a year and has yet to rule on most controversial topics, giving conservatives little proof of his convictions","to have trial experience on a district court. Nevertheless, he often was designated to sit on appellate court panels, giving him needed experience. He is a strong writer. Minuses: He has served on the appeals court for little more than a year and has yet to rule on most controversial topics, giving conservatives little proof of his convictions. Thomas Hardiman of Pennsylvania, 52, U.S. Court of Appeals for the 3rd Circuit Pluses: He was the runner-up to Gorsuch in 2017, giving him instant credibility. He's a law-and-o",,
article_24,unmatched_gold_span,other,,621,706,,,0,Here's a scorecard of pluses and minuses for the people on the president's short list,,"ce a nominee who is hard to criticize on objective grounds,"" says David Lat, founder of the legal website Above The Law, who is in contact with officials involved in the process. Here's a scorecard of pluses and minuses for the people on the president's short list: Brett Kavanaugh of Maryland, 53, U.S. Court of Appeals for the District of Columbia Circuit Pluses: Like Associate Justice Neil Gorsuch, named to the high court by Trump last y",,
article_24,unmatched_gold_span,anecdote,,1893,1974,,,0,"The mother of seven children, including two from Haiti and one with special needs",,"Pluses: She rocketed to the top of Trump's list with a stellar performance during her confirmation last fall, when Democrats cited her deep Catholic faith as a potential problem. The mother of seven children, including two from Haiti and one with special needs, she offers the imagery Trump craves. Being a woman may box in Democrats. Being from Indiana may box in moderate Democratic Sen. Joe Donnelly, who faces a tough re-election campai",,
article_24,unmatched_prediction,,assumption,,,561,618,0,,who is in contact with officials involved in the process,"e of difficulty for Senate confirmation. ""He needs to produce a nominee who is hard to criticize on objective grounds,"" says David Lat, founder of the legal website Above The Law, who is in contact with officials involved in the process. Here's a scorecard of pluses and minuses for the people on the president's short list: Brett Kavanaugh of Maryland, 53, U.S. Court of Appeals for the District of Columbia Circu",,
article_24,unmatched_prediction,,anecdote,,,727,736,0,,Maryland,"Above The Law, who is in contact with officials involved in the process. Here's a scorecard of pluses and minuses for the people on the president's short list: Brett Kavanaugh of Maryland, 53, U.S. Court of Appeals for the District of Columbia Circuit Pluses: Like Associate Justice Neil Gorsuch, named to the high court by Trump last year, he is out of conservative",,
article_24,unmatched_prediction,,anecdote,,,741,743,0,,U,"who is in contact with officials involved in the process. Here's a scorecard of pluses and minuses for the people on the president's short list: Brett Kavanaugh of Maryland, 53, U.S. Court of Appeals for the District of Columbia Circuit Pluses: Like Associate Justice Neil Gorsuch, named to the high court by Trump last year, he is out of conservative centra",,
article_24,unmatched_prediction,,anecdote,,,744,752,0,,S. Court,"o is in contact with officials involved in the process. Here's a scorecard of pluses and minuses for the people on the president's short list: Brett Kavanaugh of Maryland, 53, U.S. Court of Appeals for the District of Columbia Circuit Pluses: Like Associate Justice Neil Gorsuch, named to the high court by Trump last year, he is out of conservative central casting",,
article_24,unmatched_prediction,,anecdote,,,755,767,0,,Appeals for,"tact with officials involved in the process. Here's a scorecard of pluses and minuses for the people on the president's short list: Brett Kavanaugh of Maryland, 53, U.S. Court of Appeals for the District of Columbia Circuit Pluses: Like Associate Justice Neil Gorsuch, named to the high court by Trump last year, he is out of conservative central casting. A Yale Law gr",,
article_24,unmatched_prediction,,anecdote,,,771,792,0,,District of Columbia,"als involved in the process. Here's a scorecard of pluses and minuses for the people on the president's short list: Brett Kavanaugh of Maryland, 53, U.S. Court of Appeals for the District of Columbia Circuit Pluses: Like Associate Justice Neil Gorsuch, named to the high court by Trump last year, he is out of conservative central casting. A Yale Law graduate to Gorsuch's Harva",,
article_24,unmatched_prediction,,assumption,,,890,932,0,,he is out of conservative central casting,"rett Kavanaugh of Maryland, 53, U.S. Court of Appeals for the District of Columbia Circuit Pluses: Like Associate Justice Neil Gorsuch, named to the high court by Trump last year, he is out of conservative central casting. A Yale Law graduate to Gorsuch's Harvard, they served together as law clerks to retiring Justice Anthony Kennedy. Whip-smart and popular with the Federalist Society set, he has a",,
article_24,unmatched_prediction,,anecdote,,,1646,1665,0,,Barrett of Indiana,"free from lawsuits and investigations likely pleases Trump but will confound Democrats. His work in the George W. Bush administration also could come back to haunt him. Amy Coney Barrett of Indiana, 46, U.S. Court of Appeals for the 7th Circuit Pluses: She rocketed to the top of Trump's list with a stellar performance during her confirmation last fall, when Democrats cited",,
article_24,unmatched_prediction,,anecdote,,,1670,1712,0,,U.S. Court of Appeals for the 7th Circuit,"investigations likely pleases Trump but will confound Democrats. His work in the George W. Bush administration also could come back to haunt him. Amy Coney Barrett of Indiana, 46, U.S. Court of Appeals for the 7th Circuit Pluses: She rocketed to the top of Trump's list with a stellar performance during her confirmation last fall, when Democrats cited her deep Catholic faith as a potential problem.",,
article_24,unmatched_prediction,,anecdote,,,2613,2616,0,,eth,"as written that Supreme Court precedents are not sacrosanct, which liberals have interpreted as a threat to the 1973 Roe v. Wade decision legalizing abortion nationwide. Raymond Kethledge of Michigan, 51, U.S. Court of Appeals for the 6th Circuit Pluses: His strong adherence to textualism and originalism, the twin tenets that drove the late Justice Antonin Sc",,
article_24,unmatched_prediction,,anecdote,,,2624,2633,0,,Michigan,"that Supreme Court precedents are not sacrosanct, which liberals have interpreted as a threat to the 1973 Roe v. Wade decision legalizing abortion nationwide. Raymond Kethledge of Michigan, 51, U.S. Court of Appeals for the 6th Circuit Pluses: His strong adherence to textualism and originalism, the twin tenets that drove the late Justice Antonin Scalia, pleases con",,
article_24,unmatched_prediction,,anecdote,,,2668,2680,0,,6th Circuit,"anct, which liberals have interpreted as a threat to the 1973 Roe v. Wade decision legalizing abortion nationwide. Raymond Kethledge of Michigan, 51, U.S. Court of Appeals for the 6th Circuit Pluses: His strong adherence to textualism and originalism, the twin tenets that drove the late Justice Antonin Scalia, pleases conservatives. A finalist for the job last year, h",,
article_24,unmatched_prediction,,assumption,,,2991,3041,0,,He's known for his attention to detail in writing,"onservatives. A finalist for the job last year, he emerged with Kavanaugh as a leading contender for the next opening. Like Gorsuch and Kavanaugh, he is a former Kennedy law clerk. He's known for his attention to detail in writing, which he often does from a remote, Internet-free cabin. Minuses: Despite a decade on the appeals court, his record is thin in several areas of the law, which worries some conser",,
article_24,unmatched_prediction,,anecdote,,,3546,3588,0,,U.S. Court of Appeals for the 6th Circuit,"6 ruling that cellphone users do not have a reasonable expectation of privacy in their location records was overturned at the Supreme Court this term. Amul Thapar of Kentucky, 49, U.S. Court of Appeals for the 6th Circuit Pluses: After Gorsuch, he was Trump's first federal court nominee last year. His guardian angel in the Senate is Majority Leader Mitch McConnell, a fellow Kentuckian. He would be",,
article_24,unmatched_prediction,,anecdote,,,3879,3892,0,,Nevertheless,"is Majority Leader Mitch McConnell, a fellow Kentuckian. He would be the first Indian American on the court, and among few in history to have trial experience on a district court. Nevertheless, he often was designated to sit on appellate court panels, giving him needed experience. He is a strong writer. Minuses: He has served on the appeals court for little more than a",,
article_24,unmatched_prediction,,anecdote,,,4219,4221,0,,U,"eals court for little more than a year and has yet to rule on most controversial topics, giving conservatives little proof of his convictions. Thomas Hardiman of Pennsylvania, 52, U.S. Court of Appeals for the 3rd Circuit Pluses: He was the runner-up to Gorsuch in 2017, giving him instant credibility. He's a law-and-order conservative in the mold of Associat",,
article_24,unmatched_prediction,,anecdote,,,4222,4261,0,,S. Court of Appeals for the 3rd Circuit,"s court for little more than a year and has yet to rule on most controversial topics, giving conservatives little proof of his convictions. Thomas Hardiman of Pennsylvania, 52, U.S. Court of Appeals for the 3rd Circuit Pluses: He was the runner-up to Gorsuch in 2017, giving him instant credibility. He's a law-and-order conservative in the mold of Associate Justice Samuel Alito, who came from th",,
article_24,unmatched_prediction,,anecdote,,,4424,4461,0,,who came from the same appeals court,"r the 3rd Circuit Pluses: He was the runner-up to Gorsuch in 2017, giving him instant credibility. He's a law-and-order conservative in the mold of Associate Justice Samuel Alito, who came from the same appeals court. Maryanne Trump Barry, the president's sister, served with him until her retirement. He drove a taxi to get through law school, and his degrees from Notre Dame and Georgetown give",,
article_25,same_label_boundary_difference,anecdote,anecdote,772,880,748,880,108,a bomb scare forced Paris to evacuate its busy Gare de l'Est train station during Friday morning's rush hour,"Highlighting the fears, a bomb scare forced Paris to evacuate its busy Gare de l'Est train station during Friday morning's rush hour","iling terror attacks has become ""extremely difficult"" because Europe's 2,500-5,000 radicalized Muslim extremists have little command structure and are increasingly sophisticated. Highlighting the fears, a bomb scare forced Paris to evacuate its busy Gare de l'Est train station during Friday morning's rush hour. No bomb was found. Visiting a scarred Paris on Friday, US Secretary of State John Kerry met French President Francois Hollande and visited the sites of the attacks last week on",,
article_25,same_label_boundary_difference,testimony,testimony,1981,2102,2058,2102,44,"Belgian authorities did not give details of the people detained or even those killed, but said most were Belgian citizens","killed, but said most were Belgian citizens","litary-style weapons including Kalashnikov assault rifles in more than a dozen raids, Mr. Van der Sypt said. ""I cannot confirm that we arrested everyone in this group,"" he said. Belgian authorities did not give details of the people detained or even those killed, but said most were Belgian citizens. Belgian authorities stressed that the targets of their crackdown had no known connections to last week's attacks in neighboring France. Belgium has seen a particularly large nu",,
article_25,same_label_boundary_difference,testimony,testimony,2330,2489,2242,2489,159,"""the worst affected country in Europe relative to population size,"" said Peter Neumann of the London-based International Center for the Study of Radicalization","Belgium has seen a particularly large number of people join extremists in Syria, and is ""the worst affected country in Europe relative to population size,"" said Peter Neumann of the London-based International Center for the Study of Radicalization","led, but said most were Belgian citizens. Belgian authorities stressed that the targets of their crackdown had no known connections to last week's attacks in neighboring France. Belgium has seen a particularly large number of people join extremists in Syria, and is ""the worst affected country in Europe relative to population size,"" said Peter Neumann of the London-based International Center for the Study of Radicalization. He estimates 450 people have left Belgium to fight with Islamic radical groups in Syria, and that 150 of them have returned home. Across Europe, anxiety has grown as the hunt co",,
article_25,same_label_segmentation_difference,assumption,assumption,2622,2728,2622,2728,106,"Across Europe, anxiety has grown as the hunt continues for potential accomplices of the three Paris gunmen","Across Europe, anxiety has grown as || the hunt continues for potential accomplices of the three Paris gunmen","national Center for the Study of Radicalization. He estimates 450 people have left Belgium to fight with Islamic radical groups in Syria, and that 150 of them have returned home. Across Europe, anxiety has grown as the hunt continues for potential accomplices of the three Paris gunmen. The Paris prosecutor's office said at least 12 people were arrested in antiterrorism raids in the area, targeting people linked to one of them – Amedy Coulibaly – who claimed ti",,
article_25,same_label_boundary_difference,testimony,testimony,2731,2937,2893,2937,44,"The Paris prosecutor's office said at least 12 people were arrested in antiterrorism raids in the area, targeting people linked to one of them – Amedy Coulibaly – who claimed ties to the Islamic State group",who claimed ties to the Islamic State group,"mic radical groups in Syria, and that 150 of them have returned home. Across Europe, anxiety has grown as the hunt continues for potential accomplices of the three Paris gunmen. The Paris prosecutor's office said at least 12 people were arrested in antiterrorism raids in the area, targeting people linked to one of them – Amedy Coulibaly – who claimed ties to the Islamic State group. Police officials earlier told AP that they were seeking up to six potential accomplices. Paris is at its highest terrorism alert level, and police evacuated the Gare de l'Est tr",,
article_25,same_label_boundary_difference,anecdote,anecdote,3386,3550,3470,3550,80,Prosecutors said 250 police officers participated in the dawn raids on 11 residences that were part of a months-old investigation into a group of Turkish extremists,that were part of a months-old investigation into a group of Turkish extremists,"es cities in eastern France and countries to the east. In Berlin, police arrested two men Friday morning on suspicion of recruiting fighters for the Islamic State group in Syria. Prosecutors said 250 police officers participated in the dawn raids on 11 residences that were part of a months-old investigation into a group of Turkish extremists. Mr. Kerry's visit to France came after the Obama administration apologized for not sending a higher-level delegation to Sunday's massive rally in Paris, which drew more than 1 m",,
article_25,same_label_boundary_difference,anecdote,anecdote,3553,3704,3698,3704,6,Mr. Kerry's visit to France came after the Obama administration apologized for not sending a higher-level delegation to Sunday's massive rally in Paris,Paris,"up in Syria. Prosecutors said 250 police officers participated in the dawn raids on 11 residences that were part of a months-old investigation into a group of Turkish extremists. Mr. Kerry's visit to France came after the Obama administration apologized for not sending a higher-level delegation to Sunday's massive rally in Paris, which drew more than 1 million people to denounce terrorism. Mr. Hollande thanked Kerry for offering support, saying: ""You've been victims yourself of an exceptional terrorist a",,
article_25,same_label_segmentation_difference,testimony,testimony,3768,3990,3768,3990,217,"Mr. Hollande thanked Kerry for offering support, saying: ""You've been victims yourself of an exceptional terrorist attack on Sept. 11. You know what it means for a country.... Together, we must find appropriate responses.""","Mr. Hollande thanked Kerry for offering support, || saying: ""You've been victims yourself of an exceptional terrorist attack on Sept. 11 || You know what it means for a country || Together, we must find appropriate responses.""","ter the Obama administration apologized for not sending a higher-level delegation to Sunday's massive rally in Paris, which drew more than 1 million people to denounce terrorism. Mr. Hollande thanked Kerry for offering support, saying: ""You've been victims yourself of an exceptional terrorist attack on Sept. 11. You know what it means for a country.... Together, we must find appropriate responses."" In a separate speech to diplomats, Hollande said France is ""waging war"" against terrorism and will not back down from its international military operations against Islamic extrem",,
article_25,same_label_segmentation_difference,anecdote,anecdote,4656,4876,4655,4876,219,"Belgian authorities are separately looking for possible links between a man they arrested in the southern city of Charleroi for illegal trade in weapons and Mr. Coulibaly, who killed four people in the kosher supermarket",Belgian authorities are separately looking for possible links between a man they arrested in the southern city of Charleroi for illegal trade in weapons and Mr. Coulibaly || who killed four people in the kosher supermarket,"may be returnees from jihad in Syria. Get the Monitor Stories you care about delivered to your inbox. That investigation had started well before last week's rampage in Paris, but Belgian authorities are separately looking for possible links between a man they arrested in the southern city of Charleroi for illegal trade in weapons and Mr. Coulibaly, who killed four people in the kosher supermarket. Several other countries are also involved in the hunt for possible accomplices to Coulibaly and the gunmen who attacked the newspaper, brothers Cherif and Said Kouachi. The Koua",,
article_25,same_label_segmentation_difference,anecdote,anecdote,5048,5146,5047,5146,97,The Kouachi brothers claimed allegiance to Al Qaeda in Yemen; Coulibaly to the Islamic State group,The Kouachi brothers claimed allegiance to Al Qaeda in Yemen || Coulibaly to the Islamic State group,"permarket. Several other countries are also involved in the hunt for possible accomplices to Coulibaly and the gunmen who attacked the newspaper, brothers Cherif and Said Kouachi. The Kouachi brothers claimed allegiance to Al Qaeda in Yemen; Coulibaly to the Islamic State group.",,
article_25,overlapping_different_label,anecdote,assumption,369,481,368,481,112,European authorities rushed to thwart more attacks by people with links to Islamic extremists in the Middle East,European authorities rushed to thwart more attacks by people with links to Islamic extremists in the Middle East,"rench President Hollande in a visit to the sites of last week's attacks. French, German, and Belgian police arrested more than two dozen suspects in antiterrorism raids Friday, as European authorities rushed to thwart more attacks by people with links to Islamic extremists in the Middle East. Rob Wainwright, head of the police agency Europol, told The Associated Press that foiling terror attacks has become ""extremely difficult"" because Europe's 2,500-5,000 radicalize",,
article_25,overlapping_different_label,testimony,anecdote,2105,2239,2220,2239,19,Belgian authorities stressed that the targets of their crackdown had no known connections to last week's attacks in neighboring France,neighboring France,"irm that we arrested everyone in this group,"" he said. Belgian authorities did not give details of the people detained or even those killed, but said most were Belgian citizens. Belgian authorities stressed that the targets of their crackdown had no known connections to last week's attacks in neighboring France. Belgium has seen a particularly large number of people join extremists in Syria, and is ""the worst affected country in Europe relative to population size,"" said Peter Neumann of",,
article_25,overlapping_different_label,statistics,testimony,2491,2619,2490,2619,128,"He estimates 450 people have left Belgium to fight with Islamic radical groups in Syria, and that 150 of them have returned home","He estimates 450 people have left Belgium to fight with Islamic radical groups in Syria, and that 150 of them have returned home","ts in Syria, and is ""the worst affected country in Europe relative to population size,"" said Peter Neumann of the London-based International Center for the Study of Radicalization. He estimates 450 people have left Belgium to fight with Islamic radical groups in Syria, and that 150 of them have returned home. Across Europe, anxiety has grown as the hunt continues for potential accomplices of the three Paris gunmen. The Paris prosecutor's office said at least 12 people were arrested",,
article_25,overlapping_different_label,assumption,anecdote,3029,3074,3029,3074,45,Paris is at its highest terrorism alert level,Paris is at its highest terrorism alert level,"le linked to one of them – Amedy Coulibaly – who claimed ties to the Islamic State group. Police officials earlier told AP that they were seeking up to six potential accomplices. Paris is at its highest terrorism alert level, and police evacuated the Gare de l'Est train station after a bomb threat. The station, one of several main stations in Paris, serves cities in eastern France and countries to the",,
article_25,overlapping_different_label,assumption,anecdote,3150,3259,3149,3259,109,"The station, one of several main stations in Paris, serves cities in eastern France and countries to the east","The station, one of several main stations in Paris, serves cities in eastern France and countries to the east","AP that they were seeking up to six potential accomplices. Paris is at its highest terrorism alert level, and police evacuated the Gare de l'Est train station after a bomb threat. The station, one of several main stations in Paris, serves cities in eastern France and countries to the east. In Berlin, police arrested two men Friday morning on suspicion of recruiting fighters for the Islamic State group in Syria. Prosecutors said 250 police officers participated in",,
article_25,overlapping_different_label,anecdote,assumption,4579,4650,4579,4650,71,That investigation had started well before last week's rampage in Paris,That investigation had started well before last week's rampage in Paris,"Europe's heartland as security forces struck against militants, some of who may be returnees from jihad in Syria. Get the Monitor Stories you care about delivered to your inbox. That investigation had started well before last week's rampage in Paris, but Belgian authorities are separately looking for possible links between a man they arrested in the southern city of Charleroi for illegal trade in weapons and Mr. Coulibaly, wh",,
article_25,overlapping_different_label,anecdote,assumption,4879,5046,4879,5046,167,"Several other countries are also involved in the hunt for possible accomplices to Coulibaly and the gunmen who attacked the newspaper, brothers Cherif and Said Kouachi","Several other countries are also involved in the hunt for possible accomplices to Coulibaly and the gunmen who attacked the newspaper, brothers Cherif and Said Kouachi","for possible links between a man they arrested in the southern city of Charleroi for illegal trade in weapons and Mr. Coulibaly, who killed four people in the kosher supermarket. Several other countries are also involved in the hunt for possible accomplices to Coulibaly and the gunmen who attacked the newspaper, brothers Cherif and Said Kouachi. The Kouachi brothers claimed allegiance to Al Qaeda in Yemen; Coulibaly to the Islamic State group.",,
article_25,unmatched_gold_span,assumption,,2242,2321,,,0,Belgium has seen a particularly large number of people join extremists in Syria,,"led, but said most were Belgian citizens. Belgian authorities stressed that the targets of their crackdown had no known connections to last week's attacks in neighboring France. Belgium has seen a particularly large number of people join extremists in Syria, and is ""the worst affected country in Europe relative to population size,"" said Peter Neumann of the London-based International Center for the Study of Radicalization. He estimat",,
article_25,unmatched_prediction,,other,,,4514,4552,0,,Get the Monitor Stories you care about,"akery was another palpable sign that terror had seeped deep into Europe's heartland as security forces struck against militants, some of who may be returnees from jihad in Syria. Get the Monitor Stories you care about delivered to your inbox. That investigation had started well before last week's rampage in Paris, but Belgian authorities are separately looking for possible links between a man",,
article_25,unmatched_prediction,,other,,,4562,4570,0,,to your,"seeped deep into Europe's heartland as security forces struck against militants, some of who may be returnees from jihad in Syria. Get the Monitor Stories you care about delivered to your inbox. That investigation had started well before last week's rampage in Paris, but Belgian authorities are separately looking for possible links between a man they arrested in t",,
article_26,same_label_boundary_difference,assumption,assumption,146,245,141,245,99,"for third-party candidates, being a viable challenge to the major parties is still an uphill battle","But for third-party candidates, being a viable challenge to the major parties is still an uphill battle","Ohio officials announced Wednesday that Libertarian presidential candidate, Gary Johnson, will appear on the presidential ballot in the fall. But for third-party candidates, being a viable challenge to the major parties is still an uphill battle. Libertarian presidential candidate Gary Johnson will appear on Ohio's ballot in November. The swing state is the latest to accept Mr. Johnson onto the ballot as a third-party al",,
article_26,same_label_segmentation_difference,assumption,assumption,540,680,542,680,137,"if his appearance on the Ohio ballot is a victory for Johnson, it's still a relatively small one compared with the challenges that lie ahead",his appearance on the Ohio ballot is a victory for Johnson || it's still a relatively small one compared with the challenges that lie ahead,"latest to accept Mr. Johnson onto the ballot as a third-party alternative to Democratic presidential nominee Hillary Clinton and Republican presidential nominee Donald Trump. But if his appearance on the Ohio ballot is a victory for Johnson, it's still a relatively small one compared with the challenges that lie ahead. Thirty-three states currently recognize the Libertarian party on their ballots, according to Ballotpedia, while 21 recognize the Green Party. The right-wing Constitution Party i",,
article_26,same_label_segmentation_difference,anecdote,anecdote,1355,1534,1354,1534,175,"The state does, however, allow independent candidates to run on the ballot, so the party submitted paperwork to have a Libertarian candidate appear on the ballot as an independent","The state does, however, allow independent candidates to run on the ballot || the party submitted paperwork to have a Libertarian candidate appear on the ballot as an independent","parties while penalizing weak, smaller parties,"" according to Ballotpedia. In Ohio, like many states, Libertarians have not received enough support for formal ballot recognition. The state does, however, allow independent candidates to run on the ballot, so the party submitted paperwork to have a Libertarian candidate appear on the ballot as an independent. But when the time came to submit the paperwork, the Libertarian convention had not officially chosen a candidate yet. Charlie Earl, a Libertarian Party member who had run unsucc",,
article_26,same_label_boundary_difference,anecdote,anecdote,1950,2158,2149,2158,9,"Despite some concerns in the party that the change would not be allowed, Ohio Secretary of State Jon Husted announced Wednesday morning that Johnson's name would appear on the ballot in Earl's place, as hoped",as hoped,"e, was put on the ballot instead. According to Cincinnati.com, Mr. Earl was to serve as a placeholder until the necessary paperwork went through to change Earl's name to Johnson. Despite some concerns in the party that the change would not be allowed, Ohio Secretary of State Jon Husted announced Wednesday morning that Johnson's name would appear on the ballot in Earl's place, as hoped. According to The Columbus Dispatch, Libertarians acquired 7,619 signatures calling for the name swap. The two largest third parties in the United States are the Libertarian Part",,
article_26,same_label_boundary_difference,statistics,statistics,2443,2642,2445,2642,197,"If the election were held at the time of polling, 10 percent of American voters would vote for Johnson and only 4 percent would vote for Ms. Stein, according to a recent poll from Pew Research Center","the election were held at the time of polling, 10 percent of American voters would vote for Johnson and only 4 percent would vote for Ms. Stein, according to a recent poll from Pew Research Center","The two largest third parties in the United States are the Libertarian Party and the Green Party, respectively. The Green Party nominated Jill Stein at its presidential candidate. If the election were held at the time of polling, 10 percent of American voters would vote for Johnson and only 4 percent would vote for Ms. Stein, according to a recent poll from Pew Research Center. In the same poll, Mrs. Clinton led at 41 percent with Mr. Trump trailing at 37. Despite the low polling, however, both Stein's and Johnson's campaigns have seen an opportunity i",,
article_26,same_label_boundary_difference,assumption,assumption,3140,3365,3138,3365,225,"the unexpected popularity of Sen. Bernie Sanders (I) of Vermont caused a rift in the Democratic party after Mr. Sanders was unable to secure the Democratic nomination, causing many Sanders supporters to move away from Clinton",", the unexpected popularity of Sen. Bernie Sanders (I) of Vermont caused a rift in the Democratic party after Mr. Sanders was unable to secure the Democratic nomination, causing many Sanders supporters to move away from Clinton","s the Monitor has previously reported. Trump's unconventional manner and controversial statements have driven away many voters who would have otherwise voted Republican. Similarly, the unexpected popularity of Sen. Bernie Sanders (I) of Vermont caused a rift in the Democratic party after Mr. Sanders was unable to secure the Democratic nomination, causing many Sanders supporters to move away from Clinton. Both Johnson and Stein hope to capitalize on disenchanted majority parties voters in hopes that their campaigns will have a chance of facing down Clinton and Trump. Stein's offi",,
article_26,same_label_boundary_difference,assumption,assumption,3698,3777,3694,3777,79,earning enough support to viably run against Trump and Clinton will not be easy,But earning enough support to viably run against Trump and Clinton will not be easy,"Clinton and Trump. Stein's official Facebook page reflected this strategy when it posted a photo in July bearing the slogan, ""Reject the Lesser Evil, Fight for the Greater Good!"" But earning enough support to viably run against Trump and Clinton will not be easy. While both Stein and Johnson have also gotten their names on the ballots in states that do not recognize their respective parties through methods like the one Johnson's campaign",,
article_26,same_label_segmentation_difference,assumption,assumption,3780,4019,3966,4019,52,"While both Stein and Johnson have also gotten their names on the ballots in states that do not recognize their respective parties through methods like the one Johnson's campaign employed in Ohio, they will likely not appear on every ballot",in Ohio || they will likely not appear on every ballot,"ed a photo in July bearing the slogan, ""Reject the Lesser Evil, Fight for the Greater Good!"" But earning enough support to viably run against Trump and Clinton will not be easy. While both Stein and Johnson have also gotten their names on the ballots in states that do not recognize their respective parties through methods like the one Johnson's campaign employed in Ohio, they will likely not appear on every ballot. Johnson is currently missing from 8 state ballots, according to the Libertarian Party's official website. Stein's campaign site says that she is missing from 15 states. For now,",,
article_26,same_label_boundary_difference,testimony,testimony,4127,4188,4132,4188,56,Stein's campaign site says that she is missing from 15 states,'s campaign site says that she is missing from 15 states,"s campaign employed in Ohio, they will likely not appear on every ballot. Johnson is currently missing from 8 state ballots, according to the Libertarian Party's official website. Stein's campaign site says that she is missing from 15 states. For now, the candidates' immediate goals are centered around the all-important presidential debates and the exposure the debates could bring to their campaigns. In order for th",,
article_26,same_label_boundary_difference,assumption,assumption,4200,4350,4191,4350,150,the candidates' immediate goals are centered around the all-important presidential debates and the exposure the debates could bring to their campaigns,"For now, the candidates' immediate goals are centered around the all-important presidential debates and the exposure the debates could bring to their campaigns","y ballot. Johnson is currently missing from 8 state ballots, according to the Libertarian Party's official website. Stein's campaign site says that she is missing from 15 states. For now, the candidates' immediate goals are centered around the all-important presidential debates and the exposure the debates could bring to their campaigns. In order for that to happen the candidates will have to overcome a major hurdle. According to the Commission on Presidential Debates (CPD) website, candidates have to appear on",,
article_26,same_label_segmentation_difference,assumption,assumption,5115,5257,5115,5257,137,"The petition is unlikely to change the CPD's policy, but both third-party candidates seem prepared to stick it out until polls close on Nov. 8",The petition is unlikely to change the CPD's policy || both third-party candidates seem prepared to stick it out until polls close on Nov. 8,"has even launched an online petition for the debates to ""include all Presidential candidates who have qualified for enough state ballots to be a choice for a majority of voters."" The petition is unlikely to change the CPD's policy, but both third-party candidates seem prepared to stick it out until polls close on Nov. 8.",,
article_26,overlapping_different_label,anecdote,assumption,338,534,337,534,196,The swing state is the latest to accept Mr. Johnson onto the ballot as a third-party alternative to Democratic presidential nominee Hillary Clinton and Republican presidential nominee Donald Trump,The swing state is the latest to accept Mr. Johnson onto the ballot as a third-party alternative to Democratic presidential nominee Hillary Clinton and Republican presidential nominee Donald Trump,"arty candidates, being a viable challenge to the major parties is still an uphill battle. Libertarian presidential candidate Gary Johnson will appear on Ohio's ballot in November. The swing state is the latest to accept Mr. Johnson onto the ballot as a third-party alternative to Democratic presidential nominee Hillary Clinton and Republican presidential nominee Donald Trump. But if his appearance on the Ohio ballot is a victory for Johnson, it's still a relatively small one compared with the challenges that lie ahead. Thirty-three states currently r",,
article_26,overlapping_different_label,anecdote,testimony,683,823,797,823,26,"Thirty-three states currently recognize the Libertarian party on their ballots, according to Ballotpedia, while 21 recognize the Green Party",recognize the Green Party,"esidential nominee Donald Trump. But if his appearance on the Ohio ballot is a victory for Johnson, it's still a relatively small one compared with the challenges that lie ahead. Thirty-three states currently recognize the Libertarian party on their ballots, according to Ballotpedia, while 21 recognize the Green Party. The right-wing Constitution Party is recognized in 15 states. It was a difficult battle to get Johnson on the ticket in Ohio. The complex process required to put a third-party c",,
article_26,overlapping_different_label,anecdote,testimony,1804,1947,1803,1947,143,"According to Cincinnati.com, Mr. Earl was to serve as a placeholder until the necessary paperwork went through to change Earl's name to Johnson","According to Cincinnati.com, Mr. Earl was to serve as a placeholder until the necessary paperwork went through to change Earl's name to Johnson","cially chosen a candidate yet. Charlie Earl, a Libertarian Party member who had run unsuccessful campaigns for Ohio governor and secretary of state, was put on the ballot instead. According to Cincinnati.com, Mr. Earl was to serve as a placeholder until the necessary paperwork went through to change Earl's name to Johnson. Despite some concerns in the party that the change would not be allowed, Ohio Secretary of State Jon Husted announced Wednesday morning that Johnson's name would appear on the b",,
article_26,overlapping_different_label,anecdote,testimony,2160,2260,2159,2260,100,"According to The Columbus Dispatch, Libertarians acquired 7,619 signatures calling for the name swap","According to The Columbus Dispatch, Libertarians acquired 7,619 signatures calling for the name swap","party that the change would not be allowed, Ohio Secretary of State Jon Husted announced Wednesday morning that Johnson's name would appear on the ballot in Earl's place, as hoped. According to The Columbus Dispatch, Libertarians acquired 7,619 signatures calling for the name swap. The two largest third parties in the United States are the Libertarian Party and the Green Party, respectively. The Green Party nominated Jill Stein at its presidential candidat",,
article_26,overlapping_different_label,assumption,anecdote,2263,2373,2263,2373,110,"The two largest third parties in the United States are the Libertarian Party and the Green Party, respectively","The two largest third parties in the United States are the Libertarian Party and the Green Party, respectively","ng that Johnson's name would appear on the ballot in Earl's place, as hoped. According to The Columbus Dispatch, Libertarians acquired 7,619 signatures calling for the name swap. The two largest third parties in the United States are the Libertarian Party and the Green Party, respectively. The Green Party nominated Jill Stein at its presidential candidate. If the election were held at the time of polling, 10 percent of American voters would vote for Johnson and onl",,
article_26,overlapping_different_label,anecdote,assumption,2852,2995,2851,2955,103,"Clinton and Trump both have historically high unfavorability ratings over the course of their campaigns, as the Monitor has previously reported",Clinton and Trump both have historically high unfavorability ratings over the course of their campaigns,"ton led at 41 percent with Mr. Trump trailing at 37. Despite the low polling, however, both Stein's and Johnson's campaigns have seen an opportunity in this presidential election. Clinton and Trump both have historically high unfavorability ratings over the course of their campaigns, as the Monitor has previously reported. Trump's unconventional manner and controversial statements have driven away many voters who would have otherwise voted Republican. Similarly, the unexpected popularity of Sen. B",,
article_26,overlapping_different_label,testimony,anecdote,3533,3692,3532,3692,159,"Stein's official Facebook page reflected this strategy when it posted a photo in July bearing the slogan, ""Reject the Lesser Evil, Fight for the Greater Good!""","Stein's official Facebook page reflected this strategy when it posted a photo in July bearing the slogan, ""Reject the Lesser Evil, Fight for the Greater Good!""","from Clinton. Both Johnson and Stein hope to capitalize on disenchanted majority parties voters in hopes that their campaigns will have a chance of facing down Clinton and Trump. Stein's official Facebook page reflected this strategy when it posted a photo in July bearing the slogan, ""Reject the Lesser Evil, Fight for the Greater Good!"" But earning enough support to viably run against Trump and Clinton will not be easy. While both Stein and Johnson have also gotten their names on the ballots in states that do n",,
article_26,overlapping_different_label,statistics,assumption,4714,4779,4758,4779,21,Neither Johnson nor Stein currently have the necessary 15 percent,necessary 15 percent,"gh state ballots to have a mathematical possibility of winning a majority of electoral college votes, and must have the support of at least 15 percent of voters in national polls. Neither Johnson nor Stein currently have the necessary 15 percent. Get the Monitor Stories you care about delivered to your inbox. Both campaigns are trying to gather enough support for the debate, and Stein's campaign has even launched an onl",,
article_26,overlapping_different_label,testimony,anecdote,4918,5113,4917,5113,195,"Stein's campaign has even launched an online petition for the debates to ""include all Presidential candidates who have qualified for enough state ballots to be a choice for a majority of voters.""","Stein's campaign has even launched an online petition for the debates to ""include all Presidential candidates who have qualified for enough state ballots to be a choice for a majority of voters.""","in currently have the necessary 15 percent. Get the Monitor Stories you care about delivered to your inbox. Both campaigns are trying to gather enough support for the debate, and Stein's campaign has even launched an online petition for the debates to ""include all Presidential candidates who have qualified for enough state ballots to be a choice for a majority of voters."" The petition is unlikely to change the CPD's policy, but both third-party candidates seem prepared to stick it out until polls close on Nov. 8.",,
article_26,unmatched_prediction,,testimony,,,2959,2995,0,,the Monitor has previously reported,"nson's campaigns have seen an opportunity in this presidential election. Clinton and Trump both have historically high unfavorability ratings over the course of their campaigns, as the Monitor has previously reported. Trump's unconventional manner and controversial statements have driven away many voters who would have otherwise voted Republican. Similarly, the unexpected popularity of Sen. B",,
article_26,unmatched_prediction,,other,,,4782,4789,0,,Get the,"ority of electoral college votes, and must have the support of at least 15 percent of voters in national polls. Neither Johnson nor Stein currently have the necessary 15 percent. Get the Monitor Stories you care about delivered to your inbox. Both campaigns are trying to gather enough support for the debate, and Stein's campaign has even launched an online petiti",,
article_26,unmatched_prediction,,other,,,4805,4820,0,,you care about,"ege votes, and must have the support of at least 15 percent of voters in national polls. Neither Johnson nor Stein currently have the necessary 15 percent. Get the Monitor Stories you care about delivered to your inbox. Both campaigns are trying to gather enough support for the debate, and Stein's campaign has even launched an online petition for the debates to ""include",,
article_26,unmatched_prediction,,other,,,4830,4838,0,,to your,"the support of at least 15 percent of voters in national polls. Neither Johnson nor Stein currently have the necessary 15 percent. Get the Monitor Stories you care about delivered to your inbox. Both campaigns are trying to gather enough support for the debate, and Stein's campaign has even launched an online petition for the debates to ""include all Presidential c",,
article_27,same_label_boundary_difference,testimony,testimony,2912,3051,2913,3051,138,"“We’re not stopping now. Tomorrow we rest and then we keep fighting through to November,” O’Connor told supporters at a post-election party","We’re not stopping now. Tomorrow we rest and then we keep fighting through to November,” O’Connor told supporters at a post-election party","f results is within 0.5 percent. O’Connor refused to concede on Tuesday night and urged supporters on Twitter to make donations for what “could be a long and expensive recount.” “We’re not stopping now. Tomorrow we rest and then we keep fighting through to November,” O’Connor told supporters at a post-election party. The Ohio district includes many of the suburban women and college-educated, affluent residents that polls show have been the sort of voters turned off by Trump’s chaotic first 1",,
article_27,same_label_boundary_difference,statistics,statistics,255,358,263,358,95,"Republican Troy Balderson led Democrat Danny O’Connor by about 1,700 votes with all precincts reporting","an Troy Balderson led Democrat Danny O’Connor by about 1,700 votes with all precincts reporting","ouse of Representatives race in Ohio late on Tuesday, holding off a strong challenge in the reliably Republican district after a late show of support from President Donald Trump. Republican Troy Balderson led Democrat Danny O’Connor by about 1,700 votes with all precincts reporting, although the Ohio secretary of state’s office said a final result would be delayed until more than 8,000 provisional and absentee ballots were counted. The close race in the Ohi",,
article_27,same_label_boundary_difference,anecdote,anecdote,982,1269,1032,1269,237,"The central Ohio race was the marquee contest on a day when four other states held nominating contests, including a battle for governor in Michigan in which a mainstream candidate beat a progressive and a high-profile conservative challenge to the incumbent Republican governor in Kansas","day when four other states held nominating contests, including a battle for governor in Michigan in which a mainstream candidate beat a progressive and a high-profile conservative challenge to the incumbent Republican governor in Kansas","o the Nov. 6 elections, and it is certain to encourage Democrats who performed dramatically better than expected in a district Republicans have represented since the early 1980s. The central Ohio race was the marquee contest on a day when four other states held nominating contests, including a battle for governor in Michigan in which a mainstream candidate beat a progressive and a high-profile conservative challenge to the incumbent Republican governor in Kansas. The Ohio contest drew an avalanche of national attention in recent weeks as polls showed it tightening, with Republicans and their allies outspending Democratic groups by more t",,
article_27,same_label_boundary_difference,assumption,assumption,1272,1374,1272,1344,72,The Ohio contest drew an avalanche of national attention in recent weeks as polls showed it tightening,The Ohio contest drew an avalanche of national attention in recent weeks,"ing a battle for governor in Michigan in which a mainstream candidate beat a progressive and a high-profile conservative challenge to the incumbent Republican governor in Kansas. The Ohio contest drew an avalanche of national attention in recent weeks as polls showed it tightening, with Republicans and their allies outspending Democratic groups by more than 4 to 1 and running ads linking O’Connor to liberal House Democratic leader Nancy Pelosi. O’Connor, a",,
article_27,same_label_boundary_difference,assumption,assumption,1543,1739,1544,1611,67,"O’Connor, a local county official, tried to project a moderate image, saying he would support new Democratic leadership in Congress and work with Republicans but also criticizing the Trump tax cut","’Connor, a local county official, tried to project a moderate image","tightening, with Republicans and their allies outspending Democratic groups by more than 4 to 1 and running ads linking O’Connor to liberal House Democratic leader Nancy Pelosi. O’Connor, a local county official, tried to project a moderate image, saying he would support new Democratic leadership in Congress and work with Republicans but also criticizing the Trump tax cut. Trump took credit for the apparent Republican victory, saying on Twitter that Balderson’s campaign made “a big turn for the better” after he campaigned for him in the district o",,
article_27,same_label_boundary_difference,testimony,testimony,1742,1935,1796,1935,139,"Trump took credit for the apparent Republican victory, saying on Twitter that Balderson’s campaign made “a big turn for the better” after he campaigned for him in the district on Saturday night",saying on Twitter that Balderson’s campaign made “a big turn for the better” after he campaigned for him in the district on Saturday night,"ounty official, tried to project a moderate image, saying he would support new Democratic leadership in Congress and work with Republicans but also criticizing the Trump tax cut. Trump took credit for the apparent Republican victory, saying on Twitter that Balderson’s campaign made “a big turn for the better” after he campaigned for him in the district on Saturday night. Balderson told supporters in Ohio: “I’d like to thank President Trump.” Other Republicans had also rushed to Balderson’s aid. Ohio Governor John Kasich, a Trump critic, endorse",,
article_27,same_label_segmentation_difference,anecdote,anecdote,2065,2164,2064,2164,95,"Ohio Governor John Kasich, a Trump critic, endorsed Balderson and Vice President Mike Pence visited","Ohio Governor John Kasich, a Trump critic, endorsed Balderson || Vice President Mike Pence visited","ampaigned for him in the district on Saturday night. Balderson told supporters in Ohio: “I’d like to thank President Trump.” Other Republicans had also rushed to Balderson’s aid. Ohio Governor John Kasich, a Trump critic, endorsed Balderson and Vice President Mike Pence visited. Trump won the district by 11 percentage points in the White House race in 2016 and Republican Pat Tiberi won re-election to the House by a whopping 37 percentage points. Howeve",,
article_27,same_label_segmentation_difference,anecdote,anecdote,2347,2433,2346,2433,85,"Tiberi resigned before finishing his term, forcing the special election to replace him",Tiberi resigned before finishing his term || forcing the special election to replace him,"Trump won the district by 11 percentage points in the White House race in 2016 and Republican Pat Tiberi won re-election to the House by a whopping 37 percentage points. However, Tiberi resigned before finishing his term, forcing the special election to replace him. O’Connor and Balderson will face off again in November to serve a full two-year term. Under Ohio law, the remaining absentee and provisional ballots cannot be counted for 11 day",,
article_27,same_label_boundary_difference,testimony,testimony,2522,2652,2614,2652,38,"Under Ohio law, the remaining absentee and provisional ballots cannot be counted for 11 days, the secretary of state’s office said",", the secretary of state’s office said","ver, Tiberi resigned before finishing his term, forcing the special election to replace him. O’Connor and Balderson will face off again in November to serve a full two-year term. Under Ohio law, the remaining absentee and provisional ballots cannot be counted for 11 days, the secretary of state’s office said. Once they are tallied, an automatic recount would be triggered if the margin of results is within 0.5 percent. O’Connor refused to concede on Tuesday night and urged supporters",,
article_27,same_label_boundary_difference,testimony,testimony,2766,2910,2810,2910,100,O’Connor refused to concede on Tuesday night and urged supporters on Twitter to make donations for what “could be a long and expensive recount.”,and urged supporters on Twitter to make donations for what “could be a long and expensive recount.”,"annot be counted for 11 days, the secretary of state’s office said. Once they are tallied, an automatic recount would be triggered if the margin of results is within 0.5 percent. O’Connor refused to concede on Tuesday night and urged supporters on Twitter to make donations for what “could be a long and expensive recount.” “We’re not stopping now. Tomorrow we rest and then we keep fighting through to November,” O’Connor told supporters at a post-election party. The Ohio district includes many of t",,
article_27,same_label_boundary_difference,anecdote,anecdote,3509,3670,3509,3576,67,"Michigan, Missouri, Kansas and Washington held primaries on Tuesday, setting the stage for a number of competitive congressional and governor’s races in November","Michigan, Missouri, Kansas and Washington held primaries on Tuesday","o win majorities in those chambers and put the brakes on Trump’s agenda. All 435 House seats, 35 of 100 Senate seats and 36 of 50 governors’ offices are up for grabs in November. Michigan, Missouri, Kansas and Washington held primaries on Tuesday, setting the stage for a number of competitive congressional and governor’s races in November. The Democratic race for governor in Michigan tested the electoral power of the party’s progressive wing. However, former Detroit health director Abdul El-Sayed lost his bid to b",,
article_27,overlapping_different_label,assumption,anecdote,12,252,11,252,240,"A Republican clung to a narrow lead in a hotly contested U.S. House of Representatives race in Ohio late on Tuesday, holding off a strong challenge in the reliably Republican district after a late show of support from President Donald Trump","A Republican clung to a narrow lead in a hotly contested U.S. House of Representatives race in Ohio late on Tuesday, holding off a strong challenge in the reliably Republican district after a late show of support from President Donald Trump","(Reuters) - A Republican clung to a narrow lead in a hotly contested U.S. House of Representatives race in Ohio late on Tuesday, holding off a strong challenge in the reliably Republican district after a late show of support from President Donald Trump. Republican Troy Balderson led Democrat Danny O’Connor by about 1,700 votes with all precincts reporting, although the Ohio secretary of state’s office said a final result would",,
article_27,overlapping_different_label,anecdote,statistics,1381,1540,1375,1540,159,Republicans and their allies outspending Democratic groups by more than 4 to 1 and running ads linking O’Connor to liberal House Democratic leader Nancy Pelosi,with Republicans and their allies outspending Democratic groups by more than 4 to 1 and running ads linking O’Connor to liberal House Democratic leader Nancy Pelosi,"file conservative challenge to the incumbent Republican governor in Kansas. The Ohio contest drew an avalanche of national attention in recent weeks as polls showed it tightening, with Republicans and their allies outspending Democratic groups by more than 4 to 1 and running ads linking O’Connor to liberal House Democratic leader Nancy Pelosi. O’Connor, a local county official, tried to project a moderate image, saying he would support new Democratic leadership in Congress and work with Republicans but also criticizin",,
article_27,overlapping_different_label,assumption,anecdote,2435,2519,2498,2519,21,O’Connor and Balderson will face off again in November to serve a full two-year term,a full two-year term,"lican Pat Tiberi won re-election to the House by a whopping 37 percentage points. However, Tiberi resigned before finishing his term, forcing the special election to replace him. O’Connor and Balderson will face off again in November to serve a full two-year term. Under Ohio law, the remaining absentee and provisional ballots cannot be counted for 11 days, the secretary of state’s office said. Once they are tallied, an automatic recount w",,
article_27,overlapping_different_label,assumption,anecdote,3402,3506,3409,3506,97,"All 435 House seats, 35 of 100 Senate seats and 36 of 50 governors’ offices are up for grabs in November","House seats, 35 of 100 Senate seats and 36 of 50 governors’ offices are up for grabs in November","c first 19 months in office. Democrats need to pick up 23 seats in the House and two seats in the Senate to win majorities in those chambers and put the brakes on Trump’s agenda. All 435 House seats, 35 of 100 Senate seats and 36 of 50 governors’ offices are up for grabs in November. Michigan, Missouri, Kansas and Washington held primaries on Tuesday, setting the stage for a number of competitive congressional and governor’s races in November. The Democrati",,
article_27,overlapping_different_label,assumption,anecdote,2654,2763,2658,2675,17,"Once they are tallied, an automatic recount would be triggered if the margin of results is within 0.5 percent",they are tallied,"ain in November to serve a full two-year term. Under Ohio law, the remaining absentee and provisional ballots cannot be counted for 11 days, the secretary of state’s office said. Once they are tallied, an automatic recount would be triggered if the margin of results is within 0.5 percent. O’Connor refused to concede on Tuesday night and urged supporters on Twitter to make donations for what “could be a long and expensive recount.” “We’re not stopping now. Tomorr",,
article_27,overlapping_different_label,assumption,anecdote,3967,4049,3974,4049,75,"Whitmer will face Republican Bill Schuette, who was endorsed by Trump, in November","will face Republican Bill Schuette, who was endorsed by Trump, in November","former Detroit health director Abdul El-Sayed lost his bid to become the country’s first Muslim governor to a more moderate Democrat, former state Senate leader Gretchen Whitmer. Whitmer will face Republican Bill Schuette, who was endorsed by Trump, in November. In Kansas, Kris Kobach, a conservative leader in the movement to restrict illegal immigration and pass more restrictive voting laws, narrowly led Governor Jeff Colyer with about",,
article_27,overlapping_different_label,anecdote,statistics,4052,4305,4211,4305,94,"In Kansas, Kris Kobach, a conservative leader in the movement to restrict illegal immigration and pass more restrictive voting laws, narrowly led Governor Jeff Colyer with about 84 percent of the votes counted for the Republican gubernatorial nomination",Colyer with about 84 percent of the votes counted for the Republican gubernatorial nomination,"rst Muslim governor to a more moderate Democrat, former state Senate leader Gretchen Whitmer. Whitmer will face Republican Bill Schuette, who was endorsed by Trump, in November. In Kansas, Kris Kobach, a conservative leader in the movement to restrict illegal immigration and pass more restrictive voting laws, narrowly led Governor Jeff Colyer with about 84 percent of the votes counted for the Republican gubernatorial nomination. However, most of the votes in Johnson County, the state’s most populous county, had yet to be counted, according to the Kansas elections website. Trump endorsed Kobach, Kansas’",,
article_27,unmatched_prediction,,statistics,,,1347,1374,0,,polls showed it tightening,"a progressive and a high-profile conservative challenge to the incumbent Republican governor in Kansas. The Ohio contest drew an avalanche of national attention in recent weeks as polls showed it tightening, with Republicans and their allies outspending Democratic groups by more than 4 to 1 and running ads linking O’Connor to liberal House Democratic leader Nancy Pelosi. O’Connor, a",,
article_27,unmatched_prediction,,testimony,,,1612,1739,0,,saying he would support new Democratic leadership in Congress and work with Republicans but also criticizing the Trump tax cut,"groups by more than 4 to 1 and running ads linking O’Connor to liberal House Democratic leader Nancy Pelosi. O’Connor, a local county official, tried to project a moderate image, saying he would support new Democratic leadership in Congress and work with Republicans but also criticizing the Trump tax cut. Trump took credit for the apparent Republican victory, saying on Twitter that Balderson’s campaign made “a big turn for the better” after he campaigned for him in the district o",,
article_27,unmatched_prediction,,assumption,,,1747,1795,0,,took credit for the apparent Republican victory,"official, tried to project a moderate image, saying he would support new Democratic leadership in Congress and work with Republicans but also criticizing the Trump tax cut. Trump took credit for the apparent Republican victory, saying on Twitter that Balderson’s campaign made “a big turn for the better” after he campaigned for him in the district on Saturday night. Balderson told supporters in Ohio: “I",,
article_27,unmatched_prediction,,anecdote,,,2754,2763,0,,5 percent,"al ballots cannot be counted for 11 days, the secretary of state’s office said. Once they are tallied, an automatic recount would be triggered if the margin of results is within 0.5 percent. O’Connor refused to concede on Tuesday night and urged supporters on Twitter to make donations for what “could be a long and expensive recount.” “We’re not stopping now. Tomorr",,
article_27,unmatched_prediction,,assumption,,,3577,3670,0,,setting the stage for a number of competitive congressional and governor’s races in November,"nda. All 435 House seats, 35 of 100 Senate seats and 36 of 50 governors’ offices are up for grabs in November. Michigan, Missouri, Kansas and Washington held primaries on Tuesday, setting the stage for a number of competitive congressional and governor’s races in November. The Democratic race for governor in Michigan tested the electoral power of the party’s progressive wing. However, former Detroit health director Abdul El-Sayed lost his bid to b",,
article_27,unmatched_prediction,,other,,,5121,5124,0,,Rep,"l Brown in Ferguson that sparked the “Black Lives Matter” movement, also lost a primary race to Wesley Bell, a Ferguson city council member who has vowed criminal justice reform. Reporting by John Whitesides; Editing by Colleen Jenkins, Michael Perry and Paul Tait",,
article_27,unmatched_prediction,,other,,,5141,5145,0,,ites,"that sparked the “Black Lives Matter” movement, also lost a primary race to Wesley Bell, a Ferguson city council member who has vowed criminal justice reform. Reporting by John Whitesides; Editing by Colleen Jenkins, Michael Perry and Paul Tait",,
article_28,same_label_boundary_difference,assumption,assumption,786,919,782,919,133,"Trump's electoral triumph has shattered the Democratic Party, bringing out venom that bubbled to a breaking point during the campaign","But Trump's electoral triumph has shattered the Democratic Party, bringing out venom that bubbled to a breaking point during the campaign","disaffected from the Democratic Party, often arguing elected officials cater to special interests and regularly compromise their values to work with Republicans across the aisle. But Trump's electoral triumph has shattered the Democratic Party, bringing out venom that bubbled to a breaking point during the campaign. Last summer, WikiLeaks published hacked emails exposing top members of the Democratic National Committee. Those emails showed that party officials were actively working to help C",,
article_28,same_label_boundary_difference,assumption,assumption,1532,1613,1527,1613,81,"following a stunning defeat Tuesday night, progressives are once again up in arms","But, following a stunning defeat Tuesday night, progressives are once again up in arms","z to resign. Donna Brazile was promoted from vice chair to interim chair of the party, temporarily pacifying progressive concerns. Debbie Wasserman Schultz.REUTERS/Scott Audette But, following a stunning defeat Tuesday night, progressives are once again up in arms. They contend that the Democratic Party has allowed corporate interests to dictate its policy agenda for far too long, resulting in major losses like the one to Trump. “It’s so o",,
article_28,same_label_boundary_difference,testimony,testimony,1783,1864,1784,1864,80,"“It’s so obvious, I can’t believe they can’t see it,” Uygur told Business Insider","It’s so obvious, I can’t believe they can’t see it,” Uygur told Business Insider","up in arms. They contend that the Democratic Party has allowed corporate interests to dictate its policy agenda for far too long, resulting in major losses like the one to Trump. “It’s so obvious, I can’t believe they can’t see it,” Uygur told Business Insider. “The Democrats have become the establishment party. And people hate the establishment.” Clinton “represents the establishment,” he added. “She looks like and acts like she’s fro",,
article_28,same_label_segmentation_difference,testimony,testimony,1866,1953,1865,1953,86,“The Democrats have become the establishment party. And people hate the establishment.”,“The Democrats have become the establishment party || And people hate the establishment.”,"to dictate its policy agenda for far too long, resulting in major losses like the one to Trump. “It’s so obvious, I can’t believe they can’t see it,” Uygur told Business Insider. “The Democrats have become the establishment party. And people hate the establishment.” Clinton “represents the establishment,” he added. “She looks like and acts like she’s from The Capitol in 'The Hunger Games.'"" The most immediate battlefield for the anti-establ",,
article_28,same_label_segmentation_difference,assumption,assumption,2210,2388,2209,2388,171,"Progressives have consolidated around Rep. Keith Ellison, a reliable liberal from Minnesota, while former party chair Howard Dean represents a more establishment minded candidate","Progressives have consolidated around Rep. Keith Ellison, a reliable liberal from Minnesota || former party chair Howard Dean represents a more establishment minded candidate","like she’s from The Capitol in 'The Hunger Games.'"" The most immediate battlefield for the anti-establishment war is over who will be selected as the next Democratic Party chair. Progressives have consolidated around Rep. Keith Ellison, a reliable liberal from Minnesota, while former party chair Howard Dean represents a more establishment minded candidate. On Friday morning, Ellison received a significant endorsement from likely future-Senate Minority Leader Chuck Schumer. But to progressives, the move from Schumer did not seem si",,
article_28,same_label_segmentation_difference,testimony,testimony,2784,2948,2783,2948,159,"“He has to be a senator. He has the responsibility in the Senate to make things work, and he knows probably half the Hillary supporters were much more progressive.”","“He has to be a senator || He has the responsibility in the Senate to make things work, || he knows probably half the Hillary supporters were much more progressive.”","one done in an attempt to maintain power. “Chuck is a very smart guy,” said Nomiki Konst, a Democratic strategist, former Sanders surrogate, and host of “The Filter” on Sirus XM. “He has to be a senator. He has the responsibility in the Senate to make things work, and he knows probably half the Hillary supporters were much more progressive.” She added: “I think he knows he has a responsibility to follow the trend — otherwise, he would have a riot on his hands.” Bernie Sanders.Alex Wong/Getty Images Konst has offere",,
article_28,same_label_boundary_difference,testimony,testimony,3498,3547,3499,3547,48,"“I would call for emergency elections,” she added","I would call for emergency elections,” she added","ementing a union membership quota, and eliminating superdelegates, Democratic Party leaders and elected officials who can vote for their candidate of choice during the primaries. “I would call for emergency elections,” she added. “This is crisis level — get rid of these vice chairs. A lot of these vice chairs are really bad people.” Ryan Williams, a former deputy national press secretary for Mitt Romney’",,
article_28,same_label_segmentation_difference,testimony,testimony,3549,3653,3548,3653,103,“This is crisis level — get rid of these vice chairs. A lot of these vice chairs are really bad people.”,“This is crisis level — get rid of these vice chairs || A lot of these vice chairs are really bad people.”,"superdelegates, Democratic Party leaders and elected officials who can vote for their candidate of choice during the primaries. “I would call for emergency elections,” she added. “This is crisis level — get rid of these vice chairs. A lot of these vice chairs are really bad people.” Ryan Williams, a former deputy national press secretary for Mitt Romney’s 2012 presidential campaign, said what is taking place inside the Democratic Party is perhaps worse than",,
article_28,same_label_boundary_difference,testimony,testimony,4078,4113,4078,4114,35,"“They are in a dark place,” he said","“They are in a dark place,” he said,","nominee in 2012, while Democrats retook the Senate and made gains in the House. Now, after Tuesday's shock results, Republicans have control of all three branches of government. “They are in a dark place,” he said, adding, “It’s very difficult to go from a party being in control of the White House to being cast into the wilderness. The White House is the glue that holds the party together. Y",,
article_28,same_label_segmentation_difference,testimony,testimony,4123,4361,4122,4361,236,"“It’s very difficult to go from a party being in control of the White House to being cast into the wilderness. The White House is the glue that holds the party together. You have a set leader. Right now, the Democrats have no set leader.”","“It’s very difficult to go from a party being in control of the White House to being cast into the wilderness || The White House is the glue that holds the party together || You have a set leader. Right now, the Democrats have no set leader.”","Senate and made gains in the House. Now, after Tuesday's shock results, Republicans have control of all three branches of government. “They are in a dark place,” he said, adding, “It’s very difficult to go from a party being in control of the White House to being cast into the wilderness. The White House is the glue that holds the party together. You have a set leader. Right now, the Democrats have no set leader.” Both Konst and Uygur said progressives will absolutely fight for control of the party while the vacuum is open. Establishment Democrats, including leaders like Schumer, should n",,
article_28,same_label_boundary_difference,testimony,testimony,4590,4679,4591,4679,88,"“We are going to rip you down,” he warned, speaking of the Democratic Party establishment","We are going to rip you down,” he warned, speaking of the Democratic Party establishment","olutely fight for control of the party while the vacuum is open. Establishment Democrats, including leaders like Schumer, should not feel their positions are secure, Uygur said. “We are going to rip you down,” he warned, speaking of the Democratic Party establishment. “I have no use for them. I don’t know what to tell them other than we are going to beat them. I don’t want their help. I know what their incentives are. They want the money. Almo",,
article_28,same_label_segmentation_difference,testimony,testimony,4681,4888,4680,4888,202,“I have no use for them. I don’t know what to tell them other than we are going to beat them. I don’t want their help. I know what their incentives are. They want the money. Almost anything else is a trick.”,“I have no use for them || I don’t know what to tell them other than we are going to beat them || I don’t want their help || I know what their incentives are || They want the money || Almost anything else is a trick.”,"including leaders like Schumer, should not feel their positions are secure, Uygur said. “We are going to rip you down,” he warned, speaking of the Democratic Party establishment. “I have no use for them. I don’t know what to tell them other than we are going to beat them. I don’t want their help. I know what their incentives are. They want the money. Almost anything else is a trick.” The political commentator predicted that in a week progressives should win the DNC chair fight and ""firmly establish in the voters' mind — and in Washington's mind — that the pro",,
article_28,same_label_segmentation_difference,testimony,testimony,5123,5276,5123,5276,152,"""Having said that, the empire will strike back,"" Uygur anticipated, adding that progressives were more than ready for what he called the ""long war"" ahead","""Having said that, the empire will strike back,"" Uygur anticipated || adding that progressives were more than ready for what he called the ""long war"" ahead","ogressives should win the DNC chair fight and ""firmly establish in the voters' mind — and in Washington's mind — that the progressives are right and the establishment was wrong."" ""Having said that, the empire will strike back,"" Uygur anticipated, adding that progressives were more than ready for what he called the ""long war"" ahead.",,
article_28,overlapping_different_label,testimony,assumption,574,779,640,779,139,"Progressives have long felt disaffected from the Democratic Party, often arguing elected officials cater to special interests and regularly compromise their values to work with Republicans across the aisle",often arguing elected officials cater to special interests and regularly compromise their values to work with Republicans across the aisle,"place inside the Democratic Party,” said Cenk Uygur, co-founder of The Young Turks, a progressive internet-based commentary program. “And the progressive side is going to win.” Progressives have long felt disaffected from the Democratic Party, often arguing elected officials cater to special interests and regularly compromise their values to work with Republicans across the aisle. But Trump's electoral triumph has shattered the Democratic Party, bringing out venom that bubbled to a breaking point during the campaign. Last summer, WikiLeaks published hacke",,
article_28,overlapping_different_label,anecdote,assumption,1027,1273,1026,1204,177,"Those emails showed that party officials were actively working to help Clinton secure the nomination, while simultaneously sabotaging the campaign of Vermont Sen. Bernie Sanders, who became a progressive hero in a stunning outsider run of his own","Those emails showed that party officials were actively working to help Clinton secure the nomination, while simultaneously sabotaging the campaign of Vermont Sen. Bernie Sanders",", bringing out venom that bubbled to a breaking point during the campaign. Last summer, WikiLeaks published hacked emails exposing top members of the Democratic National Committee. Those emails showed that party officials were actively working to help Clinton secure the nomination, while simultaneously sabotaging the campaign of Vermont Sen. Bernie Sanders, who became a progressive hero in a stunning outsider run of his own. The outrage was enough to force then-chair Rep. Debbie Wasserman Schultz to resign. Donna Brazile was promoted from vice chair to interim chair of the party, temporarily pacifyi",,
article_28,overlapping_different_label,assumption,anecdote,1360,1476,1359,1476,116,"Donna Brazile was promoted from vice chair to interim chair of the party, temporarily pacifying progressive concerns","Donna Brazile was promoted from vice chair to interim chair of the party, temporarily pacifying progressive concerns","rmont Sen. Bernie Sanders, who became a progressive hero in a stunning outsider run of his own. The outrage was enough to force then-chair Rep. Debbie Wasserman Schultz to resign. Donna Brazile was promoted from vice chair to interim chair of the party, temporarily pacifying progressive concerns. Debbie Wasserman Schultz.REUTERS/Scott Audette But, following a stunning defeat Tuesday night, progressives are once again up in arms. They contend that the Democratic Party ha",,
article_28,overlapping_different_label,testimony,assumption,2083,2208,2083,2208,125,The most immediate battlefield for the anti-establishment war is over who will be selected as the next Democratic Party chair,The most immediate battlefield for the anti-establishment war is over who will be selected as the next Democratic Party chair,"ishment party. And people hate the establishment.” Clinton “represents the establishment,” he added. “She looks like and acts like she’s from The Capitol in 'The Hunger Games.'"" The most immediate battlefield for the anti-establishment war is over who will be selected as the next Democratic Party chair. Progressives have consolidated around Rep. Keith Ellison, a reliable liberal from Minnesota, while former party chair Howard Dean represents a more establishment minded candidate",,
article_28,overlapping_different_label,testimony,assumption,2514,2573,2509,2573,59,"to progressives, the move from Schumer did not seem sincere","But to progressives, the move from Schumer did not seem sincere","oward Dean represents a more establishment minded candidate. On Friday morning, Ellison received a significant endorsement from likely future-Senate Minority Leader Chuck Schumer. But to progressives, the move from Schumer did not seem sincere. Instead, they argued, it was one done in an attempt to maintain power. “Chuck is a very smart guy,” said Nomiki Konst, a Democratic strategist, former Sanders surrogate, and hos",,
article_28,overlapping_different_label,testimony,assumption,2584,2644,2574,2644,60,"they argued, it was one done in an attempt to maintain power","Instead, they argued, it was one done in an attempt to maintain power","Friday morning, Ellison received a significant endorsement from likely future-Senate Minority Leader Chuck Schumer. But to progressives, the move from Schumer did not seem sincere. Instead, they argued, it was one done in an attempt to maintain power. “Chuck is a very smart guy,” said Nomiki Konst, a Democratic strategist, former Sanders surrogate, and host of “The Filter” on Sirus XM. “He has to be a senator. He has the resp",,
article_28,overlapping_different_label,anecdote,assumption,3112,3210,3112,3210,98,Konst has offered a number of suggestions to Democratic Party leadership on how to initiate reform,Konst has offered a number of suggestions to Democratic Party leadership on how to initiate reform,"re progressive.” She added: “I think he knows he has a responsibility to follow the trend — otherwise, he would have a riot on his hands.” Bernie Sanders.Alex Wong/Getty Images Konst has offered a number of suggestions to Democratic Party leadership on how to initiate reform. The Democratic strategist suggested barring consultants and lobbyists from being members of the DNC, implementing a union membership quota, and eliminating superdelegates, Democ",,
article_28,overlapping_different_label,testimony,anecdote,3213,3495,3313,3495,182,"The Democratic strategist suggested barring consultants and lobbyists from being members of the DNC, implementing a union membership quota, and eliminating superdelegates, Democratic Party leaders and elected officials who can vote for their candidate of choice during the primaries","implementing a union membership quota, and eliminating superdelegates, Democratic Party leaders and elected officials who can vote for their candidate of choice during the primaries","e, he would have a riot on his hands.” Bernie Sanders.Alex Wong/Getty Images Konst has offered a number of suggestions to Democratic Party leadership on how to initiate reform. The Democratic strategist suggested barring consultants and lobbyists from being members of the DNC, implementing a union membership quota, and eliminating superdelegates, Democratic Party leaders and elected officials who can vote for their candidate of choice during the primaries. “I would call for emergency elections,” she added. “This is crisis level — get rid of these vice chairs. A lot of these vice chairs are really bad people.” Ryan Williams, a for",,
article_28,unmatched_prediction,,other,,,0,1,0,,H,Hillary Clinton.Justin Sullivan/Getty Images President-elect Donald Trump’s unforeseen election win over Hillary Clinton has ignited immediate infighting inside the Democratic Part,,
article_28,unmatched_prediction,,assumption,,,574,640,0,,"Progressives have long felt disaffected from the Democratic Party,","place inside the Democratic Party,” said Cenk Uygur, co-founder of The Young Turks, a progressive internet-based commentary program. “And the progressive side is going to win.” Progressives have long felt disaffected from the Democratic Party, often arguing elected officials cater to special interests and regularly compromise their values to work with Republicans across the aisle. But Trump's electoral triumph has shat",,
article_28,unmatched_prediction,,assumption,,,1205,1273,0,,who became a progressive hero in a stunning outsider run of his own,". Those emails showed that party officials were actively working to help Clinton secure the nomination, while simultaneously sabotaging the campaign of Vermont Sen. Bernie Sanders, who became a progressive hero in a stunning outsider run of his own. The outrage was enough to force then-chair Rep. Debbie Wasserman Schultz to resign. Donna Brazile was promoted from vice chair to interim chair of the party, temporarily pacifyi",,
article_28,unmatched_prediction,,other,,,1479,1482,0,,Deb,"to force then-chair Rep. Debbie Wasserman Schultz to resign. Donna Brazile was promoted from vice chair to interim chair of the party, temporarily pacifying progressive concerns. Debbie Wasserman Schultz.REUTERS/Scott Audette But, following a stunning defeat Tuesday night, progressives are once again up in arms. They contend that the Democratic Party has allo",,
article_28,unmatched_prediction,,anecdote,,,1485,1487,0,,W,"ce then-chair Rep. Debbie Wasserman Schultz to resign. Donna Brazile was promoted from vice chair to interim chair of the party, temporarily pacifying progressive concerns. Debbie Wasserman Schultz.REUTERS/Scott Audette But, following a stunning defeat Tuesday night, progressives are once again up in arms. They contend that the Democratic Party has allowed c",,
article_28,unmatched_prediction,,anecdote,,,1495,1503,0,,Schultz,"air Rep. Debbie Wasserman Schultz to resign. Donna Brazile was promoted from vice chair to interim chair of the party, temporarily pacifying progressive concerns. Debbie Wasserman Schultz.REUTERS/Scott Audette But, following a stunning defeat Tuesday night, progressives are once again up in arms. They contend that the Democratic Party has allowed corporate interes",,
article_28,unmatched_prediction,,other,,,1511,1512,0,,/,"Wasserman Schultz to resign. Donna Brazile was promoted from vice chair to interim chair of the party, temporarily pacifying progressive concerns. Debbie Wasserman Schultz.REUTERS/Scott Audette But, following a stunning defeat Tuesday night, progressives are once again up in arms. They contend that the Democratic Party has allowed corporate interests to dic",,
article_28,unmatched_prediction,,other,,,3073,3077,0,,Bern,"alf the Hillary supporters were much more progressive.” She added: “I think he knows he has a responsibility to follow the trend — otherwise, he would have a riot on his hands.” Bernie Sanders.Alex Wong/Getty Images Konst has offered a number of suggestions to Democratic Party leadership on how to initiate reform. The Democratic strategist suggested barring",,
article_28,unmatched_prediction,,anecdote,,,3213,3312,0,,The Democratic strategist suggested barring consultants and lobbyists from being members of the DNC,"e, he would have a riot on his hands.” Bernie Sanders.Alex Wong/Getty Images Konst has offered a number of suggestions to Democratic Party leadership on how to initiate reform. The Democratic strategist suggested barring consultants and lobbyists from being members of the DNC, implementing a union membership quota, and eliminating superdelegates, Democratic Party leaders and elected officials who can vote for their candidate of choice during the primar",,
article_29,same_label_segmentation_difference,testimony,testimony,2478,2837,2478,2837,358,"“Trump’s Dinesh D’Souza pardon today, on top of his pardons of Scooter Libby and Joe Arpaio, make sense only as an elephant-whistle to Michael Cohen & all who know damning things about Trump: protect me & I’ll have your back. Turn on me & your goose is cooked. More obstruction!” Harvard Law School constitutional law professor Laurence Tribe wrote on Twitter","“Trump’s Dinesh D’Souza pardon today, on top of his pardons of Scooter Libby and Joe Arpaio, make sense only as an elephant-whistle to Michael Cohen & all who know damning things about Trump: protect me & I’ll have your back || Turn on me & your goose is cooked. More obstruction!” Harvard Law School constitutional law professor Laurence Tribe wrote on Twitter","r Trump’s 2016 presidential campaign colluded with Russia, including his longtime private lawyer Michael Cohen, whose business dealings are separately under scrutiny in New York. “Trump’s Dinesh D’Souza pardon today, on top of his pardons of Scooter Libby and Joe Arpaio, make sense only as an elephant-whistle to Michael Cohen & all who know damning things about Trump: protect me & I’ll have your back. Turn on me & your goose is cooked. More obstruction!” Harvard Law School constitutional law professor Laurence Tribe wrote on Twitter. “As with the pardon of Joe Arpaio, Trump is sending a message that he will reward political allies for loyalty with get-out-of-jail-free cards,” Democratic U.S. Representative D",,
article_29,same_label_segmentation_difference,anecdote,anecdote,4919,5096,4919,5096,176,"Trump last week posthumously pardoned boxer Jack Johnson, the first black world heavyweight champion, who was jailed a century ago because of his relationship with a white woman","Trump last week posthumously pardoned boxer Jack Johnson, the first black world heavyweight champion || who was jailed a century ago because of his relationship with a white woman","rpaio was known for his crackdown on illegal immigrants in Arizona’s Maricopa County. Libby was convicted in 2007 of lying in an investigation into the unmasking of a CIA agent. Trump last week posthumously pardoned boxer Jack Johnson, the first black world heavyweight champion, who was jailed a century ago because of his relationship with a white woman. Reporting by Doina Chiacu and Steve Holland; Additional reporting by Makini Brice; Editing by Will Dunham and Peter Cooney",,
article_29,same_label_boundary_difference,anecdote,anecdote,4420,4524,4420,4588,104,Blagojevich was convicted of corruption offenses including soliciting bribes for appointment to the U.S.,Blagojevich was convicted of corruption offenses including soliciting bribes for appointment to the U.S. Senate seat Obama vacated after being elected president in 2008,"the judge found no unfairness. The career prosecutors and agents did their job.” Stewart and Blagojevich both were involved with Trump’s “Apprentice” reality TV television show. Blagojevich was convicted of corruption offenses including soliciting bribes for appointment to the U.S. Senate seat Obama vacated after being elected president in 2008. Last August, Trump pardoned Arpaio less than a month after his conviction for criminal contempt in a case involving racial profiling of Hispanics. Arpaio was known for his crack",,
article_29,same_label_segmentation_difference,anecdote,anecdote,3172,3415,3243,3415,172,"D’Souza, 53, admitted in 2014 he illegally reimbursed two “straw donors” who donated $10,000 each to the unsuccessful 2012 U.S. Senate campaign in New York of Wendy Long, a Republican he had known since attending Dartmouth College in the 1980s","” || who donated $10,000 each to the unsuccessful 2012 U.S. Senate campaign in New York of Wendy Long, a Republican he had known since attending Dartmouth College in the 1980s","tic U.S. Representative Don Beyer said on Twitter. “He doesn’t care about the rule of law.” Trump denies any collusion with Russia and has called Mueller’s probe a “witch hunt.” D’Souza, 53, admitted in 2014 he illegally reimbursed two “straw donors” who donated $10,000 each to the unsuccessful 2012 U.S. Senate campaign in New York of Wendy Long, a Republican he had known since attending Dartmouth College in the 1980s. He was sentenced to five years of probation after telling the judge he was ashamed of his actions and contrite. “I cannot believe how stupid I was, how careless, and how irrespo",,
article_29,same_label_boundary_difference,testimony,testimony,287,575,440,575,135,"Trump announced on Twitter his decision to pardon pundit and filmmaker Dinesh D’Souza, who pleaded guilty in 2014 to U.S. campaign finance law violations and was an outspoken critic of Democratic former President Barack Obama, saying he had been “treated very unfairly by our government!”","and was an outspoken critic of Democratic former President Barack Obama, saying he had been “treated very unfairly by our government!”","as considering pardoning lifestyle maven Martha Stewart and commuting a former Illinois governor’s prison sentence, prompting critics to accuse him of subverting the rule of law. Trump announced on Twitter his decision to pardon pundit and filmmaker Dinesh D’Souza, who pleaded guilty in 2014 to U.S. campaign finance law violations and was an outspoken critic of Democratic former President Barack Obama, saying he had been “treated very unfairly by our government!” The Republican president then told reporters on a flight to Houston he was also considering a pardon for Stewart, who was convicted in 2004 on charges of conspiracy, obstruction",,
article_29,same_label_boundary_difference,assumption,assumption,824,1077,853,1077,224,"James Comey, whom Trump fired as FBI director last year and has repeatedly assailed, was the lead federal prosecutor in Stewart’s case and played a role in the prosecution of Lewis “Scooter” Libby, the chief of staff to former Vice President Dick Cheney","as FBI director last year and has repeatedly assailed, was the lead federal prosecutor in Stewart’s case and played a role in the prosecution of Lewis “Scooter” Libby, the chief of staff to former Vice President Dick Cheney","he was also considering a pardon for Stewart, who was convicted in 2004 on charges of conspiracy, obstruction of justice and making false statements in an insider-trading probe. James Comey, whom Trump fired as FBI director last year and has repeatedly assailed, was the lead federal prosecutor in Stewart’s case and played a role in the prosecution of Lewis “Scooter” Libby, the chief of staff to former Vice President Dick Cheney. Trump pardoned Libby in April. Trump also said he might commute the 14-year prison sentence of former Illinois Governor Rod Blagojevich, a Democrat convicted of corruption charg",,
article_29,same_label_segmentation_difference,testimony,testimony,3895,4049,3896,4049,147,"“KARMA IS A BITCH DEPT: @PreetBharara wanted to destroy a fellow Indian American to advance his career. Then he got fired & I got pardoned,” D’Souza wrote","KARMA IS A BITCH DEPT: @PreetBharara wanted to destroy a fellow Indian American to advance his career || he got fired & I got pardoned,” D’Souza wrote","The prosecutor, Manhattan U.S. Attorney Preet Bharara, was an Obama appointee later fired by Trump. On Thursday, D’Souza thanked Trump in Twitter posts that also slammed Bharara. “KARMA IS A BITCH DEPT: @PreetBharara wanted to destroy a fellow Indian American to advance his career. Then he got fired & I got pardoned,” D’Souza wrote. Bharara earlier said on Twitter: “The President has the right to pardon but the facts are these: D’Souza intentionally broke the law, voluntarily pled guilty, apologized for his",,
article_29,same_label_segmentation_difference,testimony,testimony,4052,4320,4052,4320,267,"Bharara earlier said on Twitter: “The President has the right to pardon but the facts are these: D’Souza intentionally broke the law, voluntarily pled guilty, apologized for his conduct & the judge found no unfairness. The career prosecutors and agents did their job.”","Bharara earlier said on Twitter: “The President has the right to pardon but the facts are these: D’Souza intentionally broke the law, voluntarily pled guilty, apologized for his conduct & the judge found no unfairness || The career prosecutors and agents did their job.”","also slammed Bharara. “KARMA IS A BITCH DEPT: @PreetBharara wanted to destroy a fellow Indian American to advance his career. Then he got fired & I got pardoned,” D’Souza wrote. Bharara earlier said on Twitter: “The President has the right to pardon but the facts are these: D’Souza intentionally broke the law, voluntarily pled guilty, apologized for his conduct & the judge found no unfairness. The career prosecutors and agents did their job.” Stewart and Blagojevich both were involved with Trump’s “Apprentice” reality TV television show. Blagojevich was convicted of corruption offenses including soliciting bribes for",,
article_29,overlapping_different_label,testimony,assumption,3085,3170,3168,3170,2,Trump denies any collusion with Russia and has called Mueller’s probe a “witch hunt.”,.”,"t he will reward political allies for loyalty with get-out-of-jail-free cards,” Democratic U.S. Representative Don Beyer said on Twitter. “He doesn’t care about the rule of law.” Trump denies any collusion with Russia and has called Mueller’s probe a “witch hunt.” D’Souza, 53, admitted in 2014 he illegally reimbursed two “straw donors” who donated $10,000 each to the unsuccessful 2012 U.S. Senate campaign in New York of Wendy Long, a Repub",,
article_29,overlapping_different_label,testimony,anecdote,577,821,690,821,131,"The Republican president then told reporters on a flight to Houston he was also considering a pardon for Stewart, who was convicted in 2004 on charges of conspiracy, obstruction of justice and making false statements in an insider-trading probe","who was convicted in 2004 on charges of conspiracy, obstruction of justice and making false statements in an insider-trading probe","014 to U.S. campaign finance law violations and was an outspoken critic of Democratic former President Barack Obama, saying he had been “treated very unfairly by our government!” The Republican president then told reporters on a flight to Houston he was also considering a pardon for Stewart, who was convicted in 2004 on charges of conspiracy, obstruction of justice and making false statements in an insider-trading probe. James Comey, whom Trump fired as FBI director last year and has repeatedly assailed, was the lead federal prosecutor in Stewart’s case and played a role in the prosecution of Le",,
article_29,overlapping_different_label,anecdote,assumption,1079,1108,1102,1108,6,Trump pardoned Libby in April,April,"assailed, was the lead federal prosecutor in Stewart’s case and played a role in the prosecution of Lewis “Scooter” Libby, the chief of staff to former Vice President Dick Cheney. Trump pardoned Libby in April. Trump also said he might commute the 14-year prison sentence of former Illinois Governor Rod Blagojevich, a Democrat convicted of corruption charges, and was considering pardoni",,
article_29,overlapping_different_label,testimony,anecdote,1111,1411,1339,1411,72,"Trump also said he might commute the 14-year prison sentence of former Illinois Governor Rod Blagojevich, a Democrat convicted of corruption charges, and was considering pardoning a woman convicted of a drug-related charge after reality TV star Kim Kardashian discussed the case with him on Wednesday",reality TV star Kim Kardashian discussed the case with him on Wednesday,"rosecutor in Stewart’s case and played a role in the prosecution of Lewis “Scooter” Libby, the chief of staff to former Vice President Dick Cheney. Trump pardoned Libby in April. Trump also said he might commute the 14-year prison sentence of former Illinois Governor Rod Blagojevich, a Democrat convicted of corruption charges, and was considering pardoning a woman convicted of a drug-related charge after reality TV star Kim Kardashian discussed the case with him on Wednesday. White House spokesman Hogan Gidley, briefing reporters on Air Force One as Trump later flew to Dallas for Republican fundraising events, denied that celebrity was a consideratio",,
article_29,overlapping_different_label,anecdote,assumption,23,284,221,284,63,"President Donald Trump on Thursday pardoned a conservative commentator and said he was considering pardoning lifestyle maven Martha Stewart and commuting a former Illinois governor’s prison sentence, prompting critics to accuse him of subverting the rule of law",", prompting critics to accuse him of subverting the rule of law","WASHINGTON (Reuters) - President Donald Trump on Thursday pardoned a conservative commentator and said he was considering pardoning lifestyle maven Martha Stewart and commuting a former Illinois governor’s prison sentence, prompting critics to accuse him of subverting the rule of law. Trump announced on Twitter his decision to pardon pundit and filmmaker Dinesh D’Souza, who pleaded guilty in 2014 to U.S. campaign finance law violations and was an outspoken cr",,
article_29,overlapping_different_label,anecdote,assumption,1980,2165,1980,2165,185,"After D’Souza’s pardon, some constitutional scholars, legal analysts and Democratic lawmakers accused Trump of undermining the rule of law with pardons based on political considerations","After D’Souza’s pardon, some constitutional scholars, legal analysts and Democratic lawmakers accused Trump of undermining the rule of law with pardons based on political considerations","ssue pardons, and Trump sometimes has used that authority to benefit convicted figures revered by some on the political right such as former Arizona sheriff Joe Arpaio and Libby. After D’Souza’s pardon, some constitutional scholars, legal analysts and Democratic lawmakers accused Trump of undermining the rule of law with pardons based on political considerations. Critics said the president was sending a message to people caught up in Special Counsel Robert Mueller’s investigation into whether Trump’s 2016 presidential campaign colluded w",,
article_29,overlapping_different_label,testimony,assumption,2168,2475,2409,2475,66,"Critics said the president was sending a message to people caught up in Special Counsel Robert Mueller’s investigation into whether Trump’s 2016 presidential campaign colluded with Russia, including his longtime private lawyer Michael Cohen, whose business dealings are separately under scrutiny in New York",whose business dealings are separately under scrutiny in New York,"Souza’s pardon, some constitutional scholars, legal analysts and Democratic lawmakers accused Trump of undermining the rule of law with pardons based on political considerations. Critics said the president was sending a message to people caught up in Special Counsel Robert Mueller’s investigation into whether Trump’s 2016 presidential campaign colluded with Russia, including his longtime private lawyer Michael Cohen, whose business dealings are separately under scrutiny in New York. “Trump’s Dinesh D’Souza pardon today, on top of his pardons of Scooter Libby and Joe Arpaio, make sense only as an elephant-whistle to Michael Cohen & all who know damning thing",,
article_29,overlapping_different_label,anecdote,assumption,3648,3713,3648,3713,65,Some conservatives complained of selective prosecution of D’Souza,Some conservatives complained of selective prosecution of D’Souza,"telling the judge he was ashamed of his actions and contrite. “I cannot believe how stupid I was, how careless, and how irresponsible,” D’Souza wrote in a statement to the judge. Some conservatives complained of selective prosecution of D’Souza. The prosecutor, Manhattan U.S. Attorney Preet Bharara, was an Obama appointee later fired by Trump. On Thursday, D’Souza thanked Trump in Twitter posts that also slammed Bharara",,
article_29,overlapping_different_label,assumption,anecdote,3715,3813,3714,3813,98,"The prosecutor, Manhattan U.S. Attorney Preet Bharara, was an Obama appointee later fired by Trump","The prosecutor, Manhattan U.S. Attorney Preet Bharara, was an Obama appointee later fired by Trump","annot believe how stupid I was, how careless, and how irresponsible,” D’Souza wrote in a statement to the judge. Some conservatives complained of selective prosecution of D’Souza. The prosecutor, Manhattan U.S. Attorney Preet Bharara, was an Obama appointee later fired by Trump. On Thursday, D’Souza thanked Trump in Twitter posts that also slammed Bharara. “KARMA IS A BITCH DEPT: @PreetBharara wanted to destroy a fellow Indian American to advance his ca",,
article_29,overlapping_different_label,anecdote,assumption,3816,3893,3890,3893,3,"On Thursday, D’Souza thanked Trump in Twitter posts that also slammed Bharara",ara,"the judge. Some conservatives complained of selective prosecution of D’Souza. The prosecutor, Manhattan U.S. Attorney Preet Bharara, was an Obama appointee later fired by Trump. On Thursday, D’Souza thanked Trump in Twitter posts that also slammed Bharara. “KARMA IS A BITCH DEPT: @PreetBharara wanted to destroy a fellow Indian American to advance his career. Then he got fired & I got pardoned,” D’Souza wrote. Bharara earlier said",,
article_29,unmatched_gold_span,assumption,,4525,4588,,,0,Senate seat Obama vacated after being elected president in 2008,,"both were involved with Trump’s “Apprentice” reality TV television show. Blagojevich was convicted of corruption offenses including soliciting bribes for appointment to the U.S. Senate seat Obama vacated after being elected president in 2008. Last August, Trump pardoned Arpaio less than a month after his conviction for criminal contempt in a case involving racial profiling of Hispanics. Arpaio was known for his crack",,
article_29,unmatched_prediction,,anecdote,,,287,372,0,,Trump announced on Twitter his decision to pardon pundit and filmmaker Dinesh D’Souza,"as considering pardoning lifestyle maven Martha Stewart and commuting a former Illinois governor’s prison sentence, prompting critics to accuse him of subverting the rule of law. Trump announced on Twitter his decision to pardon pundit and filmmaker Dinesh D’Souza, who pleaded guilty in 2014 to U.S. campaign finance law violations and was an outspoken critic of Democratic former President Barack Obama, saying he had been “treated very unfai",,
article_29,unmatched_prediction,,anecdote,,,580,689,0,,Republican president then told reporters on a flight to Houston he was also considering a pardon for Stewart,"to U.S. campaign finance law violations and was an outspoken critic of Democratic former President Barack Obama, saying he had been “treated very unfairly by our government!” The Republican president then told reporters on a flight to Houston he was also considering a pardon for Stewart, who was convicted in 2004 on charges of conspiracy, obstruction of justice and making false statements in an insider-trading probe. James Comey, whom Trump fired as FBI director",,
article_29,unmatched_prediction,,anecdote,,,1264,1333,0,,was considering pardoning a woman convicted of a drug-related charge,"pardoned Libby in April. Trump also said he might commute the 14-year prison sentence of former Illinois Governor Rod Blagojevich, a Democrat convicted of corruption charges, and was considering pardoning a woman convicted of a drug-related charge after reality TV star Kim Kardashian discussed the case with him on Wednesday. White House spokesman Hogan Gidley, briefing reporters on Air Force One as Trump later flew to Dall",,
article_29,unmatched_prediction,,assumption,,,2356,2408,0,,including his longtime private lawyer Michael Cohen,"said the president was sending a message to people caught up in Special Counsel Robert Mueller’s investigation into whether Trump’s 2016 presidential campaign colluded with Russia, including his longtime private lawyer Michael Cohen, whose business dealings are separately under scrutiny in New York. “Trump’s Dinesh D’Souza pardon today, on top of his pardons of Scooter Libby and Joe Arpaio, make sense only a",,
article_29,unmatched_prediction,,other,,,5124,5142,0,,and Steve Holland,"sly pardoned boxer Jack Johnson, the first black world heavyweight champion, who was jailed a century ago because of his relationship with a white woman. Reporting by Doina Chiacu and Steve Holland; Additional reporting by Makini Brice; Editing by Will Dunham and Peter Cooney",,
article_29,unmatched_prediction,,other,,,5143,5180,0,,Additional reporting by Makini Brice,"Jack Johnson, the first black world heavyweight champion, who was jailed a century ago because of his relationship with a white woman. Reporting by Doina Chiacu and Steve Holland; Additional reporting by Makini Brice; Editing by Will Dunham and Peter Cooney",,
article_29,unmatched_prediction,,other,,,5189,5208,0,,by Will Dunham and,"t champion, who was jailed a century ago because of his relationship with a white woman. Reporting by Doina Chiacu and Steve Holland; Additional reporting by Makini Brice; Editing by Will Dunham and Peter Cooney",,
article_29,unmatched_prediction,,other,,,5214,5221,0,,Cooney,d a century ago because of his relationship with a white woman. Reporting by Doina Chiacu and Steve Holland; Additional reporting by Makini Brice; Editing by Will Dunham and Peter Cooney,,
article_30,same_label_segmentation_difference,testimony,testimony,659,843,659,843,183,"""The truth is, Mr. Schaub is not interested in advising the executive branch on ethics. He's interested in grandstanding and lobbying for more expansive powers in the office he holds.""","""The truth is, Mr. Schaub is not interested in advising the executive branch on ethics || He's interested in grandstanding and lobbying for more expansive powers in the office he holds.""","hite House — which happens to be his actual day job — is rather telling,"" White House spokesperson Lindsay Walters, said in a statement to the Times that misspelled Shaub's name. ""The truth is, Mr. Schaub is not interested in advising the executive branch on ethics. He's interested in grandstanding and lobbying for more expansive powers in the office he holds."" Walters' statement came in response to a Times interview with Shaub in which he criticized the administration's handling of ethics guidelines and made a laundry list of new propo",,
article_30,same_label_segmentation_difference,testimony,testimony,1381,1476,1380,1476,95,"""It affects our credibility. ... I think we are pretty close to a laughingstock at this point.""","""It affects our credibility. || ... I think we are pretty close to a laughingstock at this point.""","""It's hard for the United States to pursue international anticorruption and ethics initiatives when we're not even keeping our own side of the street clean,"" Shaub told the Times. ""It affects our credibility. ... I think we are pretty close to a laughingstock at this point."" Shaub was particularly critical of President Donald Trump's constant weekend trips to his clubs and golf courses. Just this past weekend, Trump attended the US Women's Open golf",,
article_30,same_label_segmentation_difference,testimony,testimony,1877,2136,1876,2136,258,"""Misuse of position is really the heart of the ethics program, and the internationally accepted definition of corruption is abuse of entrusted power. It undermines the government ethics program by casting doubt on the integrity of government decision making.""","""Misuse of position is really the heart of the ethics program, and the internationally accepted definition of corruption is abuse of entrusted power || It undermines the government ethics program by casting doubt on the integrity of government decision making.""","New Jersey golf club. The president repeatedly promoted the event on Twitter while he was in attendance. ""It creates the appearance of profiting from the presidency,"" Shaub said. ""Misuse of position is really the heart of the ethics program, and the internationally accepted definition of corruption is abuse of entrusted power. It undermines the government ethics program by casting doubt on the integrity of government decision making."" Shaub's recommendations included forcing presidential candidates to release their tax returns, providing the OGE with subpoena power, and giving the office additional power when",,
article_30,same_label_boundary_difference,anecdote,anecdote,2378,2459,2383,2459,76,"Prior to Trump, every major party candidate since 1976 released their tax returns","to Trump, every major party candidate since 1976 released their tax returns","ates to release their tax returns, providing the OGE with subpoena power, and giving the office additional power when it comes to dealing with presidential conflicts of interest. Prior to Trump, every major party candidate since 1976 released their tax returns. Additionally, the victorious candidates have divested from their holdings. Trump, with holdings that far outpace any president before him, has not, instead allowing his two adult",,
article_30,same_label_segmentation_difference,testimony,testimony,3469,3795,3469,3795,325,"In an interview with NPR shortly after his announcement, Shaub said ""the current situation has made it clear that the ethics program needs to be stronger than it is. At the Campaign Legal Center, I'll have more freedom to push for reform. I'll also be broadening my focus to include ethics issues at all levels of government.""","In an interview with NPR shortly after his announcement, Shaub said ""the current situation has made it clear that the ethics program needs to be stronger than it is. At the Campaign Legal Center, I'll have more freedom to push for reform || I'll also be broadening my focus to include ethics issues at all levels of government.""","ub announced in a letter to Trump earlier this month that he would resign ahead of the end of his term, which was scheduled to end in January 2018. Shaub's last day is Wednesday. In an interview with NPR shortly after his announcement, Shaub said ""the current situation has made it clear that the ethics program needs to be stronger than it is. At the Campaign Legal Center, I'll have more freedom to push for reform. I'll also be broadening my focus to include ethics issues at all levels of government."" Shaub has been sharply critical of both Trump and his administration's ethical quandaries during the president's early months in office. The OGE pushed Trump to fully divest fro",,
article_30,overlapping_different_label,anecdote,assumption,32,167,32,167,135,"The White House blasted the outgoing head of the Office of Government Ethics, Walter Shaub, just days before he's set to leave the post","The White House blasted the outgoing head of the Office of Government Ethics, Walter Shaub, just days before he's set to leave the post","Donald Trump.Pool/Getty Images The White House blasted the outgoing head of the Office of Government Ethics, Walter Shaub, just days before he's set to leave the post. The White House's statement, provided to The New York Times, came in response to Shaub's persistent criticism of the administration in the days since he announced his resignatio",,
article_30,overlapping_different_label,anecdote,assumption,170,348,173,348,175,"The White House's statement, provided to The New York Times, came in response to Shaub's persistent criticism of the administration in the days since he announced his resignation","White House's statement, provided to The New York Times, came in response to Shaub's persistent criticism of the administration in the days since he announced his resignation","Donald Trump.Pool/Getty Images The White House blasted the outgoing head of the Office of Government Ethics, Walter Shaub, just days before he's set to leave the post. The White House's statement, provided to The New York Times, came in response to Shaub's persistent criticism of the administration in the days since he announced his resignation. ""Mr. Schaub's penchant for raising concerns on matters well outside his scope with the media before ever raising them with the White House — which happens to be his actual day j",,
article_30,overlapping_different_label,testimony,anecdote,845,1102,845,1102,257,Walters' statement came in response to a Times interview with Shaub in which he criticized the administration's handling of ethics guidelines and made a laundry list of new proposals he recommends the government takes to help limit and handle ethical snafus,Walters' statement came in response to a Times interview with Shaub in which he criticized the administration's handling of ethics guidelines and made a laundry list of new proposals he recommends the government takes to help limit and handle ethical snafus,"ruth is, Mr. Schaub is not interested in advising the executive branch on ethics. He's interested in grandstanding and lobbying for more expansive powers in the office he holds."" Walters' statement came in response to a Times interview with Shaub in which he criticized the administration's handling of ethics guidelines and made a laundry list of new proposals he recommends the government takes to help limit and handle ethical snafus. Shaub said the administration has made the US ""pretty close to a laughingstock at this point."" ""It's hard for the United States to pursue international anticorruption and ethic",,
article_30,overlapping_different_label,anecdote,assumption,1478,1590,1478,1590,112,Shaub was particularly critical of President Donald Trump's constant weekend trips to his clubs and golf courses,Shaub was particularly critical of President Donald Trump's constant weekend trips to his clubs and golf courses,"en we're not even keeping our own side of the street clean,"" Shaub told the Times. ""It affects our credibility. ... I think we are pretty close to a laughingstock at this point."" Shaub was particularly critical of President Donald Trump's constant weekend trips to his clubs and golf courses. Just this past weekend, Trump attended the US Women's Open golf tournament being held at his Bedminster, New Jersey golf club. The president repeatedly promoted the event on Twit",,
article_30,overlapping_different_label,testimony,assumption,2138,2375,2138,2375,237,"Shaub's recommendations included forcing presidential candidates to release their tax returns, providing the OGE with subpoena power, and giving the office additional power when it comes to dealing with presidential conflicts of interest","Shaub's recommendations included forcing presidential candidates to release their tax returns, providing the OGE with subpoena power, and giving the office additional power when it comes to dealing with presidential conflicts of interest","nally accepted definition of corruption is abuse of entrusted power. It undermines the government ethics program by casting doubt on the integrity of government decision making."" Shaub's recommendations included forcing presidential candidates to release their tax returns, providing the OGE with subpoena power, and giving the office additional power when it comes to dealing with presidential conflicts of interest. Prior to Trump, every major party candidate since 1976 released their tax returns. Additionally, the victorious candidates have divested from their holdings. Trump, with holding",,
article_30,overlapping_different_label,anecdote,assumption,2475,2534,2473,2534,59,the victorious candidates have divested from their holdings,", the victorious candidates have divested from their holdings","additional power when it comes to dealing with presidential conflicts of interest. Prior to Trump, every major party candidate since 1976 released their tax returns. Additionally, the victorious candidates have divested from their holdings. Trump, with holdings that far outpace any president before him, has not, instead allowing his two adult sons, Donald Jr. and Eric, in addition to a senior Trump Organization empl",,
article_30,overlapping_different_label,anecdote,assumption,2536,2741,2535,2741,205,"Trump, with holdings that far outpace any president before him, has not, instead allowing his two adult sons, Donald Jr. and Eric, in addition to a senior Trump Organization employee, to control his assets","Trump, with holdings that far outpace any president before him, has not, instead allowing his two adult sons, Donald Jr. and Eric, in addition to a senior Trump Organization employee, to control his assets","onflicts of interest. Prior to Trump, every major party candidate since 1976 released their tax returns. Additionally, the victorious candidates have divested from their holdings. Trump, with holdings that far outpace any president before him, has not, instead allowing his two adult sons, Donald Jr. and Eric, in addition to a senior Trump Organization employee, to control his assets. ""Other presidents have understood it is a pragmatic necessity,"" Shaub, who is joining the Campaign Legal Center after he leaves office, said. ""This president seems to think it i",,
article_30,overlapping_different_label,testimony,anecdote,3286,3435,3286,3391,105,"Shaub announced in a letter to Trump earlier this month that he would resign ahead of the end of his term, which was scheduled to end in January 2018",Shaub announced in a letter to Trump earlier this month that he would resign ahead of the end of his term,"hat of challenging the president. ""I would not have picked this fight,"" he said. ""But I have never been one to shy away from bullies."" Walter Shaub.AP Photo/J. Scott Applewhite Shaub announced in a letter to Trump earlier this month that he would resign ahead of the end of his term, which was scheduled to end in January 2018. Shaub's last day is Wednesday. In an interview with NPR shortly after his announcement, Shaub said ""the current situation has made it clear that the ethics program needs to be s",,
article_30,overlapping_different_label,anecdote,assumption,3437,3466,3436,3466,29,Shaub's last day is Wednesday,Shaub's last day is Wednesday,"AP Photo/J. Scott Applewhite Shaub announced in a letter to Trump earlier this month that he would resign ahead of the end of his term, which was scheduled to end in January 2018. Shaub's last day is Wednesday. In an interview with NPR shortly after his announcement, Shaub said ""the current situation has made it clear that the ethics program needs to be stronger than it is. At the Camp",,
article_30,overlapping_different_label,anecdote,assumption,3935,4096,3935,4096,161,"The OGE pushed Trump to fully divest from his businesses ahead of taking office and placing his assets into a blind trust, a move Trump subsequently did not make","The OGE pushed Trump to fully divest from his businesses ahead of taking office and placing his assets into a blind trust, a move Trump subsequently did not make","ics issues at all levels of government."" Shaub has been sharply critical of both Trump and his administration's ethical quandaries during the president's early months in office. The OGE pushed Trump to fully divest from his businesses ahead of taking office and placing his assets into a blind trust, a move Trump subsequently did not make. Shaub criticized the plan that involved Donald Jr. and Eric during a speech at the Brookings Institution prior to Trump's inauguration, saying it ""doesn't meet the standards that",,
article_30,overlapping_different_label,anecdote,assumption,4555,4767,4689,4767,78,"He battled Mick Mulvaney, the director of the Office of Management and Budget, to release the ethics waivers of White House employees, a move with which the White House later complied after initially stonewalling",a move with which the White House later complied after initially stonewalling,"""His sons are still running the businesses, and, of course, he knows what he owns,"" Shaub said. Shaub has had a fraught relationship with the administration in the months since. He battled Mick Mulvaney, the director of the Office of Management and Budget, to release the ethics waivers of White House employees, a move with which the White House later complied after initially stonewalling. The release of the waivers showed that several top White House officials, such as counselor Kellyanne Conway and chief strategist Steve Bannon, received ethics waivers for certai",,
article_30,overlapping_different_label,testimony,assumption,4769,4954,4768,4954,185,"The release of the waivers showed that several top White House officials, such as counselor Kellyanne Conway and chief strategist Steve Bannon, received ethics waivers for certain areas","The release of the waivers showed that several top White House officials, such as counselor Kellyanne Conway and chief strategist Steve Bannon, received ethics waivers for certain areas","ector of the Office of Management and Budget, to release the ethics waivers of White House employees, a move with which the White House later complied after initially stonewalling. The release of the waivers showed that several top White House officials, such as counselor Kellyanne Conway and chief strategist Steve Bannon, received ethics waivers for certain areas. Shaub was later critical of Bannon's waiver, calling it ""problematic.""",,
article_30,overlapping_different_label,testimony,anecdote,4957,5027,5025,5027,2,"Shaub was later critical of Bannon's waiver, calling it ""problematic.""",".""","ase of the waivers showed that several top White House officials, such as counselor Kellyanne Conway and chief strategist Steve Bannon, received ethics waivers for certain areas. Shaub was later critical of Bannon's waiver, calling it ""problematic.""",,
article_30,unmatched_prediction,,other,,,0,6,0,,Donald,"Donald Trump.Pool/Getty Images The White House blasted the outgoing head of the Office of Government Ethics, Walter Shaub, just days before he's set to leave the post. The White House'",,
article_30,unmatched_prediction,,other,,,3266,3279,0,,. Scott Apple,"ant his role to be that of challenging the president. ""I would not have picked this fight,"" he said. ""But I have never been one to shy away from bullies."" Walter Shaub.AP Photo/J. Scott Applewhite Shaub announced in a letter to Trump earlier this month that he would resign ahead of the end of his term, which was scheduled to end in January 2018. Shaub's last day is We",,
article_30,unmatched_prediction,,anecdote,,,3392,3435,0,,which was scheduled to end in January 2018,"ne to shy away from bullies."" Walter Shaub.AP Photo/J. Scott Applewhite Shaub announced in a letter to Trump earlier this month that he would resign ahead of the end of his term, which was scheduled to end in January 2018. Shaub's last day is Wednesday. In an interview with NPR shortly after his announcement, Shaub said ""the current situation has made it clear that the ethics program needs to be s",,
article_31,same_label_boundary_difference,assumption,assumption,702,806,697,966,104,he also is very much a product of a political tempest in Brazil that made his messages less marginalized,"But he also is very much a product of a political tempest in Brazil that made his messages less marginalized: widespread anger at the political class amid years of corruption, an economy that has struggled to recover after a punishing recession and a surge in violence","l outsider despite a 27-year career in Congress, is the latest of several leaders around the globe to gain prominence by mixing tough, often violent talk with right-wing positions. But he also is very much a product of a political tempest in Brazil that made his messages less marginalized: widespread anger at the political class amid years of corruption, an economy that has struggled to recover after a punishing recession and a surge in violence. The name of his party, PSL, translates to ""Social Liberal Party,"" although it largely abandoned its socially liberal platforms after he joined. Bolstering his rebel image is his",,
article_31,same_label_boundary_difference,assumption,assumption,1043,1110,1033,1110,67,it largely abandoned its socially liberal platforms after he joined,although it largely abandoned its socially liberal platforms after he joined,"years of corruption, an economy that has struggled to recover after a punishing recession and a surge in violence. The name of his party, PSL, translates to ""Social Liberal Party,"" although it largely abandoned its socially liberal platforms after he joined. Bolstering his rebel image is his reputation for offensive statements and sometimes extreme views, including insulting women, black people and the LGBT community. “I’m afraid t",,
article_31,same_label_boundary_difference,assumption,assumption,4775,4818,4770,4818,43,Haddad was unable to make up the difference,But Haddad was unable to make up the difference,"ent in the first round of the election Oct. 7. After opinion polls in recent weeks had Bolsonaro leading by as much as 18 percentage points, the race had tightened in recent days. But Haddad was unable to make up the difference. “I’m not crazy about Bolsonaro. But he is our way to keep the Workers’ Party out of office,” said Rafaela Rosa, a 32-year-old teacher, after voting Sunday in Sao Paulo. “We have",,
article_31,same_label_segmentation_difference,testimony,testimony,4821,4988,4822,4988,165,"“I’m not crazy about Bolsonaro. But he is our way to keep the Workers’ Party out of office,” said Rafaela Rosa, a 32-year-old teacher, after voting Sunday in Sao Paulo","I’m not crazy about Bolsonaro || But he is our way to keep the Workers’ Party out of office,” said Rafaela Rosa, a 32-year-old teacher, after voting Sunday in Sao Paulo","er opinion polls in recent weeks had Bolsonaro leading by as much as 18 percentage points, the race had tightened in recent days. But Haddad was unable to make up the difference. “I’m not crazy about Bolsonaro. But he is our way to keep the Workers’ Party out of office,” said Rafaela Rosa, a 32-year-old teacher, after voting Sunday in Sao Paulo. “We have had enough corruption and now we need to clean up.” The Associated Press contributed to this report.",,
article_31,same_label_segmentation_difference,anecdote,anecdote,4125,4288,4124,4288,159,"In that same city, crowds gathered on a central avenue with banners and flags and people cheered and set off firecrackers in other neighborhoods as results came in","In that same city, crowds gathered on a central avenue with banners and flags || people cheered and set off firecrackers in other neighborhoods as results came in","o, his supporters set off fireworks on iconic Copacabana Beach. In Sao Paulo, Brazil’s largest city, cars horns could be heard honking and crowds celebrated as the results came in. In that same city, crowds gathered on a central avenue with banners and flags and people cheered and set off firecrackers in other neighborhoods as results came in. MATTIS: U.S. MILITARY DEPLOYING RESOURCES TO MEXICO BORDER Riot police separated supporters of Bolsonaro and those of his leftist rival Haddad when they briefly scuffled in Sao",,
article_31,same_label_segmentation_difference,anecdote,anecdote,1978,2133,1978,2133,152,"Supporters of Jair Bolsonaro singing the national anthem in front of his house during the presidential runoff election in Rio de Janeiro, Brazil, on Sunday","Supporters of || air Bolsonaro singing the national anthem in front of his house during the presidential runoff election in Rio de Janeiro, Brazil || on Sunday","ule of law, the judiciary branch, the national Congress and the legislative branch,” Toffoli said in remarks many took to be a rebuke of Bolsonaro and his more extreme positions. Supporters of Jair Bolsonaro singing the national anthem in front of his house during the presidential runoff election in Rio de Janeiro, Brazil, on Sunday. (AP Photo/Silvia Izquierdo) With 96 percent of ballots counted, Bolsonaro had 55.5 percent of the votes. Leftist Fernando Haddad of the Workers’ Party had 44.5 percent. MIGRANT",,
article_31,same_label_segmentation_difference,assumption,assumption,3026,3230,3026,3230,204,Bolsonaro’s campaign first gained traction with his promises to go after violent crime in a country that leads the world in homicides and where many Brazilians live in daily fear of muggings or burglaries,Bolsonaro’s campaign first gained traction with his promises to go after violent crime in a country that leads the world in homicides and || where many Brazilians live in daily fear of muggings or burglaries,"business owner, after she voted for Bolsonaro in Sao Paulo. “Lots of bad people are leaving, and lots of new, good people are entering. There’s a light at the end of the tunnel.” Bolsonaro’s campaign first gained traction with his promises to go after violent crime in a country that leads the world in homicides and where many Brazilians live in daily fear of muggings or burglaries. However, his vows to loosen gun laws and give police a freer hand to use force against suspects also have raised concerns that a Bolsonaro presidency could lead to a bloody crack",,
article_31,same_label_boundary_difference,assumption,assumption,3241,3445,3239,3445,204,his vows to loosen gun laws and give police a freer hand to use force against suspects also have raised concerns that a Bolsonaro presidency could lead to a bloody crackdown and an erosion of civil rights,", his vows to loosen gun laws and give police a freer hand to use force against suspects also have raised concerns that a Bolsonaro presidency could lead to a bloody crackdown and an erosion of civil rights","traction with his promises to go after violent crime in a country that leads the world in homicides and where many Brazilians live in daily fear of muggings or burglaries. However, his vows to loosen gun laws and give police a freer hand to use force against suspects also have raised concerns that a Bolsonaro presidency could lead to a bloody crackdown and an erosion of civil rights. A woman donning the official Workers' Party color celebrates after voting in the presidential runoff election in Sao Paulo, Brazil, on Sunday. (AP Photo/Nelson Antoine) The cam",,
article_31,overlapping_different_label,assumption,anecdote,0,49,0,49,49,Jair Bolsonaro won Brazil’s presidential election,Jair Bolsonaro won Brazil’s presidential election,"Jair Bolsonaro won Brazil’s presidential election. The candidate promises to go after violent crimes but has gained a reputation for, what some are calling, extreme views and offensive comments. Brazil’s Supreme Electoral Tribun",,
article_31,overlapping_different_label,anecdote,assumption,51,193,50,193,142,"The candidate promises to go after violent crimes but has gained a reputation for, what some are calling, extreme views and offensive comments","The candidate promises to go after violent crimes but has gained a reputation for, what some are calling, extreme views and offensive comments","Jair Bolsonaro won Brazil’s presidential election. The candidate promises to go after violent crimes but has gained a reputation for, what some are calling, extreme views and offensive comments. Brazil’s Supreme Electoral Tribunal declared Sunday that anti-establishment congressman Jair Bolsonaro, a champion of traditional Brazilian values, has won the country&aposs ele",,
article_31,overlapping_different_label,testimony,anecdote,196,473,196,473,277,"Brazil’s Supreme Electoral Tribunal declared Sunday that anti-establishment congressman Jair Bolsonaro, a champion of traditional Brazilian values, has won the country&aposs election for the presidency of Latin America’s biggest country and the world’s fourth-largest democracy","Brazil’s Supreme Electoral Tribunal declared Sunday that anti-establishment congressman Jair Bolsonaro, a champion of traditional Brazilian values, has won the country&aposs election for the presidency of Latin America’s biggest country and the world’s fourth-largest democracy","on Brazil’s presidential election. The candidate promises to go after violent crimes but has gained a reputation for, what some are calling, extreme views and offensive comments. Brazil’s Supreme Electoral Tribunal declared Sunday that anti-establishment congressman Jair Bolsonaro, a champion of traditional Brazilian values, has won the country&aposs election for the presidency of Latin America’s biggest country and the world’s fourth-largest democracy. Bolsonaro, who cast himself as a political outsider despite a 27-year career in Congress, is the latest of several leaders around the globe to gain prominence by mixing tough, o",,
article_31,overlapping_different_label,anecdote,statistics,4477,4635,4477,4635,158,Bolsonaro went into the election the clear front-runner after getting 46 percent of the votes to Haddad’s 29 percent in the first round of the election Oct. 7,Bolsonaro went into the election the clear front-runner after getting 46 percent of the votes to Haddad’s 29 percent in the first round of the election Oct. 7,": U.S. MILITARY DEPLOYING RESOURCES TO MEXICO BORDER Riot police separated supporters of Bolsonaro and those of his leftist rival Haddad when they briefly scuffled in Sao Paulo. Bolsonaro went into the election the clear front-runner after getting 46 percent of the votes to Haddad’s 29 percent in the first round of the election Oct. 7. After opinion polls in recent weeks had Bolsonaro leading by as much as 18 percentage points, the race had tightened in recent days. But Haddad was unable to make up the differe",,
article_31,overlapping_different_label,anecdote,statistics,4638,4769,4638,4730,92,"After opinion polls in recent weeks had Bolsonaro leading by as much as 18 percentage points, the race had tightened in recent days",After opinion polls in recent weeks had Bolsonaro leading by as much as 18 percentage points,"led in Sao Paulo. Bolsonaro went into the election the clear front-runner after getting 46 percent of the votes to Haddad’s 29 percent in the first round of the election Oct. 7. After opinion polls in recent weeks had Bolsonaro leading by as much as 18 percentage points, the race had tightened in recent days. But Haddad was unable to make up the difference. “I’m not crazy about Bolsonaro. But he is our way to keep the Workers’ Party out of office,” said Rafaela Rosa, a 32-year-old te",,
article_31,overlapping_different_label,assumption,testimony,1899,1975,1957,1975,18,remarks many took to be a rebuke of Bolsonaro and his more extreme positions,extreme positions,"“The future president must respect institutions, must respect democracy, the rule of law, the judiciary branch, the national Congress and the legislative branch,” Toffoli said in remarks many took to be a rebuke of Bolsonaro and his more extreme positions. Supporters of Jair Bolsonaro singing the national anthem in front of his house during the presidential runoff election in Rio de Janeiro, Brazil, on Sunday. (AP Photo/Silvia Izq",,
article_31,unmatched_gold_span,testimony,,1720,1895,,,0,"“The future president must respect institutions, must respect democracy, the rule of law, the judiciary branch, the national Congress and the legislative branch,” Toffoli said",,"eed to respond with force.” In a highly unusual moment, the chief justice of the Supreme Court, Jose Dias Toffoli, read out part of the Constitution to reporters after he voted. “The future president must respect institutions, must respect democracy, the rule of law, the judiciary branch, the national Congress and the legislative branch,” Toffoli said in remarks many took to be a rebuke of Bolsonaro and his more extreme positions. Supporters of Jair Bolsonaro singing the national anthem in front of his house during the preside",,
article_31,unmatched_prediction,,assumption,,,4731,4769,0,,the race had tightened in recent days,"ercent of the votes to Haddad’s 29 percent in the first round of the election Oct. 7. After opinion polls in recent weeks had Bolsonaro leading by as much as 18 percentage points, the race had tightened in recent days. But Haddad was unable to make up the difference. “I’m not crazy about Bolsonaro. But he is our way to keep the Workers’ Party out of office,” said Rafaela Rosa, a 32-year-old te",,
article_31,unmatched_prediction,,other,,,5066,5072,0,,Press,"kers’ Party out of office,” said Rafaela Rosa, a 32-year-old teacher, after voting Sunday in Sao Paulo. “We have had enough corruption and now we need to clean up.” The Associated Press contributed to this report.",,
article_31,unmatched_prediction,,other,,,5084,5099,0,,to this report,"office,” said Rafaela Rosa, a 32-year-old teacher, after voting Sunday in Sao Paulo. “We have had enough corruption and now we need to clean up.” The Associated Press contributed to this report.",,
article_32,same_label_boundary_difference,testimony,testimony,0,326,241,326,85,"President Barack Obama is expected to endorse changes to the way the government collects millions of Americans&apos phone records for possible future surveillance, but he&aposll leave many of the specific adjustments for Congress to sort out, according to three U.S. officials familiar with the White House intelligence review",", according to three U.S. officials familiar with the White House intelligence review","President Barack Obama is expected to endorse changes to the way the government collects millions of Americans&apos phone records for possible future surveillance, but he&aposll leave many of the specific adjustments for Congress to sort out, according to three U.S. officials familiar with the White House intelligence review. That move would thrust much of the decision-making on Section 215 of the USA Patriot Act toward a branch of government that is deeply divided over the future of the surveillance",,
article_32,same_label_boundary_difference,assumption,assumption,1149,1257,1176,1257,81,The speech marks the culmination of a monthslong review sparked by former NSA systems analyst Edward Snowden,ation of a monthslong review sparked by former NSA systems analyst Edward Snowden,"government monitors. And he&aposs likely to back increased privacy protections for foreign citizens, a step aimed at soothing international anger over U.S. surveillance programs. The speech marks the culmination of a monthslong review sparked by former NSA systems analyst Edward Snowden, who leaked a trove of classified documents about the secret surveillance programs last year. In another revelation about NSA activities, The New York Times reported Tuesday that",,
article_32,same_label_boundary_difference,testimony,testimony,1353,1548,1353,1614,195,"In another revelation about NSA activities, The New York Times reported Tuesday that the agency has implanted software in nearly 100,000 computers around the world -- but not in the United States","In another revelation about NSA activities, The New York Times reported Tuesday that the agency has implanted software in nearly 100,000 computers around the world -- but not in the United States -- that allows the U.S. to conduct surveillance on those machines","mination of a monthslong review sparked by former NSA systems analyst Edward Snowden, who leaked a trove of classified documents about the secret surveillance programs last year. In another revelation about NSA activities, The New York Times reported Tuesday that the agency has implanted software in nearly 100,000 computers around the world -- but not in the United States -- that allows the U.S. to conduct surveillance on those machines. The NSA calls the effort an ""active defense"" and has used the technology to monitor units of China&aposs Army, the Russian military, drug cartels, trade institutions inside the",,
article_32,same_label_segmentation_difference,assumption,assumption,2172,2391,2172,2391,218,"The U.S. judiciary threw cold water on one proposal Obama has indicated he supports: putting an independent privacy advocate on the Foreign Intelligence Surveillance Court, which currently hears only from the government",The U.S. judiciary threw cold water on one proposal Obama has indicated he supports: putting an independent privacy advocate on the Foreign Intelligence Surveillance Court || which currently hears only from the government,"ducting is not complete and that the president could make additional decisions in the coming days. Obama is reviewing more than 40 recommendations from a presidential commission. The U.S. judiciary threw cold water on one proposal Obama has indicated he supports: putting an independent privacy advocate on the Foreign Intelligence Surveillance Court, which currently hears only from the government. Speaking for the entire judiciary, U.S. District Judge John D. Bates said Tuesday that appointing an independent advocate to the secret court is unnecessary and possibly counterp",,
article_32,same_label_boundary_difference,testimony,testimony,2583,2766,2644,2766,122,Officials familiar with the White House review say the panel&aposs recommendation to strip the NSA of its authority to hold Americans&apos phone records has proven difficult for Obama,aposs recommendation to strip the NSA of its authority to hold Americans&apos phone records has proven difficult for Obama,"or the entire judiciary, U.S. District Judge John D. Bates said Tuesday that appointing an independent advocate to the secret court is unnecessary and possibly counterproductive. Officials familiar with the White House review say the panel&aposs recommendation to strip the NSA of its authority to hold Americans&apos phone records has proven difficult for Obama. The panel proposed moving the records to the phone companies or another third party and requiring the NSA to get separate authority from the Foreign Intelligence Surveillance Cou",,
article_32,same_label_boundary_difference,testimony,testimony,3059,3275,3054,3275,216,"officials say he is unlikely to announce specific entities he believes should hold the records in the future, in part because telephone companies have balked at the proposal to bring the data back under their control","But officials say he is unlikely to announce specific entities he believes should hold the records in the future, in part because telephone companies have balked at the proposal to bring the data back under their control","to get separate authority from the Foreign Intelligence Surveillance Court each time it wants to access the data. Obama has suggested he is open to moving the data out of the NSA. But officials say he is unlikely to announce specific entities he believes should hold the records in the future, in part because telephone companies have balked at the proposal to bring the data back under their control. They&aposre worried about their exposure to lawsuits and the price tag if the U.S. government asks them to hold information about customers for longer than they already do. Some",,
article_32,same_label_segmentation_difference,testimony,testimony,3688,3768,3687,3768,77,"""But I would not make the reforms reliant in all cases on congressional action.""",""" || I would not make the reforms reliant in all cases on congressional action.""","his recommendations about the future of the bulk collections. ""It would be useful to set a timeline for the restructuring of the metadata program,"" said Rep. Adam Schiff, D-Calif. ""But I would not make the reforms reliant in all cases on congressional action."" Many privacy advocates support requiring Congress to codify any changes to Section 215, arguing that legislation is the only way to ensure they last beyond Obama&aposs presidency",,
article_32,same_label_boundary_difference,testimony,testimony,3954,4121,3949,4121,167,two phone executives said the cellular industry has told the government it would only accept changes to its role in the programs if they were legally required to do so,And two phone executives said the cellular industry has told the government it would only accept changes to its role in the programs if they were legally required to do so,"Many privacy advocates support requiring Congress to codify any changes to Section 215, arguing that legislation is the only way to ensure they last beyond Obama&aposs presidency. And two phone executives said the cellular industry has told the government it would only accept changes to its role in the programs if they were legally required to do so. The executives spoke on condition of anonymity because they were not authorized to disclose the private discussions with the government. The U.S. officials insisted on anonymity",,
article_32,same_label_boundary_difference,anecdote,anecdote,4619,4774,4723,4774,51,"The section became known as the ""library records provision"" because it allowed the government to seize a wide range of documents, including library records","wide range of documents, including library records","f the Patriot Act, which passed shortly after the Sept. 11, 2001, terrorist attacks and increased the government&aposs surveillance powers. Congress reauthorized the law in 2011. The section became known as the ""library records provision"" because it allowed the government to seize a wide range of documents, including library records. It requires the government to show that there are ""reasonable grounds to believe"" that the records are relevant to an investigation intended to ""protect against international ter",,
article_32,overlapping_different_label,anecdote,assumption,594,807,593,807,213,Among the key decisions Obama is expected to leave to Congress is whether the National Security Agency should continue hold the trove of phone records or move the data to the phone companies or another third party,Among the key decisions Obama is expected to leave to Congress is whether the National Security Agency should continue hold the trove of phone records or move the data to the phone companies or another third party,"Act toward a branch of government that is deeply divided over the future of the surveillance apparatus and in no hurry to settle their differences and quickly enact broad changes. Among the key decisions Obama is expected to leave to Congress is whether the National Security Agency should continue hold the trove of phone records or move the data to the phone companies or another third party. In a highly anticipated speech Friday, Obama is also expected to announce broader oversight of the process that helps determine which foreign leaders the U.S. government monitor",,
article_32,overlapping_different_label,testimony,anecdote,2768,2986,2767,2986,218,The panel proposed moving the records to the phone companies or another third party and requiring the NSA to get separate authority from the Foreign Intelligence Surveillance Court each time it wants to access the data,The panel proposed moving the records to the phone companies or another third party and requiring the NSA to get separate authority from the Foreign Intelligence Surveillance Court each time it wants to access the data,cials familiar with the White House review say the panel&aposs recommendation to strip the NSA of its authority to hold Americans&apos phone records has proven difficult for Obama. The panel proposed moving the records to the phone companies or another third party and requiring the NSA to get separate authority from the Foreign Intelligence Surveillance Court each time it wants to access the data. Obama has suggested he is open to moving the data out of the NSA. But officials say he is unlikely to announce specific entities he believes should hold the records in the futur,,
article_32,overlapping_different_label,testimony,assumption,2989,3053,3049,3053,4,Obama has suggested he is open to moving the data out of the NSA,NSA,"the phone companies or another third party and requiring the NSA to get separate authority from the Foreign Intelligence Surveillance Court each time it wants to access the data. Obama has suggested he is open to moving the data out of the NSA. But officials say he is unlikely to announce specific entities he believes should hold the records in the future, in part because telephone companies have balked at the proposal",,
article_32,overlapping_different_label,testimony,assumption,3277,3448,3276,3448,171,They&aposre worried about their exposure to lawsuits and the price tag if the U.S. government asks them to hold information about customers for longer than they already do,They&aposre worried about their exposure to lawsuits and the price tag if the U.S. government asks them to hold information about customers for longer than they already do,"nce specific entities he believes should hold the records in the future, in part because telephone companies have balked at the proposal to bring the data back under their control. They&aposre worried about their exposure to lawsuits and the price tag if the U.S. government asks them to hold information about customers for longer than they already do. Some lawmakers are pushing for Obama to get specific in his recommendations about the future of the bulk collections. ""It would be useful to set a timeline for the restructurin",,
article_32,overlapping_different_label,testimony,assumption,3770,3948,3857,3948,91,"Many privacy advocates support requiring Congress to codify any changes to Section 215, arguing that legislation is the only way to ensure they last beyond Obama&aposs presidency",arguing that legislation is the only way to ensure they last beyond Obama&aposs presidency,"to set a timeline for the restructuring of the metadata program,"" said Rep. Adam Schiff, D-Calif. ""But I would not make the reforms reliant in all cases on congressional action."" Many privacy advocates support requiring Congress to codify any changes to Section 215, arguing that legislation is the only way to ensure they last beyond Obama&aposs presidency. And two phone executives said the cellular industry has told the government it would only accept changes to its role in the programs if they were legally required to do so. The",,
article_32,overlapping_different_label,testimony,anecdote,4124,4260,4178,4259,81,The executives spoke on condition of anonymity because they were not authorized to disclose the private discussions with the government.,they were not authorized to disclose the private discussions with the government,ency. And two phone executives said the cellular industry has told the government it would only accept changes to its role in the programs if they were legally required to do so. The executives spoke on condition of anonymity because they were not authorized to disclose the private discussions with the government. The U.S. officials insisted on anonymity because they were not authorized to discuss the White House review by name. Section 215 has been one of the most controversial aspects of,,
article_32,overlapping_different_label,testimony,anecdote,4261,4376,4260,4376,115,The U.S. officials insisted on anonymity because they were not authorized to discuss the White House review by name,The U.S. officials insisted on anonymity because they were not authorized to discuss the White House review by name,"ms if they were legally required to do so. The executives spoke on condition of anonymity because they were not authorized to disclose the private discussions with the government. The U.S. officials insisted on anonymity because they were not authorized to discuss the White House review by name. Section 215 has been one of the most controversial aspects of the Patriot Act, which passed shortly after the Sept. 11, 2001, terrorist attacks and increased the government&apos",,
article_32,overlapping_different_label,anecdote,assumption,4379,4577,4457,4577,120,"Section 215 has been one of the most controversial aspects of the Patriot Act, which passed shortly after the Sept. 11, 2001, terrorist attacks and increased the government&aposs surveillance powers","which passed shortly after the Sept. 11, 2001, terrorist attacks and increased the government&aposs surveillance powers","ized to disclose the private discussions with the government. The U.S. officials insisted on anonymity because they were not authorized to discuss the White House review by name. Section 215 has been one of the most controversial aspects of the Patriot Act, which passed shortly after the Sept. 11, 2001, terrorist attacks and increased the government&aposs surveillance powers. Congress reauthorized the law in 2011. The section became known as the ""library records provision"" because it allowed the government to seize a wide range of documents, includin",,
article_32,unmatched_gold_span,assumption,,1552,1614,,,0,that allows the U.S. to conduct surveillance on those machines,,"on about NSA activities, The New York Times reported Tuesday that the agency has implanted software in nearly 100,000 computers around the world -- but not in the United States -- that allows the U.S. to conduct surveillance on those machines. The NSA calls the effort an ""active defense"" and has used the technology to monitor units of China&aposs Army, the Russian military, drug cartels, trade institutions inside the",,
article_32,unmatched_prediction,,assumption,,,0,162,0,,President Barack Obama is expected to endorse changes to the way the government collects millions of Americans&apos phone records for possible future surveillance,"President Barack Obama is expected to endorse changes to the way the government collects millions of Americans&apos phone records for possible future surveillance, but he&aposll leave many of the specific adjustments for Congress to sort out, according to three U.S. officials familiar with the White House intelligence review. That move wou",,
article_32,unmatched_prediction,,assumption,,,3770,3856,0,,Many privacy advocates support requiring Congress to codify any changes to Section 215,"to set a timeline for the restructuring of the metadata program,"" said Rep. Adam Schiff, D-Calif. ""But I would not make the reforms reliant in all cases on congressional action."" Many privacy advocates support requiring Congress to codify any changes to Section 215, arguing that legislation is the only way to ensure they last beyond Obama&aposs presidency. And two phone executives said the cellular industry has told the government it would o",,
article_32,unmatched_prediction,,anecdote,,,4124,4170,0,,The executives spoke on condition of anonymity,ency. And two phone executives said the cellular industry has told the government it would only accept changes to its role in the programs if they were legally required to do so. The executives spoke on condition of anonymity because they were not authorized to disclose the private discussions with the government. The U.S. officials insisted on anonymity because they were not authorized to discuss the,,
article_32,unmatched_prediction,,assumption,,,4379,4456,0,,Section 215 has been one of the most controversial aspects of the Patriot Act,"ized to disclose the private discussions with the government. The U.S. officials insisted on anonymity because they were not authorized to discuss the White House review by name. Section 215 has been one of the most controversial aspects of the Patriot Act, which passed shortly after the Sept. 11, 2001, terrorist attacks and increased the government&aposs surveillance powers. Congress reauthorized the law in 2011. The section becam",,
article_33,same_label_boundary_difference,testimony,testimony,4483,4584,4473,4584,101,"Obama said in his remarks Sunday that changes in gun control will come from Americans, not Washington","Although Obama said in his remarks Sunday that changes in gun control will come from Americans, not Washington","en it comes to more gun control, I'm not exactly sure what Obama is trying to get out here. Is he implying we should institute more restrictions on basic shotguns? So what's next? Although Obama said in his remarks Sunday that changes in gun control will come from Americans, not Washington, White House Press Secretary Jay Carney announced last week Obama is getting ready to take even more executive actions on the issue.",,
article_33,same_label_boundary_difference,testimony,testimony,4586,4716,4585,4717,130,White House Press Secretary Jay Carney announced last week Obama is getting ready to take even more executive actions on the issue,White House Press Secretary Jay Carney announced last week Obama is getting ready to take even more executive actions on the issue.,"ould institute more restrictions on basic shotguns? So what's next? Although Obama said in his remarks Sunday that changes in gun control will come from Americans, not Washington, White House Press Secretary Jay Carney announced last week Obama is getting ready to take even more executive actions on the issue.",,
article_33,same_label_segmentation_difference,anecdote,anecdote,4170,4289,4169,4289,119,"He then illegally took that gun into Washington D.C., illegally brought it into the Navy Yard and committed mass murder","He then illegally took that gun into Washington D.C., || illegally brought it into the Navy Yard and committed mass murder","m, purchased a shotgun legally at a Virginia gun store after passing two background checks. He carved cryptic sayings into the shotgun like ""better off this way,"" and ""my elf gun."" He then illegally took that gun into Washington D.C., illegally brought it into the Navy Yard and committed mass murder. When it comes to more gun control, I'm not exactly sure what Obama is trying to get out here. Is he implying we should institute more restrictions on basic shotguns? So what's n",,
article_33,same_label_segmentation_difference,assumption,assumption,3434,3547,3436,3547,110,"If you don't support new ""common sense"" gun control measures, you just don't care about preventing mass shootings","you don't support new ""common sense"" gun control measures || you just don't care about preventing mass shootings","ns, we care in moments of tragedy. Clearly, we care. Our hearts are broken -- again. And we care so deeply about these families. But the question is, do we care enough? Got that? If you don't support new ""common sense"" gun control measures, you just don't care about preventing mass shootings. And with all due respect, mass shootings are not the new normal and are not on the rise as President Obama would like the country to believe. Violence in the streets of Chicago b",,
article_33,same_label_boundary_difference,assumption,assumption,3575,3689,3548,3689,114,mass shootings are not the new normal and are not on the rise as President Obama would like the country to believe,"And with all due respect, mass shootings are not the new normal and are not on the rise as President Obama would like the country to believe","hese families. But the question is, do we care enough? Got that? If you don't support new ""common sense"" gun control measures, you just don't care about preventing mass shootings. And with all due respect, mass shootings are not the new normal and are not on the rise as President Obama would like the country to believe. Violence in the streets of Chicago between rival gangs is normal. Mass shootings, are not. Recommended Why I Reported the Case of an 11-Year-Old Drag Queen to Child Protective",,
article_33,overlapping_different_label,testimony,assumption,192,566,433,566,133,"As President, I have now grieved with five American communities ripped apart by mass violence. Fort Hood. Tucson. Aurora. Sandy Hook. And now, the Washington Navy Yard. And these mass shootings occur against a backdrop of daily tragedies, as an epidemic of gun violence tears apart communities across America -- from the streets of Chicago to neighborhoods not far from here",an epidemic of gun violence tears apart communities across America -- from the streets of Chicago to neighborhoods not far from here,"a memorial service held over the weekend in honor of Navy Yard shooting victims and their families, President Obama didn't miss another chance for a good crisis to go to waste: > As President, I have now grieved with five American communities ripped apart by mass violence. Fort Hood. Tucson. Aurora. Sandy Hook. And now, the Washington Navy Yard. And these mass shootings occur against a backdrop of daily tragedies, as an epidemic of gun violence tears apart communities across America -- from the streets of Chicago to neighborhoods not far from here. > ... > And yet, here in the United States, after the round-of-clock coverage on cable news, after the heartbreaking interviews with families, after all the speeches and all",,
article_33,overlapping_different_label,testimony,assumption,580,1040,799,1040,241,"And yet, here in the United States, after the round-of-clock coverage on cable news, after the heartbreaking interviews with families, after all the speeches and all the punditry and all the commentary, nothing happens. Alongside the anguish of these American families, alongside the accumulated outrage so many of us feel, sometimes I fear there’s a creeping resignation that these tragedies are just somehow the way it is, that this is somehow the new normal","Alongside the anguish of these American families, alongside the accumulated outrage so many of us feel, sometimes I fear there’s a creeping resignation that these tragedies are just somehow the way it is, that this is somehow the new normal","a backdrop of daily tragedies, as an epidemic of gun violence tears apart communities across America -- from the streets of Chicago to neighborhoods not far from here. > ... > And yet, here in the United States, after the round-of-clock coverage on cable news, after the heartbreaking interviews with families, after all the speeches and all the punditry and all the commentary, nothing happens. Alongside the anguish of these American families, alongside the accumulated outrage so many of us feel, sometimes I fear there’s a creeping resignation that these tragedies are just somehow the way it is, that this is somehow the new normal. > > We can’t accept this. As Americans bound in grief and love, we must insist here today there is nothing normal about innocent men and women being gunned down where they wor",,
article_33,overlapping_different_label,testimony,assumption,1049,1383,1070,1221,151,"We can’t accept this. As Americans bound in grief and love, we must insist here today there is nothing normal about innocent men and women being gunned down where they work. There is nothing normal about our children being gunned down in their classrooms. There is nothing normal about children dying in our streets from stray bullets","As Americans bound in grief and love, we must insist here today there is nothing normal about innocent men and women being gunned down where they work","ulated outrage so many of us feel, sometimes I fear there’s a creeping resignation that these tragedies are just somehow the way it is, that this is somehow the new normal. > > We can’t accept this. As Americans bound in grief and love, we must insist here today there is nothing normal about innocent men and women being gunned down where they work. There is nothing normal about our children being gunned down in their classrooms. There is nothing normal about children dying in our streets from stray bullets. > > No other advanced nation endures this kind of violence -- none. Here in America, the murder rate is three times what it is in other developed nations. The murder rate with",,
article_33,overlapping_different_label,other,assumption,4458,4473,4460,4467,7,So what's next?,what's,"mass murder. When it comes to more gun control, I'm not exactly sure what Obama is trying to get out here. Is he implying we should institute more restrictions on basic shotguns? So what's next? Although Obama said in his remarks Sunday that changes in gun control will come from Americans, not Washington, White House Press Secretary Jay Carney announced last week Obama is",,
article_33,overlapping_different_label,other,assumption,4385,4456,4384,4456,71,Is he implying we should institute more restrictions on basic shotguns?,Is he implying we should institute more restrictions on basic shotguns?,"to Washington D.C., illegally brought it into the Navy Yard and committed mass murder. When it comes to more gun control, I'm not exactly sure what Obama is trying to get out here. Is he implying we should institute more restrictions on basic shotguns? So what's next? Although Obama said in his remarks Sunday that changes in gun control will come from Americans, not Washington, White House Press Secretary Jay Carney announced l",,
article_33,overlapping_different_label,other,assumption,4291,4383,4290,4383,92,"When it comes to more gun control, I'm not exactly sure what Obama is trying to get out here","When it comes to more gun control, I'm not exactly sure what Obama is trying to get out here","o the shotgun like ""better off this way,"" and ""my elf gun."" He then illegally took that gun into Washington D.C., illegally brought it into the Navy Yard and committed mass murder. When it comes to more gun control, I'm not exactly sure what Obama is trying to get out here. Is he implying we should institute more restrictions on basic shotguns? So what's next? Although Obama said in his remarks Sunday that changes in gun control will come from Amer",,
article_33,overlapping_different_label,other,assumption,3796,3893,3814,3829,15,Why I Reported the Case of an 11-Year-Old Drag Queen to Child Protective Services Karen Kataline,Case of an 11-,"are not on the rise as President Obama would like the country to believe. Violence in the streets of Chicago between rival gangs is normal. Mass shootings, are not. Recommended Why I Reported the Case of an 11-Year-Old Drag Queen to Child Protective Services Karen Kataline Let's refresh what happened last week: Mad man Aaron Alexis, who was hearing aliens talk to him, purchased a shotgun legally at a Virginia gun store after passing two background",,
article_33,overlapping_different_label,other,assumption,3895,3932,3895,3932,37,Let's refresh what happened last week,Let's refresh what happened last week,"of Chicago between rival gangs is normal. Mass shootings, are not. Recommended Why I Reported the Case of an 11-Year-Old Drag Queen to Child Protective Services Karen Kataline Let's refresh what happened last week: Mad man Aaron Alexis, who was hearing aliens talk to him, purchased a shotgun legally at a Virginia gun store after passing two background checks. He carved cryptic sayings into",,
article_33,overlapping_different_label,testimony,statistics,1392,1765,1455,1541,86,"No other advanced nation endures this kind of violence -- none. Here in America, the murder rate is three times what it is in other developed nations. The murder rate with guns is ten times what it is in other developed nations. And there is nothing inevitable about it. It comes about because of decisions we make or fail to make. And it falls upon us to make it different","Here in America, the murder rate is three times what it is in other developed nations","they work. There is nothing normal about our children being gunned down in their classrooms. There is nothing normal about children dying in our streets from stray bullets. > > No other advanced nation endures this kind of violence -- none. Here in America, the murder rate is three times what it is in other developed nations. The murder rate with guns is ten times what it is in other developed nations. And there is nothing inevitable about it. It comes about because of decisions we make or fail to make. And it falls upon us to make it different. > ... > But we Americans are not an inherently more violent people than folks in other countries. We're not inherently more prone to mental health problems. The main differen",,
article_33,overlapping_different_label,testimony,assumption,1779,2454,1927,2171,244,"But we Americans are not an inherently more violent people than folks in other countries. We're not inherently more prone to mental health problems. The main difference that sets our nation apart, what makes us so susceptible to so many mass shootings, is that we don’t do enough -- we don’t take the basic, common-sense actions to keep guns out of the hands of criminals and dangerous people. What's different in America is it's easy to get your hands on gun -- and a lot of us know this. But the politics are difficult, as we saw again this spring. And that’s sometimes where the resignation comes from -- the sense that our politics are frozen and that nothing will change","The main difference that sets our nation apart, what makes us so susceptible to so many mass shootings, is that we don’t do enough -- we don’t take the basic, common-sense actions to keep guns out of the hands of criminals and dangerous people","er developed nations. And there is nothing inevitable about it. It comes about because of decisions we make or fail to make. And it falls upon us to make it different. > ... > But we Americans are not an inherently more violent people than folks in other countries. We're not inherently more prone to mental health problems. The main difference that sets our nation apart, what makes us so susceptible to so many mass shootings, is that we don’t do enough -- we don’t take the basic, common-sense actions to keep guns out of the hands of criminals and dangerous people. What's different in America is it's easy to get your hands on gun -- and a lot of us know this. But the politics are difficult, as we saw again this spring. And that’s sometimes where the resignation comes from -- the sense that our politics are frozen and that nothing will change. > > Well, I cannot accept that. I do not accept that we cannot find a common-sense way to preserve our traditions, including our basic Second Amendment freedoms and the rights",,
article_33,overlapping_different_label,testimony,assumption,2463,2986,2490,2759,269,"Well, I cannot accept that. I do not accept that we cannot find a common-sense way to preserve our traditions, including our basic Second Amendment freedoms and the rights of law-abiding gun owners, while at the same time reducing the gun violence that unleashes so much mayhem on a regular basis. And it may not happen tomorrow and it may not happen next week, it may not happen next month -- but it will happen. Because it's the change that we need, and it's a change overwhelmingly supported by the majority of Americans","I do not accept that we cannot find a common-sense way to preserve our traditions, including our basic Second Amendment freedoms and the rights of law-abiding gun owners, while at the same time reducing the gun violence that unleashes so much mayhem on a regular basis","cs are difficult, as we saw again this spring. And that’s sometimes where the resignation comes from -- the sense that our politics are frozen and that nothing will change. > > Well, I cannot accept that. I do not accept that we cannot find a common-sense way to preserve our traditions, including our basic Second Amendment freedoms and the rights of law-abiding gun owners, while at the same time reducing the gun violence that unleashes so much mayhem on a regular basis. And it may not happen tomorrow and it may not happen next week, it may not happen next month -- but it will happen. Because it's the change that we need, and it's a change overwhelmingly supported by the majority of Americans. > > By now, though, it should be clear that the change we need will not come from Washington, even when tragedy strikes Washington. Change will come the only way it ever has c",,
article_33,overlapping_different_label,testimony,assumption,2995,3422,2995,3121,126,"By now, though, it should be clear that the change we need will not come from Washington, even when tragedy strikes Washington. Change will come the only way it ever has come, and that’s from the American people. So the question now is not whether, as Americans, we care in moments of tragedy. Clearly, we care. Our hearts are broken -- again. And we care so deeply about these families. But the question is, do we care enough?","By now, though, it should be clear that the change we need will not come from Washington, even when tragedy strikes Washington","ext week, it may not happen next month -- but it will happen. Because it's the change that we need, and it's a change overwhelmingly supported by the majority of Americans. > > By now, though, it should be clear that the change we need will not come from Washington, even when tragedy strikes Washington. Change will come the only way it ever has come, and that’s from the American people. So the question now is not whether, as Americans, we care in moments of tragedy. Clearly, we care. Our hearts are broken -- again. And we care so deeply about these families. But the question is, do we care enough? Got that? If you don't support new ""common sense"" gun control measures, you just don't care about preventing mass shootings. And with all due respect, mass shootings are not the",,
article_33,overlapping_different_label,other,assumption,3424,3433,3432,3433,1,Got that?,?,"as Americans, we care in moments of tragedy. Clearly, we care. Our hearts are broken -- again. And we care so deeply about these families. But the question is, do we care enough? Got that? If you don't support new ""common sense"" gun control measures, you just don't care about preventing mass shootings. And with all due respect, mass shootings are not the new normal",,
article_33,unmatched_gold_span,other,,3553,3573,,,0,with all due respect,,"families. But the question is, do we care enough? Got that? If you don't support new ""common sense"" gun control measures, you just don't care about preventing mass shootings. And with all due respect, mass shootings are not the new normal and are not on the rise as President Obama would like the country to believe. Violence in the streets of Chicago between rival gangs is norm",,
article_33,unmatched_prediction,,anecdote,,,194,285,0,,"President, I have now grieved with five American communities ripped apart by mass violence","memorial service held over the weekend in honor of Navy Yard shooting victims and their families, President Obama didn't miss another chance for a good crisis to go to waste: > As President, I have now grieved with five American communities ripped apart by mass violence. Fort Hood. Tucson. Aurora. Sandy Hook. And now, the Washington Navy Yard. And these mass shootings occur against a backdrop of daily tragedies, as an epidemic of gun violence tea",,
article_33,unmatched_prediction,,anecdote,,,286,296,0,,Fort Hood,"lies, President Obama didn't miss another chance for a good crisis to go to waste: > As President, I have now grieved with five American communities ripped apart by mass violence. Fort Hood. Tucson. Aurora. Sandy Hook. And now, the Washington Navy Yard. And these mass shootings occur against a backdrop of daily tragedies, as an epidemic of gun violence tears apart co",,
article_33,unmatched_prediction,,anecdote,,,297,304,0,,Tucson,"dent Obama didn't miss another chance for a good crisis to go to waste: > As President, I have now grieved with five American communities ripped apart by mass violence. Fort Hood. Tucson. Aurora. Sandy Hook. And now, the Washington Navy Yard. And these mass shootings occur against a backdrop of daily tragedies, as an epidemic of gun violence tears apart communitie",,
article_33,unmatched_prediction,,anecdote,,,305,312,0,,Aurora,"ma didn't miss another chance for a good crisis to go to waste: > As President, I have now grieved with five American communities ripped apart by mass violence. Fort Hood. Tucson. Aurora. Sandy Hook. And now, the Washington Navy Yard. And these mass shootings occur against a backdrop of daily tragedies, as an epidemic of gun violence tears apart communities across",,
article_33,unmatched_prediction,,anecdote,,,313,324,0,,Sandy Hook,"t miss another chance for a good crisis to go to waste: > As President, I have now grieved with five American communities ripped apart by mass violence. Fort Hood. Tucson. Aurora. Sandy Hook. And now, the Washington Navy Yard. And these mass shootings occur against a backdrop of daily tragedies, as an epidemic of gun violence tears apart communities across America --",,
article_33,unmatched_prediction,,anecdote,,,329,359,0,,"now, the Washington Navy Yard","hance for a good crisis to go to waste: > As President, I have now grieved with five American communities ripped apart by mass violence. Fort Hood. Tucson. Aurora. Sandy Hook. And now, the Washington Navy Yard. And these mass shootings occur against a backdrop of daily tragedies, as an epidemic of gun violence tears apart communities across America -- from the streets of Chicago to neig",,
article_33,unmatched_prediction,,assumption,,,364,429,0,,these mass shootings occur against a backdrop of daily tragedies,"ste: > As President, I have now grieved with five American communities ripped apart by mass violence. Fort Hood. Tucson. Aurora. Sandy Hook. And now, the Washington Navy Yard. And these mass shootings occur against a backdrop of daily tragedies, as an epidemic of gun violence tears apart communities across America -- from the streets of Chicago to neighborhoods not far from here. > ... > And yet, here in the United S",,
article_33,unmatched_prediction,,assumption,,,430,433,0,,as,"ities ripped apart by mass violence. Fort Hood. Tucson. Aurora. Sandy Hook. And now, the Washington Navy Yard. And these mass shootings occur against a backdrop of daily tragedies, as an epidemic of gun violence tears apart communities across America -- from the streets of Chicago to neighborhoods not far from here. > ... > And yet, here in the United State",,
article_33,unmatched_prediction,,assumption,,,583,798,0,,"yet, here in the United States, after the round-of-clock coverage on cable news, after the heartbreaking interviews with families, after all the speeches and all the punditry and all the commentary, nothing happens","ackdrop of daily tragedies, as an epidemic of gun violence tears apart communities across America -- from the streets of Chicago to neighborhoods not far from here. > ... > And yet, here in the United States, after the round-of-clock coverage on cable news, after the heartbreaking interviews with families, after all the speeches and all the punditry and all the commentary, nothing happens. Alongside the anguish of these American families, alongside the accumulated outrage so many of us feel, sometimes I fear there’s a creeping resignation that these tragedies are j",,
article_33,unmatched_prediction,,assumption,,,1049,1069,0,,We can’t accept this,"ulated outrage so many of us feel, sometimes I fear there’s a creeping resignation that these tragedies are just somehow the way it is, that this is somehow the new normal. > > We can’t accept this. As Americans bound in grief and love, we must insist here today there is nothing normal about innocent men and women being gunned down where they work. There is nothing normal ab",,
article_33,unmatched_prediction,,assumption,,,1222,1303,0,,There is nothing normal about our children being gunned down in their classrooms,"> > We can’t accept this. As Americans bound in grief and love, we must insist here today there is nothing normal about innocent men and women being gunned down where they work. There is nothing normal about our children being gunned down in their classrooms. There is nothing normal about children dying in our streets from stray bullets. > > No other advanced nation endures this kind of violence -- none. Here in America, the murder",,
article_33,unmatched_prediction,,assumption,,,1304,1383,0,,There is nothing normal about children dying in our streets from stray bullets,"here today there is nothing normal about innocent men and women being gunned down where they work. There is nothing normal about our children being gunned down in their classrooms. There is nothing normal about children dying in our streets from stray bullets. > > No other advanced nation endures this kind of violence -- none. Here in America, the murder rate is three times what it is in other developed nations. The murder rate with",,
article_33,unmatched_prediction,,assumption,,,1392,1454,0,,No other advanced nation endures this kind of violence -- none,"they work. There is nothing normal about our children being gunned down in their classrooms. There is nothing normal about children dying in our streets from stray bullets. > > No other advanced nation endures this kind of violence -- none. Here in America, the murder rate is three times what it is in other developed nations. The murder rate with guns is ten times what it is in other developed nations. And there is",,
article_33,unmatched_prediction,,statistics,,,1542,1619,0,,The murder rate with guns is ten times what it is in other developed nations,"ts from stray bullets. > > No other advanced nation endures this kind of violence -- none. Here in America, the murder rate is three times what it is in other developed nations. The murder rate with guns is ten times what it is in other developed nations. And there is nothing inevitable about it. It comes about because of decisions we make or fail to make. And it falls upon us to make it different. > ... > But we Americans are",,
article_33,unmatched_prediction,,assumption,,,1620,1661,0,,And there is nothing inevitable about it,"olence -- none. Here in America, the murder rate is three times what it is in other developed nations. The murder rate with guns is ten times what it is in other developed nations. And there is nothing inevitable about it. It comes about because of decisions we make or fail to make. And it falls upon us to make it different. > ... > But we Americans are not an inherently more violent people tha",,
article_33,unmatched_prediction,,assumption,,,1662,1722,0,,It comes about because of decisions we make or fail to make,r rate is three times what it is in other developed nations. The murder rate with guns is ten times what it is in other developed nations. And there is nothing inevitable about it. It comes about because of decisions we make or fail to make. And it falls upon us to make it different. > ... > But we Americans are not an inherently more violent people than folks in other countries. We're not inherently more prone t,,
article_33,unmatched_prediction,,assumption,,,1723,1765,0,,And it falls upon us to make it different,The murder rate with guns is ten times what it is in other developed nations. And there is nothing inevitable about it. It comes about because of decisions we make or fail to make. And it falls upon us to make it different. > ... > But we Americans are not an inherently more violent people than folks in other countries. We're not inherently more prone to mental health problems. The main differen,,
article_33,unmatched_prediction,,assumption,,,1779,1867,0,,But we Americans are not an inherently more violent people than folks in other countries,"er developed nations. And there is nothing inevitable about it. It comes about because of decisions we make or fail to make. And it falls upon us to make it different. > ... > But we Americans are not an inherently more violent people than folks in other countries. We're not inherently more prone to mental health problems. The main difference that sets our nation apart, what makes us so susceptible to so many mass shootings, is that we don’",,
article_33,unmatched_prediction,,assumption,,,1868,1926,0,,We're not inherently more prone to mental health problems,"decisions we make or fail to make. And it falls upon us to make it different. > ... > But we Americans are not an inherently more violent people than folks in other countries. We're not inherently more prone to mental health problems. The main difference that sets our nation apart, what makes us so susceptible to so many mass shootings, is that we don’t do enough -- we don’t take the basic, common-sense action",,
article_33,unmatched_prediction,,assumption,,,2172,2238,0,,What's different in America is it's easy to get your hands on gun,"susceptible to so many mass shootings, is that we don’t do enough -- we don’t take the basic, common-sense actions to keep guns out of the hands of criminals and dangerous people. What's different in America is it's easy to get your hands on gun -- and a lot of us know this. But the politics are difficult, as we saw again this spring. And that’s sometimes where the resignation comes from -- the sense that our politics are",,
article_33,unmatched_prediction,,assumption,,,2245,2267,0,,a lot of us know this,"don’t take the basic, common-sense actions to keep guns out of the hands of criminals and dangerous people. What's different in America is it's easy to get your hands on gun -- and a lot of us know this. But the politics are difficult, as we saw again this spring. And that’s sometimes where the resignation comes from -- the sense that our politics are frozen and that nothing will",,
article_33,unmatched_prediction,,assumption,,,2268,2300,0,,"But the politics are difficult,","ommon-sense actions to keep guns out of the hands of criminals and dangerous people. What's different in America is it's easy to get your hands on gun -- and a lot of us know this. But the politics are difficult, as we saw again this spring. And that’s sometimes where the resignation comes from -- the sense that our politics are frozen and that nothing will change. > > Well, I cannot ac",,
article_33,unmatched_prediction,,assumption,,,2303,2328,0,,we saw again this spring,"t of the hands of criminals and dangerous people. What's different in America is it's easy to get your hands on gun -- and a lot of us know this. But the politics are difficult, as we saw again this spring. And that’s sometimes where the resignation comes from -- the sense that our politics are frozen and that nothing will change. > > Well, I cannot accept that. I do not accept t",,
article_33,unmatched_prediction,,assumption,,,2329,2454,0,,And that’s sometimes where the resignation comes from -- the sense that our politics are frozen and that nothing will change,"s and dangerous people. What's different in America is it's easy to get your hands on gun -- and a lot of us know this. But the politics are difficult, as we saw again this spring. And that’s sometimes where the resignation comes from -- the sense that our politics are frozen and that nothing will change. > > Well, I cannot accept that. I do not accept that we cannot find a common-sense way to preserve our traditions, including our basic Second Amendment freedoms and the rights",,
article_33,unmatched_prediction,,assumption,,,2463,2489,0,,"Well, I cannot accept that","cs are difficult, as we saw again this spring. And that’s sometimes where the resignation comes from -- the sense that our politics are frozen and that nothing will change. > > Well, I cannot accept that. I do not accept that we cannot find a common-sense way to preserve our traditions, including our basic Second Amendment freedoms and the rights of law-abiding gun owners, while a",,
article_33,unmatched_prediction,,assumption,,,2760,2791,0,,And it may not happen tomorrow,"ing our basic Second Amendment freedoms and the rights of law-abiding gun owners, while at the same time reducing the gun violence that unleashes so much mayhem on a regular basis. And it may not happen tomorrow and it may not happen next week, it may not happen next month -- but it will happen. Because it's the change that we need, and it's a change overwhelmingly supported by the majori",,
article_33,unmatched_prediction,,assumption,,,2795,2823,0,,it may not happen next week,"doms and the rights of law-abiding gun owners, while at the same time reducing the gun violence that unleashes so much mayhem on a regular basis. And it may not happen tomorrow and it may not happen next week, it may not happen next month -- but it will happen. Because it's the change that we need, and it's a change overwhelmingly supported by the majority of Americans. > > By now,",,
article_33,unmatched_prediction,,assumption,,,2824,2853,0,,it may not happen next month,"iding gun owners, while at the same time reducing the gun violence that unleashes so much mayhem on a regular basis. And it may not happen tomorrow and it may not happen next week, it may not happen next month -- but it will happen. Because it's the change that we need, and it's a change overwhelmingly supported by the majority of Americans. > > By now, though, it should be clear tha",,
article_33,unmatched_prediction,,assumption,,,2860,2875,0,,it will happen,"time reducing the gun violence that unleashes so much mayhem on a regular basis. And it may not happen tomorrow and it may not happen next week, it may not happen next month -- but it will happen. Because it's the change that we need, and it's a change overwhelmingly supported by the majority of Americans. > > By now, though, it should be clear that the change we need w",,
article_33,unmatched_prediction,,assumption,,,2876,2913,0,,Because it's the change that we need,"e gun violence that unleashes so much mayhem on a regular basis. And it may not happen tomorrow and it may not happen next week, it may not happen next month -- but it will happen. Because it's the change that we need, and it's a change overwhelmingly supported by the majority of Americans. > > By now, though, it should be clear that the change we need will not come from Washington, even whe",,
article_33,unmatched_prediction,,assumption,,,2918,2986,0,,it's a change overwhelmingly supported by the majority of Americans,"em on a regular basis. And it may not happen tomorrow and it may not happen next week, it may not happen next month -- but it will happen. Because it's the change that we need, and it's a change overwhelmingly supported by the majority of Americans. > > By now, though, it should be clear that the change we need will not come from Washington, even when tragedy strikes Washington. Change will come the only way it ever has c",,
article_33,unmatched_prediction,,assumption,,,3122,3169,0,,Change will come the only way it ever has come,"ingly supported by the majority of Americans. > > By now, though, it should be clear that the change we need will not come from Washington, even when tragedy strikes Washington. Change will come the only way it ever has come, and that’s from the American people. So the question now is not whether, as Americans, we care in moments of tragedy. Clearly, we care. Our hearts are broken -- again. And we car",,
article_33,unmatched_prediction,,assumption,,,3174,3206,0,,that’s from the American people,"By now, though, it should be clear that the change we need will not come from Washington, even when tragedy strikes Washington. Change will come the only way it ever has come, and that’s from the American people. So the question now is not whether, as Americans, we care in moments of tragedy. Clearly, we care. Our hearts are broken -- again. And we care so deeply about these families. But",,
article_33,unmatched_prediction,,assumption,,,3207,3287,0,,"So the question now is not whether, as Americans, we care in moments of tragedy","ar that the change we need will not come from Washington, even when tragedy strikes Washington. Change will come the only way it ever has come, and that’s from the American people. So the question now is not whether, as Americans, we care in moments of tragedy. Clearly, we care. Our hearts are broken -- again. And we care so deeply about these families. But the question is, do we care enough? Got that? If you don't support new ""common",,
article_33,unmatched_prediction,,assumption,,,3288,3305,0,,"Clearly, we care","es Washington. Change will come the only way it ever has come, and that’s from the American people. So the question now is not whether, as Americans, we care in moments of tragedy. Clearly, we care. Our hearts are broken -- again. And we care so deeply about these families. But the question is, do we care enough? Got that? If you don't support new ""common sense"" gun control",,
article_33,unmatched_prediction,,assumption,,,3306,3337,0,,Our hearts are broken -- again,"nge will come the only way it ever has come, and that’s from the American people. So the question now is not whether, as Americans, we care in moments of tragedy. Clearly, we care. Our hearts are broken -- again. And we care so deeply about these families. But the question is, do we care enough? Got that? If you don't support new ""common sense"" gun control measures, you just don't care a",,
article_33,unmatched_prediction,,assumption,,,3338,3381,0,,And we care so deeply about these families,"er has come, and that’s from the American people. So the question now is not whether, as Americans, we care in moments of tragedy. Clearly, we care. Our hearts are broken -- again. And we care so deeply about these families. But the question is, do we care enough? Got that? If you don't support new ""common sense"" gun control measures, you just don't care about preventing mass shootings. And with all",,
article_33,unmatched_prediction,,assumption,,,3382,3422,0,,"But the question is, do we care enough?","ople. So the question now is not whether, as Americans, we care in moments of tragedy. Clearly, we care. Our hearts are broken -- again. And we care so deeply about these families. But the question is, do we care enough? Got that? If you don't support new ""common sense"" gun control measures, you just don't care about preventing mass shootings. And with all due respect, mass shootings are not the",,
article_33,unmatched_prediction,,assumption,,,3799,3810,0,,I Reported,"e not on the rise as President Obama would like the country to believe. Violence in the streets of Chicago between rival gangs is normal. Mass shootings, are not. Recommended Why I Reported the Case of an 11-Year-Old Drag Queen to Child Protective Services Karen Kataline Let's refresh what happened last week: Mad man Aaron Alexis, who was hearing aliens talk to him",,
article_34,same_label_segmentation_difference,anecdote,anecdote,0,131,29,131,100,"'MediaBuzz' host Howard Kurtz weighs in on why CNN is standing by a Michael Cohen story that his lawyer, Lanny Davis, says is false","weighs in on why CNN is standing by || Michael Cohen story that his lawyer, Lanny Davis, says is false","'MediaBuzz' host Howard Kurtz weighs in on why CNN is standing by a Michael Cohen story that his lawyer, Lanny Davis, says is false. Lanny Davis, who has been engaged in high-stakes crisis management and political lawyering for decades, says he made a mistake. CNN, which relied on Davis at least in part for",,
article_34,same_label_boundary_difference,assumption,assumption,379,543,375,543,164,the contretemps contains a revealing look at the sausage-making of investigative reporting and the sometimes murky dance between reporters and their unnamed sources,And the contretemps contains a revealing look at the sausage-making of investigative reporting and the sometimes murky dance between reporters and their unnamed sources,"ement and political lawyering for decades, says he made a mistake. CNN, which relied on Davis at least in part for a story he now says is false, won&apost say it made a mistake. And the contretemps contains a revealing look at the sausage-making of investigative reporting and the sometimes murky dance between reporters and their unnamed sources. Davis, who I&aposve found to be a straight shooter over a quarter century dating back to the Clinton scandals, told me in a telephone interview yesterday that he had made an err",,
article_34,same_label_boundary_difference,testimony,testimony,546,740,669,740,71,"Davis, who I&aposve found to be a straight shooter over a quarter century dating back to the Clinton scandals, told me in a telephone interview yesterday that he had made an error and regrets it",telephone interview yesterday that he had made an error and regrets it,"istake. And the contretemps contains a revealing look at the sausage-making of investigative reporting and the sometimes murky dance between reporters and their unnamed sources. Davis, who I&aposve found to be a straight shooter over a quarter century dating back to the Clinton scandals, told me in a telephone interview yesterday that he had made an error and regrets it. ""I should not be talking to reporters on background about something I&aposm not certain about,"" Davis told me, describing his interactions with CNN reporters. ""The combination o",,
article_34,same_label_segmentation_difference,testimony,testimony,902,1053,901,1053,150,"""The combination of big stakes and a big mistake is a bad moment for me. If I had a redo in life, I wouldn&apost have said anything about the subject.""","""The combination of big stakes and a big mistake is a bad moment for me || If I had a redo in life, I wouldn&apost have said anything about the subject.""","rror and regrets it. ""I should not be talking to reporters on background about something I&aposm not certain about,"" Davis told me, describing his interactions with CNN reporters. ""The combination of big stakes and a big mistake is a bad moment for me. If I had a redo in life, I wouldn&apost have said anything about the subject."" He added: ""I don&apost blame anyone other than myself."" After initially saying nothing, here is the sum total of CNN&aposs comment: ""We stand by our story, and are confident in",,
article_34,same_label_boundary_difference,testimony,testimony,1353,1619,1576,1619,43,"Here&aposs the backstory: CNN dropped a bombshell last month by reporting that Davis&apos client, Michael Cohen, had information that Donald Trump knew in advance of the 2016 Trump Tower meeting between his son, his son-in-law, campaign chairman and a Russian lawyer","law, campaign chairman and a Russian lawyer","aposs comment: ""We stand by our story, and are confident in our reporting of it."" A CNN report yesterday said that Davis kept changing his story in his dealings with the network. Here&aposs the backstory: CNN dropped a bombshell last month by reporting that Davis&apos client, Michael Cohen, had information that Donald Trump knew in advance of the 2016 Trump Tower meeting between his son, his son-in-law, campaign chairman and a Russian lawyer. ""Cohen is willing to make that assertion to special counsel Robert Mueller,"" according to ""the sources,"" CNN said. The president has repeatedly denied any advance knowledge of t",,
article_34,same_label_boundary_difference,assumption,assumption,3008,3176,3003,3177,168,"how could others have information about what Cohen believes when the president&aposs former lawyer is essentially saying, through Davis, that he has no such information","But how could others have information about what Cohen believes when the president&aposs former lawyer is essentially saying, through Davis, that he has no such information?","on the Trump Tower allegation and says he should have been more clear. Implicit in CNN standing by the story is that the network has other sources for the Trump Tower allegation. But how could others have information about what Cohen believes when the president&aposs former lawyer is essentially saying, through Davis, that he has no such information? Cohen, of course, pleaded guilty last week to bank fraud, tax evasion and campaign finance violations related to hush money payments to two women making accusations against Trump",,
article_34,same_label_boundary_difference,anecdote,anecdote,3360,3435,3427,3435,8,"The president, of course, has boasted about Davis&apos admission on Twitter",Twitter,"ohen, of course, pleaded guilty last week to bank fraud, tax evasion and campaign finance violations related to hush money payments to two women making accusations against Trump. The president, of course, has boasted about Davis&apos admission on Twitter. The Washington Post handled its dealings with Davis very differently. The Post had also dealt with him as an unnamed source. As the paper recounts, the day after the CNN story,",,
article_34,same_label_boundary_difference,testimony,testimony,3564,3812,3566,3812,246,"As the paper recounts, the day after the CNN story, ""The Post reported that Cohen had told associates that he witnessed an exchange in which Trump Jr. told his father about an upcoming gathering in which he expected to get information about Clinton","the paper recounts, the day after the CNN story, ""The Post reported that Cohen had told associates that he witnessed an exchange in which Trump Jr. told his father about an upcoming gathering in which he expected to get information about Clinton",", has boasted about Davis&apos admission on Twitter. The Washington Post handled its dealings with Davis very differently. The Post had also dealt with him as an unnamed source. As the paper recounts, the day after the CNN story, ""The Post reported that Cohen had told associates that he witnessed an exchange in which Trump Jr. told his father about an upcoming gathering in which he expected to get information about Clinton. The Post did not report that Trump Jr. told his father that the information was coming from Russians. ""The information in the Post story, which was attributed to one person fami",,
article_34,same_label_segmentation_difference,assumption,assumption,4131,4213,4130,4213,81,"CNN doesn’t have to protect Davis, who has come clean about his role in the matter",CNN doesn’t have to protect Davis || who has come clean about his role in the matter,"y, which was attributed to one person familiar with discussions among Cohen&aposs friends, came from Davis, who is now acknowledging his role on the record."" And that’s the thing. CNN doesn’t have to protect Davis, who has come clean about his role in the matter. When the White House makes a mistake or clings to an unsubstantiated charge, news organizations hammer top officials about it. Shouldn&apost a network have the same obligation t",,
article_34,same_label_boundary_difference,assumption,assumption,4343,4469,4342,4470,126,Shouldn&apost a network have the same obligation to explain itself when an explosive story is denied by one of its own sources,Shouldn&apost a network have the same obligation to explain itself when an explosive story is denied by one of its own sources?,"is, who has come clean about his role in the matter. When the White House makes a mistake or clings to an unsubstantiated charge, news organizations hammer top officials about it. Shouldn&apost a network have the same obligation to explain itself when an explosive story is denied by one of its own sources? Davis says he has learned a valuable lesson, and is ""pulling back"" on other claims he has made. The Washington lawyer told MSNBC&aposs Rachel Maddow there were indications that T",,
article_34,overlapping_different_label,anecdote,assumption,1812,1958,1812,1958,146,"The story, whose bylines included Carl Bernstein and Jim Sciutto, was picked up by the broadcast networks and many other major media organizations","The story, whose bylines included Carl Bernstein and Jim Sciutto, was picked up by the broadcast networks and many other major media organizations","illing to make that assertion to special counsel Robert Mueller,"" according to ""the sources,"" CNN said. The president has repeatedly denied any advance knowledge of the meeting. The story, whose bylines included Carl Bernstein and Jim Sciutto, was picked up by the broadcast networks and many other major media organizations. But now Davis has outed himself as an anonymous source for CNN, and says Cohen has no such information about advance knowledge by the president. In my interview, Davis said he",,
article_34,overlapping_different_label,testimony,assumption,1737,1809,1772,1809,37,The president has repeatedly denied any advance knowledge of the meeting,any advance knowledge of the meeting,"is son, his son-in-law, campaign chairman and a Russian lawyer. ""Cohen is willing to make that assertion to special counsel Robert Mueller,"" according to ""the sources,"" CNN said. The president has repeatedly denied any advance knowledge of the meeting. The story, whose bylines included Carl Bernstein and Jim Sciutto, was picked up by the broadcast networks and many other major media organizations. But now Davis has outed hims",,
article_34,overlapping_different_label,testimony,assumption,1965,2104,1984,2104,120,"now Davis has outed himself as an anonymous source for CNN, and says Cohen has no such information about advance knowledge by the president","himself as an anonymous source for CNN, and says Cohen has no such information about advance knowledge by the president","knowledge of the meeting. The story, whose bylines included Carl Bernstein and Jim Sciutto, was picked up by the broadcast networks and many other major media organizations. But now Davis has outed himself as an anonymous source for CNN, and says Cohen has no such information about advance knowledge by the president. In my interview, Davis said he told CNN reporters that he couldn&apost confirm the Trump Tower allegation but encouraged them to check it out. He now believes they may have inte",,
article_34,overlapping_different_label,testimony,assumption,2250,2325,2313,2325,12,He now believes they may have interpreted this as giving them a green light,green light,"advance knowledge by the president. In my interview, Davis said he told CNN reporters that he couldn&apost confirm the Trump Tower allegation but encouraged them to check it out. He now believes they may have interpreted this as giving them a green light. ""When I work for a client, whether it&aposs the White House or anybody else, and there&aposs something that might be true but I&aposm not sure, I have to not expect reporters to",,
article_34,overlapping_different_label,anecdote,assumption,3438,3506,3438,3506,68,The Washington Post handled its dealings with Davis very differently,The Washington Post handled its dealings with Davis very differently,"ign finance violations related to hush money payments to two women making accusations against Trump. The president, of course, has boasted about Davis&apos admission on Twitter. The Washington Post handled its dealings with Davis very differently. The Post had also dealt with him as an unnamed source. As the paper recounts, the day after the CNN story, ""The Post reported that Cohen had told associates that he witnessed an",,
article_34,overlapping_different_label,other,assumption,4113,4129,4109,4129,16,that’s the thing,And that’s the thing,"tion in the Post story, which was attributed to one person familiar with discussions among Cohen&aposs friends, came from Davis, who is now acknowledging his role on the record."" And that’s the thing. CNN doesn’t have to protect Davis, who has come clean about his role in the matter. When the White House makes a mistake or clings to an unsubstantiated charge, news organizatio",,
article_34,overlapping_different_label,anecdote,assumption,4216,4341,4216,4341,125,"When the White House makes a mistake or clings to an unsubstantiated charge, news organizations hammer top officials about it","When the White House makes a mistake or clings to an unsubstantiated charge, news organizations hammer top officials about it","nds, came from Davis, who is now acknowledging his role on the record."" And that’s the thing. CNN doesn’t have to protect Davis, who has come clean about his role in the matter. When the White House makes a mistake or clings to an unsubstantiated charge, news organizations hammer top officials about it. Shouldn&apost a network have the same obligation to explain itself when an explosive story is denied by one of its own sources? Davis says he has learned a valuable lesson, and",,
article_34,overlapping_different_label,anecdote,assumption,4786,4825,4786,4825,39,Lanny Davis has owned up to his mistake,Lanny Davis has owned up to his mistake,Rachel Maddow there were indications that Trump knew in advance of the hacking of Democratic emails. He said that was his belief but that he had no hard evidence to back it up. Lanny Davis has owned up to his mistake. We&aposll have to see what lessons are drawn by other players in this melodrama.,,
article_34,unmatched_prediction,,assumption,,,0,1,0,,',"'MediaBuzz' host Howard Kurtz weighs in on why CNN is standing by a Michael Cohen story that his lawyer, Lanny Davis, says is false. Lanny Davis, who has been engaged in high-stake",,
article_34,unmatched_prediction,,other,,,1353,1377,0,,Here&aposs the backstory,"aposs comment: ""We stand by our story, and are confident in our reporting of it."" A CNN report yesterday said that Davis kept changing his story in his dealings with the network. Here&aposs the backstory: CNN dropped a bombshell last month by reporting that Davis&apos client, Michael Cohen, had information that Donald Trump knew in advance of the 2016 Trump Tower meeting between h",,
article_35,same_label_boundary_difference,testimony,testimony,860,1198,834,1074,214,"Rodriguez told TheBlaze that Christians’ views on immigration have changed dramatically over the past seven years, noting that progressive and conservative evangelicals, alike, are coming together like never before (we reported on a massive campaign bridging political divides earlier this year called “The Evangelical Immigration Table”)","Among other observations, Rodriguez told TheBlaze that Christians’ views on immigration have changed dramatically over the past seven years, noting that progressive and conservative evangelicals, alike, are coming together like never before","this controversial issue. Considering the role that preachers have in American communities and the work Rodriguez has been engaged in, his perspective on this front is important. Among other observations, Rodriguez told TheBlaze that Christians’ views on immigration have changed dramatically over the past seven years, noting that progressive and conservative evangelicals, alike, are coming together like never before (we reported on a massive campaign bridging political divides earlier this year called “The Evangelical Immigration Table”). “It’s important to that conservative evangelicals today, as in comparison to seven years ago, serve as probably one of the most significant supportive groups in favor of compreh",,
article_35,same_label_boundary_difference,testimony,testimony,2547,2625,2548,2625,77,"“I agree they broke the law and they shouldn’t be given amnesty,” he responded","I agree they broke the law and they shouldn’t be given amnesty,” he responded","enship and other such proposals, TheBlaze asked how Rodriguez would react to those who believe that illegals broke the law and that, as a result, they shouldn’t be given amnesty. “I agree they broke the law and they shouldn’t be given amnesty,” he responded. “We have to ask ourselves what is the Biblical solution for those who are here.” Rather than deporting them — something Rodriguez said simply isn’t a viable option — he advocate",,
article_35,same_label_boundary_difference,testimony,testimony,2856,3137,2855,3017,161,"He also claimed that many of the 11 million people (estimated) who are here actually came to the country legally at some point, but some “overstayed their VISAs” (a Wall Street Journal report corroborated that 40 percent of illegals did enter the nation legitimately at some point)","He also claimed that many of the 11 million people (estimated) who are here actually came to the country legally at some point, but some “overstayed their VISAs”","olution for those who are here.” Rather than deporting them — something Rodriguez said simply isn’t a viable option — he advocated a more compassionate and understanding approach. He also claimed that many of the 11 million people (estimated) who are here actually came to the country legally at some point, but some “overstayed their VISAs” (a Wall Street Journal report corroborated that 40 percent of illegals did enter the nation legitimately at some point). He said that there’s a fact-versus-fiction paradigm that shows that many of these individuals have actually contributed to their communities. Rodriguez also highlighted his beli",,
article_35,same_label_segmentation_difference,testimony,testimony,3412,3548,3412,3548,135,"“Ronald Reagan would agree with me on this. He was the one who said that these immigrants really embody the future of America,” he added","“Ronald Reagan would agree with me on this || He was the one who said that these immigrants really embody the future of America,” he added","s have actually contributed to their communities. Rodriguez also highlighted his belief that it’s unfair to throw these individuals out when they have been living here for years. “Ronald Reagan would agree with me on this. He was the one who said that these immigrants really embody the future of America,” he added. “True conservatism [means that] if we are to conserve the spirit of entrepreneurship, we want to welcome these immigrants.” It’s not as though the faith leader wants to open the",,
article_35,same_label_boundary_difference,assumption,assumption,3800,3910,3795,3910,110,"he’s fully on-board with making illegals go to the back of the line, pay fines, and learn the English language","And he’s fully on-board with making illegals go to the back of the line, pay fines, and learn the English language","of entrepreneurship, we want to welcome these immigrants.” It’s not as though the faith leader wants to open the floodgates. Rodriguez is, in fact, calling for overarching reform. And he’s fully on-board with making illegals go to the back of the line, pay fines, and learn the English language. He noted that the process for becoming a citizen should include these benchmarks and that it could — and should — take someone 10 to 13 years to achieve this goal. Now, as for t",,
article_35,same_label_boundary_difference,testimony,testimony,3912,4074,4023,4074,51,He noted that the process for becoming a citizen should include these benchmarks and that it could — and should — take someone 10 to 13 years to achieve this goal,— take someone 10 to 13 years to achieve this goal,"odgates. Rodriguez is, in fact, calling for overarching reform. And he’s fully on-board with making illegals go to the back of the line, pay fines, and learn the English language. He noted that the process for becoming a citizen should include these benchmarks and that it could — and should — take someone 10 to 13 years to achieve this goal. Now, as for the contention between progressive and conservative evangelicals on a wide variety of issues, Rodriguez spoke candidly about immigration as a uniting force. He said",,
article_35,same_label_boundary_difference,testimony,testimony,4494,4624,4494,4547,53,"“We coalesce around welcoming the stranger,” he said, noting that Matthew 25 is a key Bible verse in the immigration reform debate","“We coalesce around welcoming the stranger,” he said,","ite some time among evangelicals — so powerful, in fact, that it has conservative evangelicals like Rodriguez finding common ground with progressives like Sojourners’ Jim Wallis. “We coalesce around welcoming the stranger,” he said, noting that Matthew 25 is a key Bible verse in the immigration reform debate. “I was a stranger and you invited me in, I needed clothes and you clothed me, I was sick and you looked after me, I was in prison and you came to visit me,” reads a portion of M",,
article_35,same_label_segmentation_difference,testimony,testimony,4627,4819,4660,4819,123,"“I was a stranger and you invited me in, I needed clothes and you clothed me, I was sick and you looked after me, I was in prison and you came to visit me,” reads a portion of Matthew 25:35-36","me in || me || I was sick and you looked after me || I was in prison and you came to visit me,” reads a portion of Matthew 25:35-36","ith progressives like Sojourners’ Jim Wallis. “We coalesce around welcoming the stranger,” he said, noting that Matthew 25 is a key Bible verse in the immigration reform debate. “I was a stranger and you invited me in, I needed clothes and you clothed me, I was sick and you looked after me, I was in prison and you came to visit me,” reads a portion of Matthew 25:35-36. Rodriguez’s comments come at the same time that a bi-partisan immigration plan is being proposed to help cope with the nation’s borders as well as the 11 million illegals who ar",,
article_35,same_label_segmentation_difference,other,other,5105,5123,5105,5123,5,What do you think?,What || ?,"p cope with the nation’s borders as well as the 11 million illegals who are estimated to be living within them. TheBlaze told you about the proposal’s contents earlier this week. What do you think? Take the poll, below:",,
article_35,same_label_boundary_difference,testimony,testimony,2046,2213,2013,2213,167,"Rodriguez noted that the most significant growth in Christianity is actually coming from these immigrants, making this as much a religious issue as it is one of policy","outside of the political realm, Rodriguez noted that the most significant growth in Christianity is actually coming from these immigrants, making this as much a religious issue as it is one of policy","e, the faith leader said that conservative evangelicals are now seeing the issue vertically and have woken up to the realities the nation is facing on the immigration front. Also, outside of the political realm, Rodriguez noted that the most significant growth in Christianity is actually coming from these immigrants, making this as much a religious issue as it is one of policy. “Before it was a political issue. Now it’s a God and Christian issue,” he continued. As for critics who might dismiss plans to provide a path to citizenship and other such prop",,
article_35,same_label_boundary_difference,assumption,assumption,2309,2398,2302,2398,89,critics who might dismiss plans to provide a path to citizenship and other such proposals,As for critics who might dismiss plans to provide a path to citizenship and other such proposals,"coming from these immigrants, making this as much a religious issue as it is one of policy. “Before it was a political issue. Now it’s a God and Christian issue,” he continued. As for critics who might dismiss plans to provide a path to citizenship and other such proposals, TheBlaze asked how Rodriguez would react to those who believe that illegals broke the law and that, as a result, they shouldn’t be given amnesty. “I agree they broke the law and",,
article_35,overlapping_different_label,anecdote,assumption,69,239,63,239,170,"politicians, faith leaders and American citizens all weighing in on proposals to cope with the millions of illegals who are currently residing within the nation’s borders","with politicians, faith leaders and American citizens all weighing in on proposals to cope with the millions of illegals who are currently residing within the nation’s borders","Immigration continues to be a contentious sociopolitical issue, with politicians, faith leaders and American citizens all weighing in on proposals to cope with the millions of illegals who are currently residing within the nation’s borders. Due to its complexities, finding common ground can be difficult, however religious leaders like the Rev. Samuel Rodriguez, president of the National Hispanic Christian Leadership",,
article_35,overlapping_different_label,testimony,assumption,314,539,313,539,225,"religious leaders like the Rev. Samuel Rodriguez, president of the National Hispanic Christian Leadership Conference (NHCLC), believe that it is possible to reach viable — and faith-based — solutions to the domestic conundrum","religious leaders like the Rev. Samuel Rodriguez, president of the National Hispanic Christian Leadership Conference (NHCLC), believe that it is possible to reach viable — and faith-based — solutions to the domestic conundrum","on proposals to cope with the millions of illegals who are currently residing within the nation’s borders. Due to its complexities, finding common ground can be difficult, however religious leaders like the Rev. Samuel Rodriguez, president of the National Hispanic Christian Leadership Conference (NHCLC), believe that it is possible to reach viable — and faith-based — solutions to the domestic conundrum. TheBlaze recently interviewed Rodriguez, a prominent evangelical leader, to learn more about how he is tackling this controversial issue. Considering the role that preachers hav",,
article_35,overlapping_different_label,other,assumption,680,787,679,787,107,Considering the role that preachers have in American communities and the work Rodriguez has been engaged in,Considering the role that preachers have in American communities and the work Rodriguez has been engaged in,"ed — solutions to the domestic conundrum. TheBlaze recently interviewed Rodriguez, a prominent evangelical leader, to learn more about how he is tackling this controversial issue. Considering the role that preachers have in American communities and the work Rodriguez has been engaged in, his perspective on this front is important. Among other observations, Rodriguez told TheBlaze that Christians’ views on immigration have changed dramatically over the past seven",,
article_35,overlapping_different_label,testimony,assumption,2709,2791,2709,2854,82,Rather than deporting them — something Rodriguez said simply isn’t a viable option,Rather than deporting them — something Rodriguez said simply isn’t a viable option — he advocated a more compassionate and understanding approach,"e given amnesty. “I agree they broke the law and they shouldn’t be given amnesty,” he responded. “We have to ask ourselves what is the Biblical solution for those who are here.” Rather than deporting them — something Rodriguez said simply isn’t a viable option — he advocated a more compassionate and understanding approach. He also claimed that many of the 11 million people (estimated) who are here actually came to the country legally at some point, but some “overstayed their VISAs” (a Wall Street J",,
article_35,overlapping_different_label,testimony,assumption,3282,3409,3281,3409,127,Rodriguez also highlighted his belief that it’s unfair to throw these individuals out when they have been living here for years,Rodriguez also highlighted his belief that it’s unfair to throw these individuals out when they have been living here for years,"e nation legitimately at some point). He said that there’s a fact-versus-fiction paradigm that shows that many of these individuals have actually contributed to their communities. Rodriguez also highlighted his belief that it’s unfair to throw these individuals out when they have been living here for years. “Ronald Reagan would agree with me on this. He was the one who said that these immigrants really embody the future of America,” he added. “True conservatism [means that] if we a",,
article_35,overlapping_different_label,anecdote,assumption,4082,4244,4084,4181,97,"as for the contention between progressive and conservative evangelicals on a wide variety of issues, Rodriguez spoke candidly about immigration as a uniting force",for the contention between progressive and conservative evangelicals on a wide variety of issues,"language. He noted that the process for becoming a citizen should include these benchmarks and that it could — and should — take someone 10 to 13 years to achieve this goal. Now, as for the contention between progressive and conservative evangelicals on a wide variety of issues, Rodriguez spoke candidly about immigration as a uniting force. He said that it has been the most unifying issue he’s observed in quite some time among evangelicals — so powerful, in fact, that it has conservative evangelicals like Rodriguez",,
article_35,overlapping_different_label,anecdote,assumption,4822,5035,4822,5035,213,Rodriguez’s comments come at the same time that a bi-partisan immigration plan is being proposed to help cope with the nation’s borders as well as the 11 million illegals who are estimated to be living within them,Rodriguez’s comments come at the same time that a bi-partisan immigration plan is being proposed to help cope with the nation’s borders as well as the 11 million illegals who are estimated to be living within them,"er and you invited me in, I needed clothes and you clothed me, I was sick and you looked after me, I was in prison and you came to visit me,” reads a portion of Matthew 25:35-36. Rodriguez’s comments come at the same time that a bi-partisan immigration plan is being proposed to help cope with the nation’s borders as well as the 11 million illegals who are estimated to be living within them. TheBlaze told you about the proposal’s contents earlier this week. What do you think? Take the poll, below:",,
article_35,overlapping_different_label,testimony,anecdote,2400,2544,2527,2544,17,"TheBlaze asked how Rodriguez would react to those who believe that illegals broke the law and that, as a result, they shouldn’t be given amnesty",be given amnesty,"ore it was a political issue. Now it’s a God and Christian issue,” he continued. As for critics who might dismiss plans to provide a path to citizenship and other such proposals, TheBlaze asked how Rodriguez would react to those who believe that illegals broke the law and that, as a result, they shouldn’t be given amnesty. “I agree they broke the law and they shouldn’t be given amnesty,” he responded. “We have to ask ourselves what is the Biblical solution for those who are here.” Rather than dep",,
article_35,unmatched_gold_span,anecdote,,2794,2854,,,0,he advocated a more compassionate and understanding approach,,"e responded. “We have to ask ourselves what is the Biblical solution for those who are here.” Rather than deporting them — something Rodriguez said simply isn’t a viable option — he advocated a more compassionate and understanding approach. He also claimed that many of the 11 million people (estimated) who are here actually came to the country legally at some point, but some “overstayed their VISAs” (a Wall Street J",,
article_35,unmatched_prediction,,anecdote,,,1076,1196,0,,we reported on a massive campaign bridging political divides earlier this year called “The Evangelical Immigration Table,"ans’ views on immigration have changed dramatically over the past seven years, noting that progressive and conservative evangelicals, alike, are coming together like never before (we reported on a massive campaign bridging political divides earlier this year called “The Evangelical Immigration Table”). “It’s important to that conservative evangelicals today, as in comparison to seven years ago, serve as probably one of the most significant supportive groups in favor of compr",,
article_35,unmatched_prediction,,statistics,,,3019,3136,0,,a Wall Street Journal report corroborated that 40 percent of illegals did enter the nation legitimately at some point,"anding approach. He also claimed that many of the 11 million people (estimated) who are here actually came to the country legally at some point, but some “overstayed their VISAs” (a Wall Street Journal report corroborated that 40 percent of illegals did enter the nation legitimately at some point). He said that there’s a fact-versus-fiction paradigm that shows that many of these individuals have actually contributed to their communities. Rodriguez also highlighted his bel",,
article_35,unmatched_prediction,,assumption,,,4182,4244,0,,Rodriguez spoke candidly about immigration as a uniting force,"it could — and should — take someone 10 to 13 years to achieve this goal. Now, as for the contention between progressive and conservative evangelicals on a wide variety of issues, Rodriguez spoke candidly about immigration as a uniting force. He said that it has been the most unifying issue he’s observed in quite some time among evangelicals — so powerful, in fact, that it has conservative evangelicals like Rodriguez",,
article_35,unmatched_prediction,,assumption,,,4554,4624,0,,that Matthew 25 is a key Bible verse in the immigration reform debate,"t it has conservative evangelicals like Rodriguez finding common ground with progressives like Sojourners’ Jim Wallis. “We coalesce around welcoming the stranger,” he said, noting that Matthew 25 is a key Bible verse in the immigration reform debate. “I was a stranger and you invited me in, I needed clothes and you clothed me, I was sick and you looked after me, I was in prison and you came to visit me,” reads a portion of M",,
article_36,same_label_boundary_difference,anecdote,anecdote,0,157,127,157,30,"WASHINGTON—President Donald Trump has made his first nomination to the U.S. Supreme Court: Neil Gorsuch, a federal judge on the 10th Circuit Court of Appeals",10th Circuit Court of Appeals,"WASHINGTON—President Donald Trump has made his first nomination to the U.S. Supreme Court: Neil Gorsuch, a federal judge on the 10th Circuit Court of Appeals. Trump knew this choice really mattered to those who elected him. In fact, of voters who said the Supreme Court was their number one issue, 56 percent of them voted for Trump. Th",,
article_36,same_label_segmentation_difference,assumption,assumption,335,439,334,439,100,The president promised a constitutionalist in the mold of Antonin Scalia and with Gorsuch he's delivered,The president promised a constitutionalist in the mold of Antonin Scalia || with Gorsuch he's delivered,"als. Trump knew this choice really mattered to those who elected him. In fact, of voters who said the Supreme Court was their number one issue, 56 percent of them voted for Trump. The president promised a constitutionalist in the mold of Antonin Scalia and with Gorsuch he's delivered. ""Loves Our Constitution"" Trump told a crowd gathered in the White House Tuesday night, ""I promised to select someone who respects our laws and is representative of our Constitu",,
article_36,same_label_boundary_difference,testimony,testimony,442,656,468,656,188,"""Loves Our Constitution"" Trump told a crowd gathered in the White House Tuesday night, ""I promised to select someone who respects our laws and is representative of our Constitution and who loves our Constitution.""","Trump told a crowd gathered in the White House Tuesday night, ""I promised to select someone who respects our laws and is representative of our Constitution and who loves our Constitution.""","me Court was their number one issue, 56 percent of them voted for Trump. The president promised a constitutionalist in the mold of Antonin Scalia and with Gorsuch he's delivered. ""Loves Our Constitution"" Trump told a crowd gathered in the White House Tuesday night, ""I promised to select someone who respects our laws and is representative of our Constitution and who loves our Constitution."" Gorsuch told the same audience, ""The Supreme Court's work is vital not just to a region of the country but to the whole, vital to the protection of the people's liberties under l",,
article_36,same_label_segmentation_difference,testimony,testimony,1064,1201,1063,1201,133,"That's because, as he pointed out, a justice could serve 40 or 50 years and make decisions that could affect generations across centuries","That's because || he pointed out, a justice could serve 40 or 50 years and make decisions that could affect generations across centuries","he greatest charter of human liberty the world has ever known."" Trump said he'd thought longer and harder about this pick than any other he's made as president or president-elect. That's because, as he pointed out, a justice could serve 40 or 50 years and make decisions that could affect generations across centuries. A Sparkling Writing Style ""He will be a superlative Supreme Court Justice,"" John Malcolm, The Heritage Foundation's veteran Supreme Court-watcher, said of Gorsuch, Malcolm say",,
article_36,same_label_segmentation_difference,testimony,testimony,1204,1484,1231,1484,250,"A Sparkling Writing Style ""He will be a superlative Supreme Court Justice,"" John Malcolm, The Heritage Foundation's veteran Supreme Court-watcher, said of Gorsuch, Malcolm says he can understand from Gorsuch's past rulings and writings why Trump would choose the Colorado native","""He will be a superlative Supreme Court Justice,"" John Malcolm, The Heritage Foundation's veteran Supreme Court-watcher, said of Gorsuch || Malcolm says he can understand from Gorsuch's past rulings and writings why Trump would choose the Colorado native","s made as president or president-elect. That's because, as he pointed out, a justice could serve 40 or 50 years and make decisions that could affect generations across centuries. A Sparkling Writing Style ""He will be a superlative Supreme Court Justice,"" John Malcolm, The Heritage Foundation's veteran Supreme Court-watcher, said of Gorsuch, Malcolm says he can understand from Gorsuch's past rulings and writings why Trump would choose the Colorado native. ""He is clearly a constitutionalist judge,"" the legal expert stated. ""He looks deeply and studies the text and structure of the Constitution."" Malcolm then added, ""He has a spar",,
article_36,same_label_segmentation_difference,testimony,testimony,1630,1896,1630,1896,264,"Malcolm then added, ""He has a sparkling writing style much like Antonin Scalia. But more important, he's a very, very deep thinker who's written some incredibly scholarly opinions on a whole host of issues. His opinions are always thoughtful and well worth reading.""","Malcolm then added, ""He has a sparkling writing style much like Antonin Scalia || But more important, he's a very, very deep thinker who's written some incredibly scholarly opinions on a whole host of issues || His opinions are always thoughtful and well worth reading.""","p would choose the Colorado native. ""He is clearly a constitutionalist judge,"" the legal expert stated. ""He looks deeply and studies the text and structure of the Constitution."" Malcolm then added, ""He has a sparkling writing style much like Antonin Scalia. But more important, he's a very, very deep thinker who's written some incredibly scholarly opinions on a whole host of issues. His opinions are always thoughtful and well worth reading."" Is He ""Extreme"" or ""Mainstream?"" Naming the nominee was the easy part. But Senate Democrats have promised a bruising battle over confirmation. Americans will hear over and over",,
article_36,same_label_boundary_difference,assumption,assumption,1974,2040,1969,2040,66,Senate Democrats have promised a bruising battle over confirmation,But Senate Democrats have promised a bruising battle over confirmation,"y scholarly opinions on a whole host of issues. His opinions are always thoughtful and well worth reading."" Is He ""Extreme"" or ""Mainstream?"" Naming the nominee was the easy part. But Senate Democrats have promised a bruising battle over confirmation. Americans will hear over and over again how Trump's pick is ""extreme"" and not ""mainstream."" And the Democrats' Senate leader, Charles Schumer, has sworn to fight ""tooth and nail",,
article_36,same_label_segmentation_difference,testimony,testimony,2448,2712,2448,2712,263,"Responding to a question from CBN News' David Brody, Spicer said of those Democrats, ""Before they've even heard who this individual is, you've got some of them saying 'absolutely no.' That just shows you that it's all about politics. It's not about qualification.""","Responding to a question from CBN News' David Brody, Spicer said of those Democrats, ""Before they've even heard who this individual is, you've got some of them saying 'absolutely no.' That just shows you that it's all about politics || It's not about qualification.""","stream"" in the opinion of the Democrats. Some pledged to fight ANY Trump nominee - a vow that elicited a withering rebuke this week from White House press secretary Sean Spicer. Responding to a question from CBN News' David Brody, Spicer said of those Democrats, ""Before they've even heard who this individual is, you've got some of them saying 'absolutely no.' That just shows you that it's all about politics. It's not about qualification."" Senate Once Confirmed Him Unanimously Trump pointed out of Gorsuch, ""When he was nominated to the 10th Circuit Court of Appeals, he was confirmed by the Senate unanimously."" Re",,
article_36,same_label_segmentation_difference,testimony,testimony,3351,3478,3350,3478,124,"""And I expect that at the end of the day, he will get confirmed despite some heated opposition from some pretty mad Democrats.""",""" || I expect that at the end of the day, he will get confirmed despite some heated opposition from some pretty mad Democrats.""","or on what fronts. ""You never really can replace a legal lion like Antonin Scalia, but a fitting successor to Antonin Scalia: Neil Gorsuch certainly fits that mold,"" Malcolm said. ""And I expect that at the end of the day, he will get confirmed despite some heated opposition from some pretty mad Democrats."" He added, ""It's hard to go after Judge Gorsuch. He's such a thoughtful jurist."" No Abortion Rulings, But May Still Be a Hot Topic Malcolm did mention that abortion is often one",,
article_36,same_label_segmentation_difference,testimony,testimony,3480,3559,3480,3559,78,"He added, ""It's hard to go after Judge Gorsuch. He's such a thoughtful jurist.""","He added, ""It's hard to go after Judge Gorsuch || He's such a thoughtful jurist.""","l Gorsuch certainly fits that mold,"" Malcolm said. ""And I expect that at the end of the day, he will get confirmed despite some heated opposition from some pretty mad Democrats."" He added, ""It's hard to go after Judge Gorsuch. He's such a thoughtful jurist."" No Abortion Rulings, But May Still Be a Hot Topic Malcolm did mention that abortion is often one of the most controversial topics when it comes to confirming justices or judges.",,
article_36,same_label_segmentation_difference,testimony,testimony,3863,4119,3862,4119,254,"""But he did write a book, actually, based on his doctoral dissertation on euthanasia and physician-assisted suicide. And he said that the reason he opposed those is because of the inviolability of life. So perhaps that gets some insight into his thinking.""","""But he did write a book, actually, based on his doctoral dissertation on euthanasia and physician-assisted suicide || And he said that the reason he opposed those is because of the inviolability of life || So perhaps that gets some insight into his thinking.""","al topics when it comes to confirming justices or judges. ""He (Gorsuch) hasn't written any opinions per se in the area of abortion, which tends to be a hot-button issue,"" he said. ""But he did write a book, actually, based on his doctoral dissertation on euthanasia and physician-assisted suicide. And he said that the reason he opposed those is because of the inviolability of life. So perhaps that gets some insight into his thinking."" On the issue of religious liberty, Gorsuch ruled for both Hobby Lobby and Little Sisters of the Poor in their legal battles against being forced to cover abortifacient contracept",,
article_36,same_label_boundary_difference,testimony,testimony,4669,4764,4668,4765,95,"""And I respect the important role the Constitution affords it in the confirmation of our judges","""And I respect the important role the Constitution affords it in the confirmation of our judges.","As for Gorsuch, he said he's ready for whatever his critics in the Senate bring. ""I consider the United States Senate the greatest deliberative body in the world,"" Gorsuch stated. ""And I respect the important role the Constitution affords it in the confirmation of our judges. Senate Democrats have already delayed moving on some of Trump's cabinet choices, including attorney general nominee Sen. Jeff Sessions. But Gorsuch could face the hardest confirm",,
article_36,overlapping_different_label,other,assumption,1898,1930,1898,1930,32,"Is He ""Extreme"" or ""Mainstream?""","Is He ""Extreme"" or ""Mainstream?""","important, he's a very, very deep thinker who's written some incredibly scholarly opinions on a whole host of issues. His opinions are always thoughtful and well worth reading."" Is He ""Extreme"" or ""Mainstream?"" Naming the nominee was the easy part. But Senate Democrats have promised a bruising battle over confirmation. Americans will hear over and over again how Trump's pick is ""extreme",,
article_36,overlapping_different_label,testimony,assumption,2042,2133,2041,2133,91,"Americans will hear over and over again how Trump's pick is ""extreme"" and not ""mainstream.""","Americans will hear over and over again how Trump's pick is ""extreme"" and not ""mainstream.""","thoughtful and well worth reading."" Is He ""Extreme"" or ""Mainstream?"" Naming the nominee was the easy part. But Senate Democrats have promised a bruising battle over confirmation. Americans will hear over and over again how Trump's pick is ""extreme"" and not ""mainstream."" And the Democrats' Senate leader, Charles Schumer, has sworn to fight ""tooth and nail"" against any high court nominee who isn't ""mainstream"" in the opinion of the Democrats. Som",,
article_36,overlapping_different_label,testimony,assumption,2139,2307,2135,2307,168,"the Democrats' Senate leader, Charles Schumer, has sworn to fight ""tooth and nail"" against any high court nominee who isn't ""mainstream"" in the opinion of the Democrats","And the Democrats' Senate leader, Charles Schumer, has sworn to fight ""tooth and nail"" against any high court nominee who isn't ""mainstream"" in the opinion of the Democrats","the easy part. But Senate Democrats have promised a bruising battle over confirmation. Americans will hear over and over again how Trump's pick is ""extreme"" and not ""mainstream."" And the Democrats' Senate leader, Charles Schumer, has sworn to fight ""tooth and nail"" against any high court nominee who isn't ""mainstream"" in the opinion of the Democrats. Some pledged to fight ANY Trump nominee - a vow that elicited a withering rebuke this week from White House press secretary Sean Spicer. Responding to a question from CBN News'",,
article_36,overlapping_different_label,testimony,assumption,2310,2445,2310,2445,135,Some pledged to fight ANY Trump nominee - a vow that elicited a withering rebuke this week from White House press secretary Sean Spicer,Some pledged to fight ANY Trump nominee - a vow that elicited a withering rebuke this week from White House press secretary Sean Spicer,"m."" And the Democrats' Senate leader, Charles Schumer, has sworn to fight ""tooth and nail"" against any high court nominee who isn't ""mainstream"" in the opinion of the Democrats. Some pledged to fight ANY Trump nominee - a vow that elicited a withering rebuke this week from White House press secretary Sean Spicer. Responding to a question from CBN News' David Brody, Spicer said of those Democrats, ""Before they've even heard who this individual is, you've got some of them saying 'absolutel",,
article_36,overlapping_different_label,anecdote,assumption,2714,2751,2717,2751,34,Senate Once Confirmed Him Unanimously,ate Once Confirmed Him Unanimously,"Before they've even heard who this individual is, you've got some of them saying 'absolutely no.' That just shows you that it's all about politics. It's not about qualification."" Senate Once Confirmed Him Unanimously Trump pointed out of Gorsuch, ""When he was nominated to the 10th Circuit Court of Appeals, he was confirmed by the Senate unanimously."" Regarding the coming confirmation hearing",,
article_36,overlapping_different_label,testimony,assumption,3062,3187,3062,3150,88,"Malcolm believes Democrats will attack but with Gorsuch's sterling record and reputation, he's not sure how or on what fronts",Malcolm believes Democrats will attack but with Gorsuch's sterling record and reputation,"usly."" Regarding the coming confirmation hearings and vote, Trump said, ""I only hope that both Democrats and Republicans can come together for once for the good of the country."" Malcolm believes Democrats will attack but with Gorsuch's sterling record and reputation, he's not sure how or on what fronts. ""You never really can replace a legal lion like Antonin Scalia, but a fitting successor to Antonin Scalia: Neil Gorsuch certainly fits that mold,"" Malcolm said. ""And I expect th",,
article_36,overlapping_different_label,other,assumption,3561,3610,3563,3610,47,"No Abortion Rulings, But May Still Be a Hot Topic","Abortion Rulings, But May Still Be a Hot Topic","of the day, he will get confirmed despite some heated opposition from some pretty mad Democrats."" He added, ""It's hard to go after Judge Gorsuch. He's such a thoughtful jurist."" No Abortion Rulings, But May Still Be a Hot Topic Malcolm did mention that abortion is often one of the most controversial topics when it comes to confirming justices or judges. ""He (Gorsuch) hasn't written any opinions per se",,
article_36,overlapping_different_label,testimony,assumption,3612,3738,3612,3738,126,Malcolm did mention that abortion is often one of the most controversial topics when it comes to confirming justices or judges,Malcolm did mention that abortion is often one of the most controversial topics when it comes to confirming justices or judges,"ed opposition from some pretty mad Democrats."" He added, ""It's hard to go after Judge Gorsuch. He's such a thoughtful jurist."" No Abortion Rulings, But May Still Be a Hot Topic Malcolm did mention that abortion is often one of the most controversial topics when it comes to confirming justices or judges. ""He (Gorsuch) hasn't written any opinions per se in the area of abortion, which tends to be a hot-button issue,"" he said. ""But he did write a book, actually, based on his doctor",,
article_36,overlapping_different_label,anecdote,assumption,4121,4382,4127,4382,255,"On the issue of religious liberty, Gorsuch ruled for both Hobby Lobby and Little Sisters of the Poor in their legal battles against being forced to cover abortifacient contraceptives for their employees - something that would've violated their religious beliefs","issue of religious liberty, Gorsuch ruled for both Hobby Lobby and Little Sisters of the Poor in their legal battles against being forced to cover abortifacient contraceptives for their employees - something that would've violated their religious beliefs","anasia and physician-assisted suicide. And he said that the reason he opposed those is because of the inviolability of life. So perhaps that gets some insight into his thinking."" On the issue of religious liberty, Gorsuch ruled for both Hobby Lobby and Little Sisters of the Poor in their legal battles against being forced to cover abortifacient contraceptives for their employees - something that would've violated their religious beliefs. Malcolm pointed out, ""If you care about religious freedom, there's a lot to like about Neil Gorsuch."" As for Gorsuch, he said he's ready for whatever his critics in the Senate",,
article_36,unmatched_prediction,,assumption,,,3151,3187,0,,he's not sure how or on what fronts,"t both Democrats and Republicans can come together for once for the good of the country."" Malcolm believes Democrats will attack but with Gorsuch's sterling record and reputation, he's not sure how or on what fronts. ""You never really can replace a legal lion like Antonin Scalia, but a fitting successor to Antonin Scalia: Neil Gorsuch certainly fits that mold,"" Malcolm said. ""And I expect th",,
article_36,unmatched_prediction,,assumption,,,4121,4123,0,,On,"anasia and physician-assisted suicide. And he said that the reason he opposed those is because of the inviolability of life. So perhaps that gets some insight into his thinking."" On the issue of religious liberty, Gorsuch ruled for both Hobby Lobby and Little Sisters of the Poor in their legal battles against being forced to cover abortifacient contraceptives",,
article_36,unmatched_prediction,,assumption,,,4902,4906,0,,But,"fords it in the confirmation of our judges. Senate Democrats have already delayed moving on some of Trump's cabinet choices, including attorney general nominee Sen. Jeff Sessions. But Gorsuch could face the hardest confirmation battle of them all. Stay informed with the latest from CBN News delivered to your inbox.",,
article_36,unmatched_prediction,,other,,,4972,4985,0,,Stay informed,"eady delayed moving on some of Trump's cabinet choices, including attorney general nominee Sen. Jeff Sessions. But Gorsuch could face the hardest confirmation battle of them all. Stay informed with the latest from CBN News delivered to your inbox.",,
article_36,unmatched_prediction,,other,,,4994,5006,0,,latest from,"some of Trump's cabinet choices, including attorney general nominee Sen. Jeff Sessions. But Gorsuch could face the hardest confirmation battle of them all. Stay informed with the latest from CBN News delivered to your inbox.",,
article_36,unmatched_prediction,,other,,,5010,5015,0,,News,"cabinet choices, including attorney general nominee Sen. Jeff Sessions. But Gorsuch could face the hardest confirmation battle of them all. Stay informed with the latest from CBN News delivered to your inbox.",,
article_36,unmatched_prediction,,other,,,5025,5028,0,,to,"s, including attorney general nominee Sen. Jeff Sessions. But Gorsuch could face the hardest confirmation battle of them all. Stay informed with the latest from CBN News delivered to your inbox.",,
article_37,same_label_boundary_difference,assumption,assumption,333,429,331,429,96,a shift that could soften the international blow amid threats of retaliation by trading partners,", a shift that could soften the international blow amid threats of retaliation by trading partners","but with temporary exemptions for Canada and Mexico as he seeks to revise the North American Free Trade Agreement. He suggested Australia and ""other countries"" might also be spared, a shift that could soften the international blow amid threats of retaliation by trading partners. The White House said Trump would sign the orders on Thursday afternoon as opponents of the tariffs engaged in last-minute lobbying to blunt the impact. ""We're going to be very",,
article_37,same_label_boundary_difference,testimony,testimony,432,582,464,502,38,The White House said Trump would sign the orders on Thursday afternoon as opponents of the tariffs engaged in last-minute lobbying to blunt the impact,sign the orders on Thursday afternoon,"de Agreement. He suggested Australia and ""other countries"" might also be spared, a shift that could soften the international blow amid threats of retaliation by trading partners. The White House said Trump would sign the orders on Thursday afternoon as opponents of the tariffs engaged in last-minute lobbying to blunt the impact. ""We're going to be very fair, we're going to be very flexible but we're going to protect the American worker as I said I would do in my campaign,"" Trump said during a Cabinet me",,
article_37,same_label_segmentation_difference,testimony,testimony,770,1031,770,1031,260,"The president reiterated that he would levy tariffs of 25 percent on imported steel and 10 percent on aluminum but would ""have a right to go up or down depending on the country and I'll have a right to drop out countries or add countries. I just want fairness.""","The president reiterated that he would levy tariffs of 25 percent on imported steel and 10 percent on aluminum but would ""have a right to go up or down depending on the country and I'll have a right to drop out countries or add countries || I just want fairness.""","e going to be very fair, we're going to be very flexible but we're going to protect the American worker as I said I would do in my campaign,"" Trump said during a Cabinet meeting. The president reiterated that he would levy tariffs of 25 percent on imported steel and 10 percent on aluminum but would ""have a right to go up or down depending on the country and I'll have a right to drop out countries or add countries. I just want fairness."" The president indicated Canada and Mexico's treatment would be connected to the ongoing NAFTA talks, which are expected to resume in early April. The process of announcing the p",,
article_37,same_label_boundary_difference,testimony,testimony,1033,1177,1126,1132,6,"The president indicated Canada and Mexico's treatment would be connected to the ongoing NAFTA talks, which are expected to resume in early April",talks,"and 10 percent on aluminum but would ""have a right to go up or down depending on the country and I'll have a right to drop out countries or add countries. I just want fairness."" The president indicated Canada and Mexico's treatment would be connected to the ongoing NAFTA talks, which are expected to resume in early April. The process of announcing the penalties has been the subject of an intense debate and chaotic exchanges within the White House, pitting hard-liners against free trade advocates",,
article_37,same_label_segmentation_difference,assumption,assumption,4701,4904,4700,4904,202,"He has tried to use the tariffs as leverage in ongoing talks to renegotiate NAFTA, suggesting Canada and Mexico might be exempted from tariffs if they offer more favorable terms under the trade agreement",He has tried to use the tariffs as leverage in ongoing talks to renegotiate NAFTA || suggesting Canada and Mexico might be exempted from tariffs if they offer more favorable terms under the trade agreement,"o take this risk seriously,"" Donohue said. The president has said the tariffs are needed to reinforce lagging American steel and aluminum industries and protect national security. He has tried to use the tariffs as leverage in ongoing talks to renegotiate NAFTA, suggesting Canada and Mexico might be exempted from tariffs if they offer more favorable terms under the trade agreement. (Copyright 2018 The Associated Press. All rights reserved. This material may not be published, broadcast, rewritten or redistributed.) Stay informed with the latest from CBN Ne",,
article_37,same_label_boundary_difference,testimony,testimony,2327,2585,2327,2460,133,"Press secretary Sarah Huckabee Sanders told reporters the exemptions would be made on a ""case by case"" and ""country by country"" basis, a reversal from the policy articulated by the White House just days ago that there would be no exemptions from Trump's plan","Press secretary Sarah Huckabee Sanders told reporters the exemptions would be made on a ""case by case"" and ""country by country"" basis","go into effect within about 15 to 30 days and that the proclamation signed by the president would include a clause that would not immediately impose tariffs on Canada and Mexico. Press secretary Sarah Huckabee Sanders told reporters the exemptions would be made on a ""case by case"" and ""country by country"" basis, a reversal from the policy articulated by the White House just days ago that there would be no exemptions from Trump's plan. Congressional Republicans and business groups are bracing for the impact of the tariffs, appearing resigned to additional protectionist trade actions as Trump signals upcoming e",,
article_37,same_label_boundary_difference,assumption,assumption,1180,1306,1180,1457,126,The process of announcing the penalties has been the subject of an intense debate and chaotic exchanges within the White House,"The process of announcing the penalties has been the subject of an intense debate and chaotic exchanges within the White House, pitting hard-liners against free trade advocates such as outgoing economic adviser Gary Cohn aiming to add more flexibility for U.S. trading partners","untries. I just want fairness."" The president indicated Canada and Mexico's treatment would be connected to the ongoing NAFTA talks, which are expected to resume in early April. The process of announcing the penalties has been the subject of an intense debate and chaotic exchanges within the White House, pitting hard-liners against free trade advocates such as outgoing economic adviser Gary Cohn aiming to add more flexibility for U.S. trading partners. The fight over tariffs comes amid intense turmoil in the West Wing, which has seen waves of departures and negative news stories that have left Trump increasingly isolated in th",,
article_37,same_label_boundary_difference,testimony,testimony,1528,1753,1651,1753,102,"which has seen waves of departures and negative news stories that have left Trump increasingly isolated in the Oval Office, according to two senior officials speaking on the condition of anonymity to discuss internal thinking",according to two senior officials speaking on the condition of anonymity to discuss internal thinking,"dvocates such as outgoing economic adviser Gary Cohn aiming to add more flexibility for U.S. trading partners. The fight over tariffs comes amid intense turmoil in the West Wing, which has seen waves of departures and negative news stories that have left Trump increasingly isolated in the Oval Office, according to two senior officials speaking on the condition of anonymity to discuss internal thinking. Trump was still hearing last-minute pleas from opponents of the tariff plan, and White House officials said they couldn't predict how the day would shake out. Steel and aluminum",,
article_37,overlapping_different_label,testimony,anecdote,57,264,248,264,16,President Donald Trump said Thursday he would announce tariffs on imported steel and aluminum but with temporary exemptions for Canada and Mexico as he seeks to revise the North American Free Trade Agreement,Trade Agreement,"WASHINGTON (AP) - After a week of hints and uncertainty, President Donald Trump said Thursday he would announce tariffs on imported steel and aluminum but with temporary exemptions for Canada and Mexico as he seeks to revise the North American Free Trade Agreement. He suggested Australia and ""other countries"" might also be spared, a shift that could soften the international blow amid threats of retaliation by trading partners. The White Ho",,
article_37,overlapping_different_label,testimony,assumption,3529,3585,3529,3585,56,Trump signaled other trade actions could be in the works,Trump signaled other trade actions could be in the works,"dicated a degree of flexibility, I think a very sensible, very balanced degree of flexibility,"" Commerce Secretary Wilbur Ross told CNBC. ""We're not trying to blow up the world."" Trump signaled other trade actions could be in the works. In a tweet, he said the ""U.S. is acting swiftly on Intellectual Property theft."" A White House official said Trump was referencing an ongoing investigation of China in which the",,
article_37,overlapping_different_label,anecdote,assumption,4150,4257,4150,4359,107,"Business leaders, meanwhile, continued to sound the alarm about the potential economic fallout from tariffs","Business leaders, meanwhile, continued to sound the alarm about the potential economic fallout from tariffs, with the president and CEO of the U.S. Chamber of Commerce raising the specter of a global trade war","rations and spoke on the condition of anonymity, said an announcement on the findings of the report - and possible retaliatory actions - was expected within the next three weeks. Business leaders, meanwhile, continued to sound the alarm about the potential economic fallout from tariffs, with the president and CEO of the U.S. Chamber of Commerce raising the specter of a global trade war. That scenario, Tom Donohue said, would endanger the economic momentum from the GOP tax cuts and Trump's rollback of regulations. ""We urge the administration to take this risk se",,
article_37,overlapping_different_label,assumption,anecdote,3171,3330,3171,3330,159,"At the White House, officials were working to include language in the tariffs that would give Trump the flexibility to approve exemptions for certain countries","At the White House, officials were working to include language in the tariffs that would give Trump the flexibility to approve exemptions for certain countries","urge you to reconsider the idea of broad tariffs to avoid unintended negative consequences to the U.S. economy and its workers,"" 107 House Republicans wrote in a letter to Trump. At the White House, officials were working to include language in the tariffs that would give Trump the flexibility to approve exemptions for certain countries. ""He's already indicated a degree of flexibility, I think a very sensible, very balanced degree of flexibility,"" Commerce Secretary Wilbur Ross told CNBC. ""We're not trying to bl",,
article_37,overlapping_different_label,anecdote,assumption,2588,2791,2588,2791,203,"Congressional Republicans and business groups are bracing for the impact of the tariffs, appearing resigned to additional protectionist trade actions as Trump signals upcoming economic battles with China","Congressional Republicans and business groups are bracing for the impact of the tariffs, appearing resigned to additional protectionist trade actions as Trump signals upcoming economic battles with China","e on a ""case by case"" and ""country by country"" basis, a reversal from the policy articulated by the White House just days ago that there would be no exemptions from Trump's plan. Congressional Republicans and business groups are bracing for the impact of the tariffs, appearing resigned to additional protectionist trade actions as Trump signals upcoming economic battles with China. The looming departure of Cohn, a former Goldman Sachs executive who has opposed the promised tariffs, set off anxiety among business leaders and investors worried about a potent",,
article_37,unmatched_gold_span,other,,18,55,,,0,After a week of hints and uncertainty,,"WASHINGTON (AP) - After a week of hints and uncertainty, President Donald Trump said Thursday he would announce tariffs on imported steel and aluminum but with temporary exemptions for Canada and Mexico as he seeks to revise the North",,
article_37,unmatched_gold_span,testimony,,266,331,,,0,"He suggested Australia and ""other countries"" might also be spared",,"hursday he would announce tariffs on imported steel and aluminum but with temporary exemptions for Canada and Mexico as he seeks to revise the North American Free Trade Agreement. He suggested Australia and ""other countries"" might also be spared, a shift that could soften the international blow amid threats of retaliation by trading partners. The White House said Trump would sign the orders on Thursday afternoon as oppon",,
article_37,unmatched_gold_span,anecdote,,4264,4359,,,0,the president and CEO of the U.S. Chamber of Commerce raising the specter of a global trade war,,"retaliatory actions - was expected within the next three weeks. Business leaders, meanwhile, continued to sound the alarm about the potential economic fallout from tariffs, with the president and CEO of the U.S. Chamber of Commerce raising the specter of a global trade war. That scenario, Tom Donohue said, would endanger the economic momentum from the GOP tax cuts and Trump's rollback of regulations. ""We urge the administration to take this risk se",,
article_37,unmatched_gold_span,assumption,,1308,1457,,,0,pitting hard-liners against free trade advocates such as outgoing economic adviser Gary Cohn aiming to add more flexibility for U.S. trading partners,,"alks, which are expected to resume in early April. The process of announcing the penalties has been the subject of an intense debate and chaotic exchanges within the White House, pitting hard-liners against free trade advocates such as outgoing economic adviser Gary Cohn aiming to add more flexibility for U.S. trading partners. The fight over tariffs comes amid intense turmoil in the West Wing, which has seen waves of departures and negative news stories that have left Trump increasingly isolated in th",,
article_37,unmatched_prediction,,assumption,,,505,582,0,,opponents of the tariffs engaged in last-minute lobbying to blunt the impact,"spared, a shift that could soften the international blow amid threats of retaliation by trading partners. The White House said Trump would sign the orders on Thursday afternoon as opponents of the tariffs engaged in last-minute lobbying to blunt the impact. ""We're going to be very fair, we're going to be very flexible but we're going to protect the American worker as I said I would do in my campaign,"" Trump said during a Cabinet me",,
article_37,unmatched_prediction,,assumption,,,1139,1177,0,,are expected to resume in early April,"e a right to drop out countries or add countries. I just want fairness."" The president indicated Canada and Mexico's treatment would be connected to the ongoing NAFTA talks, which are expected to resume in early April. The process of announcing the penalties has been the subject of an intense debate and chaotic exchanges within the White House, pitting hard-liners against free trade advocates",,
article_37,unmatched_prediction,,assumption,,,1527,1650,0,,which has seen waves of departures and negative news stories that have left Trump increasingly isolated in the Oval Office,"advocates such as outgoing economic adviser Gary Cohn aiming to add more flexibility for U.S. trading partners. The fight over tariffs comes amid intense turmoil in the West Wing, which has seen waves of departures and negative news stories that have left Trump increasingly isolated in the Oval Office, according to two senior officials speaking on the condition of anonymity to discuss internal thinking. Trump was still hearing last-minute pleas from opponents of the tariff plan",,
article_37,unmatched_prediction,,assumption,,,2567,2585,0,,from Trump's plan,"emptions would be made on a ""case by case"" and ""country by country"" basis, a reversal from the policy articulated by the White House just days ago that there would be no exemptions from Trump's plan. Congressional Republicans and business groups are bracing for the impact of the tariffs, appearing resigned to additional protectionist trade actions as Trump signals upcoming e",,
article_37,unmatched_prediction,,other,,,4937,4943,0,,Press,"alks to renegotiate NAFTA, suggesting Canada and Mexico might be exempted from tariffs if they offer more favorable terms under the trade agreement. (Copyright 2018 The Associated Press. All rights reserved. This material may not be published, broadcast, rewritten or redistributed.) Stay informed with the latest from CBN News delivered to your inbox.",,
article_37,unmatched_prediction,,other,,,4979,4983,0,,may,"da and Mexico might be exempted from tariffs if they offer more favorable terms under the trade agreement. (Copyright 2018 The Associated Press. All rights reserved. This material may not be published, broadcast, rewritten or redistributed.) Stay informed with the latest from CBN News delivered to your inbox.",,
article_37,unmatched_prediction,,other,,,4987,4990,0,,be,"exico might be exempted from tariffs if they offer more favorable terms under the trade agreement. (Copyright 2018 The Associated Press. All rights reserved. This material may not be published, broadcast, rewritten or redistributed.) Stay informed with the latest from CBN News delivered to your inbox.",,
article_37,unmatched_prediction,,other,,,5000,5022,0,,", broadcast, rewritten","e exempted from tariffs if they offer more favorable terms under the trade agreement. (Copyright 2018 The Associated Press. All rights reserved. This material may not be published, broadcast, rewritten or redistributed.) Stay informed with the latest from CBN News delivered to your inbox.",,
article_37,unmatched_prediction,,other,,,5025,5041,0,,redistributed.),"f they offer more favorable terms under the trade agreement. (Copyright 2018 The Associated Press. All rights reserved. This material may not be published, broadcast, rewritten or redistributed.) Stay informed with the latest from CBN News delivered to your inbox.",,
article_37,unmatched_prediction,,other,,,5047,5056,0,,informed,"rable terms under the trade agreement. (Copyright 2018 The Associated Press. All rights reserved. This material may not be published, broadcast, rewritten or redistributed.) Stay informed with the latest from CBN News delivered to your inbox.",,
article_37,unmatched_prediction,,other,,,5065,5077,0,,latest from,"the trade agreement. (Copyright 2018 The Associated Press. All rights reserved. This material may not be published, broadcast, rewritten or redistributed.) Stay informed with the latest from CBN News delivered to your inbox.",,
article_37,unmatched_prediction,,other,,,5081,5086,0,,News,"ent. (Copyright 2018 The Associated Press. All rights reserved. This material may not be published, broadcast, rewritten or redistributed.) Stay informed with the latest from CBN News delivered to your inbox.",,
article_37,unmatched_prediction,,other,,,5096,5099,0,,to,"t 2018 The Associated Press. All rights reserved. This material may not be published, broadcast, rewritten or redistributed.) Stay informed with the latest from CBN News delivered to your inbox.",,
article_38,same_label_boundary_difference,testimony,testimony,18,198,17,271,180,"President Donald Trump has provided the special counsel with written answers to questions about his knowledge of Russian interference in the 2016 election, his lawyers said Tuesday","President Donald Trump has provided the special counsel with written answers to questions about his knowledge of Russian interference in the 2016 election, his lawyers said Tuesday, avoiding at least for now a potentially risky sit-down with prosecutors","WASHINGTON (AP) — President Donald Trump has provided the special counsel with written answers to questions about his knowledge of Russian interference in the 2016 election, his lawyers said Tuesday, avoiding at least for now a potentially risky sit-down with prosecutors. It’s the first time he has directly cooperated with the long investigation. The step is a milestone in the negotiations between Trump’s attorneys and special counsel Robert Muel",,
article_38,same_label_boundary_difference,anecdote,anecdote,273,347,328,347,19,It’s the first time he has directly cooperated with the long investigation,long investigation,"s to questions about his knowledge of Russian interference in the 2016 election, his lawyers said Tuesday, avoiding at least for now a potentially risky sit-down with prosecutors. It’s the first time he has directly cooperated with the long investigation. The step is a milestone in the negotiations between Trump’s attorneys and special counsel Robert Mueller’s team over whether and when the president might sit for an interview.",,
article_38,same_label_segmentation_difference,assumption,assumption,615,867,614,867,244,"Trump at least temporarily averts the threat of an in-person interview, which his lawyers have long resisted, while Mueller secures on-the-record statements whose accuracy the president will be expected to stand by for the duration of the investigation",Trump at least temporarily averts the threat of an in-person interview || which his lawyers have long resisted || Mueller secures on-the-record statements whose accuracy the president will be expected to stand by for the duration of the investigation,"unsel Robert Mueller’s team over whether and when the president might sit for an interview. The compromise outcome, nearly a year in the making, offers some benefit to both sides. Trump at least temporarily averts the threat of an in-person interview, which his lawyers have long resisted, while Mueller secures on-the-record statements whose accuracy the president will be expected to stand by for the duration of the investigation. The responses may also help stave off a potential subpoena fight over Trump’s testimony if Mueller deems them satisfactory. They represent the first time the president is known",,
article_38,same_label_segmentation_difference,assumption,assumption,870,992,870,992,119,The responses may also help stave off a potential subpoena fight over Trump’s testimony if Mueller deems them satisfactory,The responses may also help stave off a potential subpoena fight over Trump’s testimony || Mueller deems them satisfactory,"ch his lawyers have long resisted, while Mueller secures on-the-record statements whose accuracy the president will be expected to stand by for the duration of the investigation. The responses may also help stave off a potential subpoena fight over Trump’s testimony if Mueller deems them satisfactory. They represent the first time the president is known to have described to investigators his knowledge of key moments under scrutiny by prosecutors. But investigators may still p",,
article_38,same_label_boundary_difference,assumption,assumption,1147,1197,1143,1197,50,investigators may still press for more information,But investigators may still press for more information,eller deems them satisfactory. They represent the first time the president is known to have described to investigators his knowledge of key moments under scrutiny by prosecutors. But investigators may still press for more information. Mueller’s team months ago presented Trump’s legal team with dozens of questions they wanted to ask the president related to whether his campaign coordinated with the Kremlin to,,
article_38,same_label_segmentation_difference,testimony,testimony,1990,2248,1990,2248,257,"Trump attorney Jay Sekulow offered no details on the current Q&A, saying merely that “the written questions submitted by the special counsel’s office … dealt with issues regarding the Russia-related topics of the inquiry. The president responded in writing.”","Trump attorney Jay Sekulow offered no details on the current Q&A, saying merely that “the written questions submitted by the special counsel’s office … dealt with issues regarding the Russia-related topics of the inquiry || The president responded in writing.”","long resisted any face-to-face interview - have been especially adamant that the Constitution shields him from having to answer any questions about actions he took as president. Trump attorney Jay Sekulow offered no details on the current Q&A, saying merely that “the written questions submitted by the special counsel’s office … dealt with issues regarding the Russia-related topics of the inquiry. The president responded in writing.” He said the legal team would not release copies of the questions and answers or discuss any correspondence it has had with the special counsel’s office. Another of Trump’s lawyer",,
article_38,same_label_segmentation_difference,testimony,testimony,2894,3113,2894,3113,219,"Trump said in a Fox News interview that aired Sunday that he was unlikely to answer questions about obstruction, saying, “I think we’ve wasted enough time on this witch hunt and the answer is, probably, we’re finished.”","Trump said in a Fox News interview that aired Sunday that he was unlikely to answer questions about obstruction, || saying, “I think we’ve wasted enough time on this witch hunt and the answer is, probably, we’re finished.”","illion pages of materials. “It is time to bring this inquiry to a conclusion,” Giuliani said. The president told reporters last week that he had prepared the responses himself. Trump said in a Fox News interview that aired Sunday that he was unlikely to answer questions about obstruction, saying, “I think we’ve wasted enough time on this witch hunt and the answer is, probably, we’re finished.” Trump joins a list of recent presidents who have submitted to questioning as part of a criminal investigation. In 2004, President George W. Bush was interviewed by special couns",,
article_38,same_label_boundary_difference,testimony,testimony,3530,3841,3531,3841,310,"“It’s very extraordinary if this were a regular case, but it’s not every day that you have an investigation that touches upon the White House,” Solomon Wisenberg, a Washington lawyer who was part of Starr’s team and conducted the grand jury questioning of Clinton, said of a prosecutor accepting written answers","It’s very extraordinary if this were a regular case, but it’s not every day that you have an investigation that touches upon the White House,” Solomon Wisenberg, a Washington lawyer who was part of Starr’s team and conducted the grand jury questioning of Clinton, said of a prosecutor accepting written answers","to the leaked identity of a covert CIA officer. In 1998, President Bill Clinton testified before a federal grand jury in independent counsel Ken Starr’s Whitewater investigation. “It’s very extraordinary if this were a regular case, but it’s not every day that you have an investigation that touches upon the White House,” Solomon Wisenberg, a Washington lawyer who was part of Starr’s team and conducted the grand jury questioning of Clinton, said of a prosecutor accepting written answers. Mueller could theoretically still try to subpoena the president if he feels the answers are not satisfactory. But Justice Department leaders, including acting Attorney General",,
article_38,same_label_segmentation_difference,assumption,assumption,3844,3952,3844,3952,108,Mueller could theoretically still try to subpoena the president if he feels the answers are not satisfactory,Mueller could theoretically still try to subpoena the president if || he feels the answers are not satisfactory,"e House,” Solomon Wisenberg, a Washington lawyer who was part of Starr’s team and conducted the grand jury questioning of Clinton, said of a prosecutor accepting written answers. Mueller could theoretically still try to subpoena the president if he feels the answers are not satisfactory. But Justice Department leaders, including acting Attorney General Matthew Whitaker - who now oversees the investigation and has spoken pejoratively of it in the past - would hav",,
article_38,same_label_segmentation_difference,assumption,assumption,3959,4201,3955,4201,237,"Justice Department leaders, including acting Attorney General Matthew Whitaker - who now oversees the investigation and has spoken pejoratively of it in the past - would have to sign off on such a move, and it’s far from clear that they would","But Justice Department leaders, including acting Attorney General Matthew Whitaker - who now oversees the investigation and has spoken pejoratively of it in the past - would have to sign off on such a move || it’s far from clear that they would","tioning of Clinton, said of a prosecutor accepting written answers. Mueller could theoretically still try to subpoena the president if he feels the answers are not satisfactory. But Justice Department leaders, including acting Attorney General Matthew Whitaker - who now oversees the investigation and has spoken pejoratively of it in the past - would have to sign off on such a move, and it’s far from clear that they would. It’s also not clear that Mueller’s team would prevail if a subpoena fight reached the Supreme Court. “Mueller certainly could have forced the issue and issued a subpoena, but I",,
article_38,same_label_segmentation_difference,testimony,testimony,4305,4473,4306,4473,166,"“Mueller certainly could have forced the issue and issued a subpoena, but I think he wants to present a record of having bent over backwards to be fair,” Wisenberg said","Mueller certainly could have forced the issue and issued a subpoena || but || I think he wants to present a record of having bent over backwards to be fair,” Wisenberg said","uld have to sign off on such a move, and it’s far from clear that they would. It’s also not clear that Mueller’s team would prevail if a subpoena fight reached the Supreme Court. “Mueller certainly could have forced the issue and issued a subpoena, but I think he wants to present a record of having bent over backwards to be fair,” Wisenberg said. The Supreme Court has never directly ruled on whether a president can be subpoenaed to testify in a criminal case. Clinton was subpoenaed to appear before the Whitewater grand j",,
article_38,same_label_segmentation_difference,anecdote,anecdote,4591,4735,4590,4735,139,"Clinton was subpoenaed to appear before the Whitewater grand jury, but investigators withdrew the subpoena after he agreed to appear voluntarily",Clinton was subpoenaed to appear before the Whitewater grand jury || investigators withdrew the subpoena after he agreed to appear voluntarily,"ecord of having bent over backwards to be fair,” Wisenberg said. The Supreme Court has never directly ruled on whether a president can be subpoenaed to testify in a criminal case. Clinton was subpoenaed to appear before the Whitewater grand jury, but investigators withdrew the subpoena after he agreed to appear voluntarily. Other cases involving Presidents Richard Nixon and Clinton have presented similar issues for the justices that could be instructive now. In 1974, for instance, the court ruled",,
article_38,same_label_segmentation_difference,anecdote,anecdote,4876,5019,4876,5019,142,"In 1974, for instance, the court ruled that Nixon could be ordered to turn over subpoenaed recordings, a decision that hastened his resignation","In 1974, for instance, the court ruled that Nixon could be ordered to turn over subpoenaed recordings || a decision that hastened his resignation","a after he agreed to appear voluntarily. Other cases involving Presidents Richard Nixon and Clinton have presented similar issues for the justices that could be instructive now. In 1974, for instance, the court ruled that Nixon could be ordered to turn over subpoenaed recordings, a decision that hastened his resignation. The court in 1997 said Clinton could be questioned under oath in a sexual harassment lawsuit brought by Paula Jones. Copyright © 2019 The Washington Times, LLC. Click to Read M",,
article_38,overlapping_different_label,anecdote,assumption,994,1140,993,1140,146,They represent the first time the president is known to have described to investigators his knowledge of key moments under scrutiny by prosecutors,They represent the first time the president is known to have described to investigators his knowledge of key moments under scrutiny by prosecutors,cted to stand by for the duration of the investigation. The responses may also help stave off a potential subpoena fight over Trump’s testimony if Mueller deems them satisfactory. They represent the first time the president is known to have described to investigators his knowledge of key moments under scrutiny by prosecutors. But investigators may still press for more information. Mueller’s team months ago presented Trump’s legal team with dozens of questions they wanted to ask the president related,,
article_38,overlapping_different_label,testimony,assumption,1785,1987,1777,1987,202,Trump’s lawyers - who had long resisted any face-to-face interview - have been especially adamant that the Constitution shields him from having to answer any questions about actions he took as president,though Trump’s lawyers - who had long resisted any face-to-face interview - have been especially adamant that the Constitution shields him from having to answer any questions about actions he took as president,"al Russian collusion and tabled, for the moment, obstruction-related inquiries. Mueller left open the possibility that he would follow up with additional questions on obstruction, though Trump’s lawyers - who had long resisted any face-to-face interview - have been especially adamant that the Constitution shields him from having to answer any questions about actions he took as president. Trump attorney Jay Sekulow offered no details on the current Q&A, saying merely that “the written questions submitted by the special counsel’s office … dealt with issues regardi",,
article_38,overlapping_different_label,anecdote,assumption,4476,4589,4476,4589,113,The Supreme Court has never directly ruled on whether a president can be subpoenaed to testify in a criminal case,The Supreme Court has never directly ruled on whether a president can be subpoenaed to testify in a criminal case,"Court. “Mueller certainly could have forced the issue and issued a subpoena, but I think he wants to present a record of having bent over backwards to be fair,” Wisenberg said. The Supreme Court has never directly ruled on whether a president can be subpoenaed to testify in a criminal case. Clinton was subpoenaed to appear before the Whitewater grand jury, but investigators withdrew the subpoena after he agreed to appear voluntarily. Other cases involving President",,
article_38,overlapping_different_label,anecdote,assumption,4738,4873,4738,4873,135,Other cases involving Presidents Richard Nixon and Clinton have presented similar issues for the justices that could be instructive now,Other cases involving Presidents Richard Nixon and Clinton have presented similar issues for the justices that could be instructive now,"d to testify in a criminal case. Clinton was subpoenaed to appear before the Whitewater grand jury, but investigators withdrew the subpoena after he agreed to appear voluntarily. Other cases involving Presidents Richard Nixon and Clinton have presented similar issues for the justices that could be instructive now. In 1974, for instance, the court ruled that Nixon could be ordered to turn over subpoenaed recordings, a decision that hastened his resignation. The court in 1997 said Clinton c",,
article_38,overlapping_different_label,testimony,anecdote,5021,5136,5020,5136,115,The court in 1997 said Clinton could be questioned under oath in a sexual harassment lawsuit brought by Paula Jones,The court in 1997 said Clinton could be questioned under oath in a sexual harassment lawsuit brought by Paula Jones,"ces that could be instructive now. In 1974, for instance, the court ruled that Nixon could be ordered to turn over subpoenaed recordings, a decision that hastened his resignation. The court in 1997 said Clinton could be questioned under oath in a sexual harassment lawsuit brought by Paula Jones. Copyright © 2019 The Washington Times, LLC. Click to Read More and View Comments Click to Hide",,
article_38,unmatched_prediction,,anecdote,,,0,1,0,,W,"WASHINGTON (AP) — President Donald Trump has provided the special counsel with written answers to questions about his knowledge of Russian interference in the 2016 election, his law",,
article_38,unmatched_prediction,,other,,,5139,5148,0,,Copyright,"poenaed recordings, a decision that hastened his resignation. The court in 1997 said Clinton could be questioned under oath in a sexual harassment lawsuit brought by Paula Jones. Copyright © 2019 The Washington Times, LLC. Click to Read More and View Comments Click to Hide",,
article_38,unmatched_prediction,,other,,,5170,5176,0,,Times,"that hastened his resignation. The court in 1997 said Clinton could be questioned under oath in a sexual harassment lawsuit brought by Paula Jones. Copyright © 2019 The Washington Times, LLC. Click to Read More and View Comments Click to Hide",,
article_39,same_label_boundary_difference,testimony,testimony,20,270,125,270,145,"Previously unreleased internal Obama administration emails show that a coordinated effort was made in the days following the Benghazi terror attacks to portray the incident as “rooted in [an] Internet video, and not [in] a broader failure or policy.”","days following the Benghazi terror attacks to portray the incident as “rooted in [an] Internet video, and not [in] a broader failure or policy.”","The smoking gun: > Previously unreleased internal Obama administration emails show that a coordinated effort was made in the days following the Benghazi terror attacks to portray the incident as “rooted in [an] Internet video, and not [in] a broader failure or policy.” Emails sent by senior White House adviser Ben Rhodes to other top administration officials reveal an effort to insulate President Barack Obama from the attacks that killed four Am",,
article_39,same_label_segmentation_difference,other,other,1130,1204,1138,1194,29,"Here's a screenshot of that email, followed by another important discovery",screenshot || another important,"he attack on a little-watched Internet video. The newly released internal White House e-mails show that Rice’s orders came from top Obama administration communications officials. Here's a screenshot of that email, followed by another important discovery: > Also contained in the 41 pages of documents obtained by Judicial Watch is a Sep. 12, 2012 email from Payton Knopf, the former deputy spokesman at the U.S. Mission to the Unite",,
article_39,same_label_boundary_difference,assumption,assumption,1892,2028,1849,2028,136,"the Benghazi outrage continues to produce previously unseen evidence -- destroying Democrats' disgraceful ""phony scandals"" talking point","we've recently seen with the IRS scandal, the Benghazi outrage continues to produce previously unseen evidence -- destroying Democrats' disgraceful ""phony scandals"" talking point","was clearly a complex attack."" pic.twitter.com/I7NeExv1Do > — Phil Kerpen (@kerpen) April 29, 2014 Let's unpack this new information. First, two political process points: (1) As we've recently seen with the IRS scandal, the Benghazi outrage continues to produce previously unseen evidence -- destroying Democrats' disgraceful ""phony scandals"" talking point. The White House began aggressively dismissing both stories last year. (2) Ed Morrissey reminds us that the White House claimed to have released ""all"" of its emails on Benghazi ne",,
article_39,same_label_boundary_difference,assumption,assumption,2225,2259,2224,2260,34,Gabe Malor asks the right question,Gabe Malor asks the right question:,"e began aggressively dismissing both stories last year. (2) Ed Morrissey reminds us that the White House claimed to have released ""all"" of its emails on Benghazi nearly a year ago. Gabe Malor asks the right question: Why are we just seeing these ones now? Now, on substance, the first email embedded above reveals a White House in intense spin mode after a preventable terrorist attack that claim",,
article_39,same_label_boundary_difference,other,other,3633,3730,3636,3638,2,Why I Reported the Case of an 11-Year-Old Drag Queen to Child Protective Services Karen Kataline,I,"trators to justice. More than a year-and-a-half has passed since the lethal event. Zero people have been held responsible, neither in Washington nor Northern Africa. Recommended Why I Reported the Case of an 11-Year-Old Drag Queen to Child Protective Services Karen Kataline The memo also makes clear the White House was determined to deflect any criticism involving a ""failure of [administration] policy."" What sort of failure? Take your pick. How abou",,
article_39,same_label_boundary_difference,assumption,assumption,3732,3863,3861,3863,2,"The memo also makes clear the White House was determined to deflect any criticism involving a ""failure of [administration] policy.""",".""","been held responsible, neither in Washington nor Northern Africa. Recommended Why I Reported the Case of an 11-Year-Old Drag Queen to Child Protective Services Karen Kataline The memo also makes clear the White House was determined to deflect any criticism involving a ""failure of [administration] policy."" What sort of failure? Take your pick. How about fueling a war in Libya with no apparent strategy to handle the resulting power vacuum? Or rejecting repeated requests for an enhanc",,
article_39,same_label_boundary_difference,other,other,3886,3900,3890,3900,10,Take your pick,your pick,"Services Karen Kataline The memo also makes clear the White House was determined to deflect any criticism involving a ""failure of [administration] policy."" What sort of failure? Take your pick. How about fueling a war in Libya with no apparent strategy to handle the resulting power vacuum? Or rejecting repeated requests for an enhanced security presence in a city from w",,
article_39,same_label_segmentation_difference,assumption,assumption,4279,4457,4270,4457,177,"it was the lack of preparation for the contingency of a terrorist attack on the anniversary of 9/11, which resulted in hours of paralysis while American lives hung in the balance",Perhaps it was the lack of preparation for the contingency of a terrorist attack on the anniversary of 9/11 || which resulted in hours of paralysis || while || American lives hung in the balance,"of the West had withdrawn, due to growing jihadi dominance? Or renewing a lease on our compound with a waiver for substandard security after it had faced several attempted attacks? Perhaps it was the lack of preparation for the contingency of a terrorist attack on the anniversary of 9/11, which resulted in hours of paralysis while American lives hung in the balance. Rhodes and company wanted to insulate the president from those glaring policy failures, so they doctored up some deceptive talking points. As for the Susan Rice email, her staff",,
article_39,overlapping_different_label,testimony,assumption,271,457,270,457,186,Emails sent by senior White House adviser Ben Rhodes to other top administration officials reveal an effort to insulate President Barack Obama from the attacks that killed four Americans,Emails sent by senior White House adviser Ben Rhodes to other top administration officials reveal an effort to insulate President Barack Obama from the attacks that killed four Americans,"coordinated effort was made in the days following the Benghazi terror attacks to portray the incident as “rooted in [an] Internet video, and not [in] a broader failure or policy.” Emails sent by senior White House adviser Ben Rhodes to other top administration officials reveal an effort to insulate President Barack Obama from the attacks that killed four Americans. Rhodes sent this email to top White House officials such as David Plouffe and Jay Carney just a day before National Security Adviser Susan Rice made her infamous Sunday news show",,
article_39,overlapping_different_label,anecdote,assumption,823,994,827,895,68,Rice came under fierce criticism following her appearances on television after she adhered to these talking points and blamed the attack on a little-watched Internet video,came under fierce criticism following her appearances on television,"rances to discuss the attack. The “goal,” according to these emails, was “to underscore that these protests are rooted in an Internet video, and not a broader failure or policy.” Rice came under fierce criticism following her appearances on television after she adhered to these talking points and blamed the attack on a little-watched Internet video. The newly released internal White House e-mails show that Rice’s orders came from top Obama administration communications officials. Here's a screenshot of that email, followed",,
article_39,overlapping_different_label,testimony,assumption,996,1127,1117,1127,10,The newly released internal White House e-mails show that Rice’s orders came from top Obama administration communications officials,officials,"licy.” Rice came under fierce criticism following her appearances on television after she adhered to these talking points and blamed the attack on a little-watched Internet video. The newly released internal White House e-mails show that Rice’s orders came from top Obama administration communications officials. Here's a screenshot of that email, followed by another important discovery: > Also contained in the 41 pages of documents obtained by Judicial Watch is a Sep. 12, 2012 email fr",,
article_39,overlapping_different_label,testimony,anecdote,1209,1393,1208,1393,184,"Also contained in the 41 pages of documents obtained by Judicial Watch is a Sep. 12, 2012 email from Payton Knopf, the former deputy spokesman at the U.S. Mission to the United Nations","Also contained in the 41 pages of documents obtained by Judicial Watch is a Sep. 12, 2012 email from Payton Knopf, the former deputy spokesman at the U.S. Mission to the United Nations","e House e-mails show that Rice’s orders came from top Obama administration communications officials. Here's a screenshot of that email, followed by another important discovery: > Also contained in the 41 pages of documents obtained by Judicial Watch is a Sep. 12, 2012 email from Payton Knopf, the former deputy spokesman at the U.S. Mission to the United Nations. In this communication, Knopf informs Rice that senior officials had already dubbed the Benghazi attack as “complex” and planned in advance. Despite this information, Rice still i",,
article_39,overlapping_different_label,assumption,testimony,1535,1613,1534,1613,78,"Despite this information, Rice still insisted that attacks were “spontaneous.”","Despite this information, Rice still insisted that attacks were “spontaneous.”","the U.S. Mission to the United Nations. In this communication, Knopf informs Rice that senior officials had already dubbed the Benghazi attack as “complex” and planned in advance. Despite this information, Rice still insisted that attacks were “spontaneous.” See here: > Q&A provided to Susan Rice 9/12/2012: ""it was clearly a complex attack."" pic.twitter.com/I7NeExv1Do > — Phil Kerpen (@kerpen) April 29, 2014 Let's unpack this new",,
article_39,overlapping_different_label,testimony,anecdote,1632,1700,1683,1698,15,"provided to Susan Rice 9/12/2012: ""it was clearly a complex attack.""",complex attack,"icials had already dubbed the Benghazi attack as “complex” and planned in advance. Despite this information, Rice still insisted that attacks were “spontaneous.” See here: > Q&A provided to Susan Rice 9/12/2012: ""it was clearly a complex attack."" pic.twitter.com/I7NeExv1Do > — Phil Kerpen (@kerpen) April 29, 2014 Let's unpack this new information. First, two political process points: (1) As we've recently seen with the I",,
article_39,overlapping_different_label,testimony,anecdote,2104,2223,2142,2223,81,"Ed Morrissey reminds us that the White House claimed to have released ""all"" of its emails on Benghazi nearly a year ago","House claimed to have released ""all"" of its emails on Benghazi nearly a year ago","o produce previously unseen evidence -- destroying Democrats' disgraceful ""phony scandals"" talking point. The White House began aggressively dismissing both stories last year. (2) Ed Morrissey reminds us that the White House claimed to have released ""all"" of its emails on Benghazi nearly a year ago. Gabe Malor asks the right question: Why are we just seeing these ones now? Now, on substance, the first email embedded above reveals a White House in intense spin mode after a pr",,
article_39,overlapping_different_label,testimony,assumption,2261,2299,2260,2299,38,Why are we just seeing these ones now?,Why are we just seeing these ones now?,"stories last year. (2) Ed Morrissey reminds us that the White House claimed to have released ""all"" of its emails on Benghazi nearly a year ago. Gabe Malor asks the right question: Why are we just seeing these ones now? Now, on substance, the first email embedded above reveals a White House in intense spin mode after a preventable terrorist attack that claimed the lives of four Americans, includi",,
article_39,overlapping_different_label,testimony,assumption,2319,2502,2455,2502,47,"the first email embedded above reveals a White House in intense spin mode after a preventable terrorist attack that claimed the lives of four Americans, including a sitting Ambassador","four Americans, including a sitting Ambassador","ite House claimed to have released ""all"" of its emails on Benghazi nearly a year ago. Gabe Malor asks the right question: Why are we just seeing these ones now? Now, on substance, the first email embedded above reveals a White House in intense spin mode after a preventable terrorist attack that claimed the lives of four Americans, including a sitting Ambassador. We knew that Hillary Clinton's State Department and the CIA were involved in the administration's historical revisionism surrounding this attack. We now know for certain that top",,
article_39,overlapping_different_label,testimony,assumption,2728,2784,2769,2784,15,Ben Rhodes outlines four bullet points in his memorandum,his memorandum,"ent and the CIA were involved in the administration's historical revisionism surrounding this attack. We now know for certain that top White House officials were in the loop, too. Ben Rhodes outlines four bullet points in his memorandum, the first three of which are misleading and/or false: > (a) The United States was not doing everything in its power to protect its people and facilities abroad. Not in Benghazi,",,
article_39,overlapping_different_label,testimony,assumption,2843,2982,2846,2946,100,"(a) The United States was not doing everything in its power to protect its people and facilities abroad. Not in Benghazi, and not elsewhere",The United States was not doing everything in its power to protect its people and facilities abroad,"or certain that top White House officials were in the loop, too. Ben Rhodes outlines four bullet points in his memorandum, the first three of which are misleading and/or false: > (a) The United States was not doing everything in its power to protect its people and facilities abroad. Not in Benghazi, and not elsewhere. > (b) The 9/11 attacks were not rooted in an ""internet video."" The clip he's referencing made something of a splash in the Middle East, but the State Department's second in comm",,
article_39,overlapping_different_label,testimony,assumption,2987,3047,2990,3047,57,"(b) The 9/11 attacks were not rooted in an ""internet video.""","The 9/11 attacks were not rooted in an ""internet video.""","ich are misleading and/or false: > (a) The United States was not doing everything in its power to protect its people and facilities abroad. Not in Benghazi, and not elsewhere. > (b) The 9/11 attacks were not rooted in an ""internet video."" The clip he's referencing made something of a splash in the Middle East, but the State Department's second in command on the ground in Libya called it a ""non event"" vis-a-vis the",,
article_39,overlapping_different_label,testimony,anecdote,3125,3240,3124,3240,115,"the State Department's second in command on the ground in Libya called it a ""non event"" vis-a-vis the Benghazi raid","the State Department's second in command on the ground in Libya called it a ""non event"" vis-a-vis the Benghazi raid","ad. Not in Benghazi, and not elsewhere. > (b) The 9/11 attacks were not rooted in an ""internet video."" The clip he's referencing made something of a splash in the Middle East, but the State Department's second in command on the ground in Libya called it a ""non event"" vis-a-vis the Benghazi raid. The US government, including Sec. Clinton and CIA Director Petraeus, knew the attack was a coordinated terrorist action almost immediately. > (c) The administration has not been",,
article_39,overlapping_different_label,testimony,assumption,3385,3471,3388,3471,83,"(c) The administration has not been ""resolute"" in bringing the perpetrators to justice","The administration has not been ""resolute"" in bringing the perpetrators to justice","event"" vis-a-vis the Benghazi raid. The US government, including Sec. Clinton and CIA Director Petraeus, knew the attack was a coordinated terrorist action almost immediately. > (c) The administration has not been ""resolute"" in bringing the perpetrators to justice. More than a year-and-a-half has passed since the lethal event. Zero people have been held responsible, neither in Washington nor Northern Africa. Recommended Why I Reported the",,
article_39,overlapping_different_label,anecdote,assumption,3536,3617,3535,3617,81,"Zero people have been held responsible, neither in Washington nor Northern Africa","Zero people have been held responsible, neither in Washington nor Northern Africa","action almost immediately. > (c) The administration has not been ""resolute"" in bringing the perpetrators to justice. More than a year-and-a-half has passed since the lethal event. Zero people have been held responsible, neither in Washington nor Northern Africa. Recommended Why I Reported the Case of an 11-Year-Old Drag Queen to Child Protective Services Karen Kataline The memo also makes clear the White House was determined to defle",,
article_39,overlapping_different_label,other,assumption,3864,3885,3863,3885,21,What sort of failure?,What sort of failure?,"en to Child Protective Services Karen Kataline The memo also makes clear the White House was determined to deflect any criticism involving a ""failure of [administration] policy."" What sort of failure? Take your pick. How about fueling a war in Libya with no apparent strategy to handle the resulting power vacuum? Or rejecting repeated requests for an enhanced security presence i",,
article_39,overlapping_different_label,other,assumption,3902,3998,3901,3998,96,How about fueling a war in Libya with no apparent strategy to handle the resulting power vacuum?,How about fueling a war in Libya with no apparent strategy to handle the resulting power vacuum?,"Kataline The memo also makes clear the White House was determined to deflect any criticism involving a ""failure of [administration] policy."" What sort of failure? Take your pick. How about fueling a war in Libya with no apparent strategy to handle the resulting power vacuum? Or rejecting repeated requests for an enhanced security presence in a city from which much of the West had withdrawn, due to growing jihadi dominance? Or renewing a lease on our c",,
article_39,overlapping_different_label,other,assumption,4002,4149,3998,4149,147,"rejecting repeated requests for an enhanced security presence in a city from which much of the West had withdrawn, due to growing jihadi dominance?","Or rejecting repeated requests for an enhanced security presence in a city from which much of the West had withdrawn, due to growing jihadi dominance?","lving a ""failure of [administration] policy."" What sort of failure? Take your pick. How about fueling a war in Libya with no apparent strategy to handle the resulting power vacuum? Or rejecting repeated requests for an enhanced security presence in a city from which much of the West had withdrawn, due to growing jihadi dominance? Or renewing a lease on our compound with a waiver for substandard security after it had faced several attempted attacks? Perhaps it was the lack of preparation for the contingency",,
article_39,overlapping_different_label,other,assumption,4153,4270,4149,4270,117,renewing a lease on our compound with a waiver for substandard security after it had faced several attempted attacks?,Or renewing a lease on our compound with a waiver for substandard security after it had faced several attempted attacks?,"e the resulting power vacuum? Or rejecting repeated requests for an enhanced security presence in a city from which much of the West had withdrawn, due to growing jihadi dominance? Or renewing a lease on our compound with a waiver for substandard security after it had faced several attempted attacks? Perhaps it was the lack of preparation for the contingency of a terrorist attack on the anniversary of 9/11, which resulted in hours of paralysis while American lives hung in the",,
article_39,overlapping_different_label,testimony,assumption,4689,4754,4688,4754,65,"which she would later tell the American people was ""spontaneous.""","which she would later tell the American people was ""spontaneous.""","nt from those glaring policy failures, so they doctored up some deceptive talking points. As for the Susan Rice email, her staff obviously understood the true nature of the attack, which she would later tell the American people was ""spontaneous."" It wasn't. It was a deliberate, orchestrated, al Qaeda-linked act of terrorism. It's always seemed inconceivable that Rice wouldn't have been privy to those facts prior to her pub",,
article_39,unmatched_gold_span,other,,1847,1890,,,0,As we've recently seen with the IRS scandal,,"it was clearly a complex attack."" pic.twitter.com/I7NeExv1Do > — Phil Kerpen (@kerpen) April 29, 2014 Let's unpack this new information. First, two political process points: (1) As we've recently seen with the IRS scandal, the Benghazi outrage continues to produce previously unseen evidence -- destroying Democrats' disgraceful ""phony scandals"" talking point. The White House began aggressively dismi",,
article_39,unmatched_prediction,,assumption,,,988,994,0,,video,"re or policy.” Rice came under fierce criticism following her appearances on television after she adhered to these talking points and blamed the attack on a little-watched Internet video. The newly released internal White House e-mails show that Rice’s orders came from top Obama administration communications officials. Here's a screenshot of that email, followed",,
article_39,unmatched_prediction,,anecdote,,,1667,1681,0,,it was clearly,"azi attack as “complex” and planned in advance. Despite this information, Rice still insisted that attacks were “spontaneous.” See here: > Q&A provided to Susan Rice 9/12/2012: ""it was clearly a complex attack."" pic.twitter.com/I7NeExv1Do > — Phil Kerpen (@kerpen) April 29, 2014 Let's unpack this new information. First, two political process points: (1) As we've recen",,
article_39,unmatched_prediction,,assumption,,,2304,2307,0,,on,"us that the White House claimed to have released ""all"" of its emails on Benghazi nearly a year ago. Gabe Malor asks the right question: Why are we just seeing these ones now? Now, on substance, the first email embedded above reveals a White House in intense spin mode after a preventable terrorist attack that claimed the lives of four Americans, including a sit",,
article_39,unmatched_prediction,,assumption,,,2951,2954,0,,in,"is memorandum, the first three of which are misleading and/or false: > (a) The United States was not doing everything in its power to protect its people and facilities abroad. Not in Benghazi, and not elsewhere. > (b) The 9/11 attacks were not rooted in an ""internet video."" The clip he's referencing made something of a splash in the Middle East, but the State",,
article_39,unmatched_prediction,,assumption,,,2959,2982,0,,"hazi, and not elsewhere","andum, the first three of which are misleading and/or false: > (a) The United States was not doing everything in its power to protect its people and facilities abroad. Not in Benghazi, and not elsewhere. > (b) The 9/11 attacks were not rooted in an ""internet video."" The clip he's referencing made something of a splash in the Middle East, but the State Department's second in comm",,
article_39,unmatched_prediction,,assumption,,,4597,4604,0,,As for,"while American lives hung in the balance. Rhodes and company wanted to insulate the president from those glaring policy failures, so they doctored up some deceptive talking points. As for the Susan Rice email, her staff obviously understood the true nature of the attack, which she would later tell the American people was ""spontaneous."" It wasn't. It was a deliberat",,
article_39,unmatched_prediction,,assumption,,,4608,4625,0,,Susan Rice email,"can lives hung in the balance. Rhodes and company wanted to insulate the president from those glaring policy failures, so they doctored up some deceptive talking points. As for the Susan Rice email, her staff obviously understood the true nature of the attack, which she would later tell the American people was ""spontaneous."" It wasn't. It was a deliberate, orchestrated, al Q",,
article_40,same_label_boundary_difference,testimony,testimony,251,394,342,394,52,"House Minority Leader Nancy Pelosi, California Democrat, flatly said “no” when asked if she’d accept a deal that didn’t include such provisions",’d accept a deal that didn’t include such provisions,"oid the looming “fiscal cliff,” top Democrats on Sunday ramped up pressure on their Republican counterparts to accept tax increases on the wealthy as part of a broader agreement. House Minority Leader Nancy Pelosi, California Democrat, flatly said “no” when asked if she’d accept a deal that didn’t include such provisions. Republicans continue to reject those outright tax increases, but remain open to modifying the tax code and possibly eliminating some deductions, particularly those that benefit",,
article_40,same_label_boundary_difference,testimony,testimony,1035,1301,1154,1301,147,"Democrats see openness from Republicans to adjust or eliminate deductions and loopholes as a window of opportunity, and the ongoing discussion between the two sides represents the best chance for a meaningful agreement, said Sen. Richard J. Durbin, Illinois Democrat","the ongoing discussion between the two sides represents the best chance for a meaningful agreement, said Sen. Richard J. Durbin, Illinois Democrat","bama to claim he’s fulfilling campaign promises and allows Republicans to remain true to their no-tax-increases pledge — is key to getting a deal done before the end of the year. Democrats see openness from Republicans to adjust or eliminate deductions and loopholes as a window of opportunity, and the ongoing discussion between the two sides represents the best chance for a meaningful agreement, said Sen. Richard J. Durbin, Illinois Democrat. “It’s an invitation for our side. … You have to be careful. If you talk about taxes, [Republicans] run for the hills. But if you talk about revenue and tax reform, they sit stil",,
article_40,same_label_segmentation_difference,testimony,testimony,1304,1545,1304,1545,229,"“It’s an invitation for our side. … You have to be careful. If you talk about taxes, [Republicans] run for the hills. But if you talk about revenue and tax reform, they sit still for that conversation,” he said on CNN’s “State of the Union.”","“It’s an invitation for our side || You have to be careful || you talk about taxes, [Republicans] run for the hills || if you talk about revenue and tax reform, they sit still for that conversation,” he said on CNN’s “State of the Union.”","s a window of opportunity, and the ongoing discussion between the two sides represents the best chance for a meaningful agreement, said Sen. Richard J. Durbin, Illinois Democrat. “It’s an invitation for our side. … You have to be careful. If you talk about taxes, [Republicans] run for the hills. But if you talk about revenue and tax reform, they sit still for that conversation,” he said on CNN’s “State of the Union.” But congressional Republicans are also under pressure to push for deeper, more permanent changes to the way the federal government does business. Young leaders in the party, such",,
article_40,same_label_boundary_difference,assumption,assumption,1551,1691,1547,1691,140,"congressional Republicans are also under pressure to push for deeper, more permanent changes to the way the federal government does business","But congressional Republicans are also under pressure to push for deeper, more permanent changes to the way the federal government does business","you talk about taxes, [Republicans] run for the hills. But if you talk about revenue and tax reform, they sit still for that conversation,” he said on CNN’s “State of the Union.” But congressional Republicans are also under pressure to push for deeper, more permanent changes to the way the federal government does business. Young leaders in the party, such as new Republican Governors Association Chairman Gov. Bobby Jindal of Louisiana, urged his party to tackle the root causes of the nation’s fiscal",,
article_40,same_label_segmentation_difference,testimony,testimony,1880,2268,1880,2268,387,"“I guarantee, if they just put a Band-Aid on this, we’ll be in another fiscal cliff in a few months. We need structural changes, and that could be a balanced-budget amendment to the Constitution … a limit on the growth in government spending so it can’t grow faster than the economy or population growth, limiting government spending as a percentage of GDP,” he said on “Fox News Sunday.”","“I guarantee, if they just put a Band-Aid on this, we’ll be in another fiscal cliff in a few months || We need structural changes, and that could be a balanced-budget amendment to the Constitution … a limit on the growth in government spending so it can’t grow faster than the economy or population growth, limiting government spending as a percentage of GDP,” he said on “Fox News Sunday.”","eaders in the party, such as new Republican Governors Association Chairman Gov. Bobby Jindal of Louisiana, urged his party to tackle the root causes of the nation’s fiscal peril. “I guarantee, if they just put a Band-Aid on this, we’ll be in another fiscal cliff in a few months. We need structural changes, and that could be a balanced-budget amendment to the Constitution … a limit on the growth in government spending so it can’t grow faster than the economy or population growth, limiting government spending as a percentage of GDP,” he said on “Fox News Sunday.” “Without those structural changes, we’re not getting anywhere. This is just kicking the can down the road,” he said. Sunday’s back-and-forth came just two days after a meeting o",,
article_40,same_label_segmentation_difference,testimony,testimony,2270,2385,2270,2385,114,"“Without those structural changes, we’re not getting anywhere. This is just kicking the can down the road,” he said","“Without those structural changes, we’re not getting anywhere || This is just kicking the can down the road,” he said","e growth in government spending so it can’t grow faster than the economy or population growth, limiting government spending as a percentage of GDP,” he said on “Fox News Sunday.” “Without those structural changes, we’re not getting anywhere. This is just kicking the can down the road,” he said. Sunday’s back-and-forth came just two days after a meeting of Mr. Obama and leaders from both sides at the White House, including House Speaker John A. Boehner, Ohio Republican;",,
article_40,same_label_segmentation_difference,testimony,testimony,3221,3392,3220,3392,170,"“What folks are looking for, and I think all of us agree on this, is action. They want to see that we are focused on them, not focused on our politics here in Washington.”","“What folks are looking for, and I think all of us agree on this, is action || They want to see that we are focused on them, not focused on our politics here in Washington.”","we are able to cooperate together, work together, find some common ground, make some tough compromises, build some consensus to do the people’s business,” Mr. Obama said on Friday. “What folks are looking for, and I think all of us agree on this, is action. They want to see that we are focused on them, not focused on our politics here in Washington.” Mr. Obama has been calling for any deal to include tax increases on families earning more than $250,000 per year, while insisting that tax cuts be preserved for families below th",,
article_40,same_label_segmentation_difference,testimony,testimony,4671,4827,4671,4827,154,"“If it’s going to bring in [the necessary] revenue, the president has been very clear that the higher-income people have to pay their fair share,” she added","“ || it’s going to bring in [the necessary] revenue, the president has been very clear that the higher-income people have to pay their fair share,” she added","guments to attack the Republican-backed plan of tax reform and the closing of loopholes. “Just to close loopholes is far too little money,” Ms. Pelosi said on ABC’s “This Week.” “If it’s going to bring in [the necessary] revenue, the president has been very clear that the higher-income people have to pay their fair share,” she added. Copyright © 2019 The Washington Times, LLC. Click here for reprint permission. Click to Read More and View Comments Click to Hide",,
article_40,overlapping_different_label,anecdote,assumption,0,248,2,248,246,"As President Obama and Capitol Hill leaders continue negotiations to avoid the looming “fiscal cliff,” top Democrats on Sunday ramped up pressure on their Republican counterparts to accept tax increases on the wealthy as part of a broader agreement","President Obama and Capitol Hill leaders continue negotiations to avoid the looming “fiscal cliff,” top Democrats on Sunday ramped up pressure on their Republican counterparts to accept tax increases on the wealthy as part of a broader agreement","As President Obama and Capitol Hill leaders continue negotiations to avoid the looming “fiscal cliff,” top Democrats on Sunday ramped up pressure on their Republican counterparts to accept tax increases on the wealthy as part of a broader agreement. House Minority Leader Nancy Pelosi, California Democrat, flatly said “no” when asked if she’d accept a deal that didn’t include such provisions. Republicans continue to reject",,
article_40,overlapping_different_label,testimony,assumption,1693,1877,1692,1877,184,"Young leaders in the party, such as new Republican Governors Association Chairman Gov. Bobby Jindal of Louisiana, urged his party to tackle the root causes of the nation’s fiscal peril","Young leaders in the party, such as new Republican Governors Association Chairman Gov. Bobby Jindal of Louisiana, urged his party to tackle the root causes of the nation’s fiscal peril","id on CNN’s “State of the Union.” But congressional Republicans are also under pressure to push for deeper, more permanent changes to the way the federal government does business. Young leaders in the party, such as new Republican Governors Association Chairman Gov. Bobby Jindal of Louisiana, urged his party to tackle the root causes of the nation’s fiscal peril. “I guarantee, if they just put a Band-Aid on this, we’ll be in another fiscal cliff in a few months. We need structural changes, and that could be a balanced-budget amendment to",,
article_40,overlapping_different_label,anecdote,assumption,2388,2763,2733,2763,30,"Sunday’s back-and-forth came just two days after a meeting of Mr. Obama and leaders from both sides at the White House, including House Speaker John A. Boehner, Ohio Republican; Mrs. Pelosi; Senate Majority Leader Harry Reid, Nevada Democrat; Senate Minority Leader Mitch McConnell, Kentucky Republican; Vice President Joseph R. Biden; and other members of the administration",members of the administration,"nding as a percentage of GDP,” he said on “Fox News Sunday.” “Without those structural changes, we’re not getting anywhere. This is just kicking the can down the road,” he said. Sunday’s back-and-forth came just two days after a meeting of Mr. Obama and leaders from both sides at the White House, including House Speaker John A. Boehner, Ohio Republican; Mrs. Pelosi; Senate Majority Leader Harry Reid, Nevada Democrat; Senate Minority Leader Mitch McConnell, Kentucky Republican; Vice President Joseph R. Biden; and other members of the administration. The president said the public expects “tough compromises” to be made in order to make an agreement, with tax cuts set to expire for all taxpayers on Jan. 1 and automatic spendin",,
article_40,overlapping_different_label,testimony,anecdote,2766,3001,2865,3001,136,"The president said the public expects “tough compromises” to be made in order to make an agreement, with tax cuts set to expire for all taxpayers on Jan. 1 and automatic spending cuts due to hit most government agencies in the new year",with tax cuts set to expire for all taxpayers on Jan. 1 and automatic spending cuts due to hit most government agencies in the new year,"Majority Leader Harry Reid, Nevada Democrat; Senate Minority Leader Mitch McConnell, Kentucky Republican; Vice President Joseph R. Biden; and other members of the administration. The president said the public expects “tough compromises” to be made in order to make an agreement, with tax cuts set to expire for all taxpayers on Jan. 1 and automatic spending cuts due to hit most government agencies in the new year. “Our challenge is to make sure that we are able to cooperate together, work together, find some common ground, make some tough compromises, build some consensus to do the people",,
article_40,overlapping_different_label,anecdote,assumption,3394,3587,3394,3587,193,"Mr. Obama has been calling for any deal to include tax increases on families earning more than $250,000 per year, while insisting that tax cuts be preserved for families below that income level","Mr. Obama has been calling for any deal to include tax increases on families earning more than $250,000 per year, while insisting that tax cuts be preserved for families below that income level","riday. “What folks are looking for, and I think all of us agree on this, is action. They want to see that we are focused on them, not focused on our politics here in Washington.” Mr. Obama has been calling for any deal to include tax increases on families earning more than $250,000 per year, while insisting that tax cuts be preserved for families below that income level. In the days following Mr. Obama’s re-election victory over Republican Mitt Romney, Mr. Boehner offered something of an olive branch to the White House, signaling that some form",,
article_40,overlapping_different_label,testimony,assumption,3836,3982,3832,3982,146,several Republicans on Sunday reiterated that they’re much more interested in pursuing deep spending cuts rather than focusing on the revenue side,But several Republicans on Sunday reiterated that they’re much more interested in pursuing deep spending cuts rather than focusing on the revenue side,"ublican Mitt Romney, Mr. Boehner offered something of an olive branch to the White House, signaling that some form of revenue increases would be on the table during negotiations. But several Republicans on Sunday reiterated that they’re much more interested in pursuing deep spending cuts rather than focusing on the revenue side. “Because what happens in Washington, D.C., is … we do an increase in taxes today, and we promise that there’s going to be spending cuts 10 years from now. And it never happens,”",,
article_40,overlapping_different_label,anecdote,assumption,4461,4578,4457,4578,117,Democrats are using similar arguments to attack the Republican-backed plan of tax reform and the closing of loopholes,But Democrats are using similar arguments to attack the Republican-backed plan of tax reform and the closing of loopholes,", said the GOP simply isn’t convinced that tax increases will have any real impact on deficit-reduction efforts. “It doesn’t solve the problem,” he said on “State of the Union.” But Democrats are using similar arguments to attack the Republican-backed plan of tax reform and the closing of loopholes. “Just to close loopholes is far too little money,” Ms. Pelosi said on ABC’s “This Week.” “If it’s going to bring in [the necessary] revenue, the president has been very clear t",,
article_40,unmatched_prediction,,assumption,,,1035,1149,0,,Democrats see openness from Republicans to adjust or eliminate deductions and loopholes as a window of opportunity,"bama to claim he’s fulfilling campaign promises and allows Republicans to remain true to their no-tax-increases pledge — is key to getting a deal done before the end of the year. Democrats see openness from Republicans to adjust or eliminate deductions and loopholes as a window of opportunity, and the ongoing discussion between the two sides represents the best chance for a meaningful agreement, said Sen. Richard J. Durbin, Illinois Democrat. “It’s an invitation for o",,
article_40,unmatched_prediction,,other,,,4830,4839,0,,Copyright,"ABC’s “This Week.” “If it’s going to bring in [the necessary] revenue, the president has been very clear that the higher-income people have to pay their fair share,” she added. Copyright © 2019 The Washington Times, LLC. Click here for reprint permission. Click to Read More and View Comments Click to Hide",,
article_40,unmatched_prediction,,other,,,4861,4867,0,,Times,"oing to bring in [the necessary] revenue, the president has been very clear that the higher-income people have to pay their fair share,” she added. Copyright © 2019 The Washington Times, LLC. Click here for reprint permission. Click to Read More and View Comments Click to Hide",,
article_41,same_label_segmentation_difference,testimony,testimony,147,459,147,459,311,"St. Louis County Police Chief Jon Belmar said the officer was questioning the 18-year-old and another man about a theft late Tuesday at a convenience store in Berkeley when the young man pulled a 9mm handgun on him. The officer stumbled backward but fired three shots, one of which struck the victim, Belmar said","St. Louis County Police Chief Jon Belmar said the officer was questioning the 18-year-old and another man about a theft late Tuesday at a convenience store in Berkeley when the young man pulled a 9mm handgun on him || The officer stumbled backward but fired three shots, one of which struck the victim, Belmar said","BERKELEY, Mo. (AP) — Violent protests broke out in suburban St. Louis after another black 18-year-old was fatally shot by a white police officer. St. Louis County Police Chief Jon Belmar said the officer was questioning the 18-year-old and another man about a theft late Tuesday at a convenience store in Berkeley when the young man pulled a 9mm handgun on him. The officer stumbled backward but fired three shots, one of which struck the victim, Belmar said. Berkeley is just a few miles from Ferguson, Missouri, where a white police officer fatally shot Michael Brown, an unarmed black 18-year-old, on Aug. 9. Brown’s death sparked wee",,
article_41,same_label_boundary_difference,anecdote,anecdote,614,819,662,677,15,Brown’s death sparked weeks of sometimes violent demonstrations and a grand jury’s decision to not charge Officer Darren Wilson in the shooting has spurred a nationwide movement to protest police brutality,demonstrations,"k the victim, Belmar said. Berkeley is just a few miles from Ferguson, Missouri, where a white police officer fatally shot Michael Brown, an unarmed black 18-year-old, on Aug. 9. Brown’s death sparked weeks of sometimes violent demonstrations and a grand jury’s decision to not charge Officer Darren Wilson in the shooting has spurred a nationwide movement to protest police brutality. PHOTOS: Police: Officer in Missouri shot, killed man who pulled gun Belmar declined to name the 18-year-old killed in Berkeley, but a woman at the scene told reporters she was",,
article_41,same_label_segmentation_difference,anecdote,anecdote,1620,1803,1619,1803,128,"About a minute-and-a-half later, the video appears to show one of the men raising his arm, though what he is holding is difficult to see because they were several feet from the camera","About a minute-and-a-half later, the video appears to show one of the men raising his arm || they were several feet from the camera","parking lot outside the store. The nearly two-minute clip shows two young men leaving the store at about the time a police car rolls up. The officer gets out and speaks with them. About a minute-and-a-half later, the video appears to show one of the men raising his arm, though what he is holding is difficult to see because they were several feet from the camera. Belmar said it was a 9mm handgun. The other man ran away, and police are searching for him. It was the third fatal shooting of a black suspect by a white police officer in the",,
article_41,same_label_segmentation_difference,anecdote,anecdote,2796,2893,2795,2893,94,Another was treated for a leg injury sustained as he tried to get away from one of the explosives,Another was treated for a leg injury sustained || he tried to get away from one of the explosives,"ar said three explosive devices, possibly fireworks, were tossed near gas pumps. Some protesters threw rocks and bricks. One officer was hit by a brick and treated for facial cuts. Another was treated for a leg injury sustained as he tried to get away from one of the explosives. The protest spilled to a neighboring convenience store where a man in a hoodie set a fire inside the store. The fire was quickly put out, but the glass door was shattered. Orla",,
article_41,same_label_segmentation_difference,anecdote,anecdote,2896,3002,2896,3002,106,The protest spilled to a neighboring convenience store where a man in a hoodie set a fire inside the store,The protest spilled to a neighboring convenience store || where || a man in a hoodie set a fire inside the store,"w rocks and bricks. One officer was hit by a brick and treated for facial cuts. Another was treated for a leg injury sustained as he tried to get away from one of the explosives. The protest spilled to a neighboring convenience store where a man in a hoodie set a fire inside the store. The fire was quickly put out, but the glass door was shattered. Orlando Brown, 36, of nearby St. Charles was among the protesters. “I understand police officers have a job and",,
article_41,same_label_boundary_difference,testimony,testimony,3069,3263,3138,3263,125,"Orlando Brown, 36, of nearby St. Charles was among the protesters. “I understand police officers have a job and have an obligation to go home to their families at the end of the night,” he said","I understand police officers have a job and have an obligation to go home to their families at the end of the night,” he said","ives. The protest spilled to a neighboring convenience store where a man in a hoodie set a fire inside the store. The fire was quickly put out, but the glass door was shattered. Orlando Brown, 36, of nearby St. Charles was among the protesters. “I understand police officers have a job and have an obligation to go home to their families at the end of the night,” he said. “But do you have to treat every situation with lethal force? … It’s not a racial issue, or black or white. It’s wrong or right.” Brown said he was pepper-sprayed during the prot",,
article_41,overlapping_different_label,assumption,anecdote,462,514,462,514,52,"Berkeley is just a few miles from Ferguson, Missouri","Berkeley is just a few miles from Ferguson, Missouri","a convenience store in Berkeley when the young man pulled a 9mm handgun on him. The officer stumbled backward but fired three shots, one of which struck the victim, Belmar said. Berkeley is just a few miles from Ferguson, Missouri, where a white police officer fatally shot Michael Brown, an unarmed black 18-year-old, on Aug. 9. Brown’s death sparked weeks of sometimes violent demonstrations and a grand jury",,
article_41,overlapping_different_label,testimony,anecdote,830,889,845,862,17,"Police: Officer in Missouri shot, killed man who pulled gun",in Missouri shot,"imes violent demonstrations and a grand jury’s decision to not charge Officer Darren Wilson in the shooting has spurred a nationwide movement to protest police brutality. PHOTOS: Police: Officer in Missouri shot, killed man who pulled gun Belmar declined to name the 18-year-old killed in Berkeley, but a woman at the scene told reporters she was his mother and identified him as Antonio Martin. Belmar said he was 18",,
article_41,overlapping_different_label,statistics,anecdote,1899,2020,1899,2020,121,It was the third fatal shooting of a black suspect by a white police officer in the St. Louis area since Brown was killed,It was the third fatal shooting of a black suspect by a white police officer in the St. Louis area since Brown was killed,"hat he is holding is difficult to see because they were several feet from the camera. Belmar said it was a 9mm handgun. The other man ran away, and police are searching for him. It was the third fatal shooting of a black suspect by a white police officer in the St. Louis area since Brown was killed. Kajaime Powell, 25, was killed Aug. 9 after approaching St. Louis officers with a knife. Vonderrit Myers Jr., 18, was fatally shot Oct. 8 after allegedly shooting at a St. Louis",,
article_41,overlapping_different_label,anecdote,assumption,2210,2248,2210,2248,38,Each shooting has been met by protests,Each shooting has been met by protests,"Powell, 25, was killed Aug. 9 after approaching St. Louis officers with a knife. Vonderrit Myers Jr., 18, was fatally shot Oct. 8 after allegedly shooting at a St. Louis officer. Each shooting has been met by protests, and a crowd quickly gathered late Tuesday and early Wednesday in Berkeley. The demonstration involving up to 300 people turned violent. More than 50 police officers, some in rio",,
article_41,overlapping_different_label,testimony,assumption,2447,2490,2446,2490,43,Video showed some wrestling with protesters,Video showed some wrestling with protesters,"kly gathered late Tuesday and early Wednesday in Berkeley. The demonstration involving up to 300 people turned violent. More than 50 police officers, some in riot gear, responded. Video showed some wrestling with protesters. Belmar said officers used pepper spray but not tear gas. Four people were arrested on charges of assaulting officers. Belmar said three explosive devices, possibly fireworks, we",,
article_41,overlapping_different_label,anecdote,assumption,3038,3066,3037,3066,28,the glass door was shattered,the glass door was shattered,"get away from one of the explosives. The protest spilled to a neighboring convenience store where a man in a hoodie set a fire inside the store. The fire was quickly put out, but the glass door was shattered. Orlando Brown, 36, of nearby St. Charles was among the protesters. “I understand police officers have a job and have an obligation to go home to their families at the end of th",,
article_41,overlapping_different_label,testimony,assumption,3643,3707,3642,3707,64,The video did not appear to show a female with the two young men,The video did not appear to show a female with the two young men,"iend was arrested for failing to disperse. Toni Martin, Antonio Martin’s mother, told the St. Louis Post-Dispatch that her son was with his girlfriend at the time of the shooting. The video did not appear to show a female with the two young men. Belmar said the 18-year-old had a considerable criminal record in the less than two years since he turned 17, with three assault charges, armed robbery, armed criminal action an",,
article_41,overlapping_different_label,assumption,anecdote,4148,4195,4156,4195,39,Berkeley has body cameras and dashboard cameras,has body cameras and dashboard cameras,"ficer couldn’t use pepper spray or a stun gun. “Frankly, that’s unreasonable,” Belmar said. “When we had somebody pointing a gun at a police officer, there’s not a lot of time.” Berkeley has body cameras and dashboard cameras. The officer wasn’t wearing his body camera, Belmar said. The dashboard camera activates when the red lights are on, and they were not on at the convenience store. Belmar said th",,
article_41,overlapping_different_label,assumption,anecdote,4254,4311,4253,4311,57,The dashboard camera activates when the red lights are on,The dashboard camera activates when the red lights are on,"somebody pointing a gun at a police officer, there’s not a lot of time.” Berkeley has body cameras and dashboard cameras. The officer wasn’t wearing his body camera, Belmar said. The dashboard camera activates when the red lights are on, and they were not on at the convenience store. Belmar said the body of the young man remained on the scene for about two hours. After Brown died in August, the fact that his bod",,
article_41,overlapping_different_label,anecdote,assumption,4442,4566,4441,4566,124,"After Brown died in August, the fact that his body remained on the street for more than four hours drew widespread criticism","After Brown died in August, the fact that his body remained on the street for more than four hours drew widespread criticism","hboard camera activates when the red lights are on, and they were not on at the convenience store. Belmar said the body of the young man remained on the scene for about two hours. After Brown died in August, the fact that his body remained on the street for more than four hours drew widespread criticism. Belmar said two hours is fairly typical as police gather evidence, and he said interference from protesters may have prolonged the situation in Berkeley. Copyright © 2019 The Wa",,
article_41,unmatched_prediction,,assumption,,,681,819,0,,a grand jury’s decision to not charge Officer Darren Wilson in the shooting has spurred a nationwide movement to protest police brutality,"son, Missouri, where a white police officer fatally shot Michael Brown, an unarmed black 18-year-old, on Aug. 9. Brown’s death sparked weeks of sometimes violent demonstrations and a grand jury’s decision to not charge Officer Darren Wilson in the shooting has spurred a nationwide movement to protest police brutality. PHOTOS: Police: Officer in Missouri shot, killed man who pulled gun Belmar declined to name the 18-year-old killed in Berkeley, but a woman at the scene told reporters she was",,
article_41,unmatched_prediction,,anecdote,,,863,870,0,,killed,"grand jury’s decision to not charge Officer Darren Wilson in the shooting has spurred a nationwide movement to protest police brutality. PHOTOS: Police: Officer in Missouri shot, killed man who pulled gun Belmar declined to name the 18-year-old killed in Berkeley, but a woman at the scene told reporters she was his mother and identified him as Antonio Martin. Be",,
article_41,unmatched_prediction,,anecdote,,,874,889,0,,who pulled gun,"’s decision to not charge Officer Darren Wilson in the shooting has spurred a nationwide movement to protest police brutality. PHOTOS: Police: Officer in Missouri shot, killed man who pulled gun Belmar declined to name the 18-year-old killed in Berkeley, but a woman at the scene told reporters she was his mother and identified him as Antonio Martin. Belmar said he was 18",,
article_41,unmatched_prediction,,assumption,,,1710,1717,0,,though,"store at about the time a police car rolls up. The officer gets out and speaks with them. About a minute-and-a-half later, the video appears to show one of the men raising his arm, though what he is holding is difficult to see because they were several feet from the camera. Belmar said it was a 9mm handgun. The other man ran away, and police are searching for him.",,
article_41,unmatched_prediction,,assumption,,,1717,1756,0,,what he is holding is difficult to see,"t about the time a police car rolls up. The officer gets out and speaks with them. About a minute-and-a-half later, the video appears to show one of the men raising his arm, though what he is holding is difficult to see because they were several feet from the camera. Belmar said it was a 9mm handgun. The other man ran away, and police are searching for him. It was the third fatal shooting of a",,
article_41,unmatched_prediction,,anecdote,,,3069,3134,0,,"Orlando Brown, 36, of nearby St. Charles was among the protesters","ives. The protest spilled to a neighboring convenience store where a man in a hoodie set a fire inside the store. The fire was quickly put out, but the glass door was shattered. Orlando Brown, 36, of nearby St. Charles was among the protesters. “I understand police officers have a job and have an obligation to go home to their families at the end of the night,” he said. “But do you have to treat every situation with le",,
article_41,unmatched_prediction,,other,,,4723,4732,0,,Copyright,"ew widespread criticism. Belmar said two hours is fairly typical as police gather evidence, and he said interference from protesters may have prolonged the situation in Berkeley. Copyright © 2019 The Washington Times, LLC. Click to Read More and View Comments Click to Hide",,
article_41,unmatched_prediction,,other,,,4739,4760,0,,The Washington Times,"iticism. Belmar said two hours is fairly typical as police gather evidence, and he said interference from protesters may have prolonged the situation in Berkeley. Copyright © 2019 The Washington Times, LLC. Click to Read More and View Comments Click to Hide",,
article_42,same_label_boundary_difference,assumption,assumption,1208,1272,1204,1272,64,the most important service found at a pregnancy center is caring,But the most important service found at a pregnancy center is caring,"ng. They also offer tangible support like maternity and baby clothes, diapers and wipes, and even strollers and car seats to lighten the financial burden of caring for a newborn. But the most important service found at a pregnancy center is caring. When walking through the doors of a pregnancy center, women find the kind of care and attention that reinforces their dignity as women and helps them prepare to become mothers.",,
article_42,same_label_segmentation_difference,assumption,assumption,1542,1829,1549,1829,280,"Through California’s Freedom, Accountability, Comprehensive Care and Transparency Act – commonly known as the Reproductive FACT Act – the state targeted pro-life pregnancy centers and forced them to direct women towards abortion, the state’s preferred response to an unexpected pregnancy","California’s Freedom, Accountability, Comprehensive Care and Transparency Act – commonly known as the Reproductive FACT Act – the state targeted pro-life pregnancy centers and forced them to direct women towards abortion, || the state’s preferred response to an unexpected pregnancy","tention that reinforces their dignity as women and helps them prepare to become mothers. Rather than celebrate the work of these nonprofit centers, California tried to impede it. Through California’s Freedom, Accountability, Comprehensive Care and Transparency Act – commonly known as the Reproductive FACT Act – the state targeted pro-life pregnancy centers and forced them to direct women towards abortion, the state’s preferred response to an unexpected pregnancy. Under the California law, pregnancy centers were required to notify their clients about the state’s free or low-cost family planning programs, which include abortion services. C",,
article_42,same_label_segmentation_difference,anecdote,anecdote,1832,2006,1832,2006,167,"Under the California law, pregnancy centers were required to notify their clients about the state’s free or low-cost family planning programs, which include abortion services","Under the California law, pregnancy centers were required to notify their clients about the state’s free or low-cost family planning programs || include abortion services","Reproductive FACT Act – the state targeted pro-life pregnancy centers and forced them to direct women towards abortion, the state’s preferred response to an unexpected pregnancy. Under the California law, pregnancy centers were required to notify their clients about the state’s free or low-cost family planning programs, which include abortion services. Centers that failed or refused to become abortion-promoting billboards were subject to cumulative fines. But something got in the way of the California law: the First Amendment",,
article_42,same_label_boundary_difference,assumption,assumption,2118,2205,2114,2205,87,something got in the way of the California law: the First Amendment of the Constitution,But something got in the way of the California law: the First Amendment of the Constitution,"ee or low-cost family planning programs, which include abortion services. Centers that failed or refused to become abortion-promoting billboards were subject to cumulative fines. But something got in the way of the California law: the First Amendment of the Constitution. The First Amendment’s guarantee of free speech includes the right not to be forced by the government to speak. California’s FACT Act did just that, by requiring pro-life pregnan",,
article_42,same_label_segmentation_difference,assumption,assumption,2319,2467,2318,2467,147,"California’s FACT Act did just that, by requiring pro-life pregnancy centers to promote the state’s family planning programs, which include abortion","California’s FACT Act did just that, by requiring pro-life pregnancy centers to promote the state’s family planning programs || which include abortion","way of the California law: the First Amendment of the Constitution. The First Amendment’s guarantee of free speech includes the right not to be forced by the government to speak. California’s FACT Act did just that, by requiring pro-life pregnancy centers to promote the state’s family planning programs, which include abortion. As Supreme Court Justice Clarence Thomas, who wrote the majority opinion in the NIFLA case, forcefully stated: “California cannot co-opt (pregnancy centers) to deliver its messa",,
article_42,same_label_segmentation_difference,testimony,testimony,2470,2658,2470,2658,188,"As Supreme Court Justice Clarence Thomas, who wrote the majority opinion in the NIFLA case, forcefully stated: “California cannot co-opt (pregnancy centers) to deliver its message for it.”","As || Supreme Court Justice Clarence Thomas, who wrote the majority opinion in the NIFLA case, forcefully stated: “California cannot co-opt (pregnancy centers) to deliver its message for it.”","by the government to speak. California’s FACT Act did just that, by requiring pro-life pregnancy centers to promote the state’s family planning programs, which include abortion. As Supreme Court Justice Clarence Thomas, who wrote the majority opinion in the NIFLA case, forcefully stated: “California cannot co-opt (pregnancy centers) to deliver its message for it.” The government can’t force people to promote an idea they oppose, like the notion that abortion is the solution to a challenging pregnancy. The Supreme Court’s decision to strike",,
article_42,same_label_boundary_difference,assumption,assumption,2931,3008,2926,3008,77,"more importantly, it vindicates women and the pregnancy centers who help them","But more importantly, it vindicates women and the pregnancy centers who help them","abortion is the solution to a challenging pregnancy. The Supreme Court’s decision to strike down California’s law vindicates the First Amendment’s prohibition on compelled speech. But more importantly, it vindicates women and the pregnancy centers who help them. California’s FACT Act was just one example of a troubling trend of cities and states targeting pro-life pregnancy centers. An amicus brief filed by the Catholic Association in",,
article_42,same_label_segmentation_difference,testimony,testimony,3631,3879,3631,3879,248,"As Melissa, one of the 13 women who courageously came forward to share her story, remarked: “I feel like every woman who walks through those doors gets the same treatment – open, loving, very warm – especially if you don’t have any other supports.”","As || Melissa, one of the 13 women who courageously came forward to share her story, remarked: “I feel like every woman who walks through those doors gets the same treatment – open, loving, very warm – especially if you don’t have any other supports.”","and turned to her local pregnancy center for support. The unique needs and concerns of these women were heard and responded to with genuine compassion by pregnancy center staff. As Melissa, one of the 13 women who courageously came forward to share her story, remarked: “I feel like every woman who walks through those doors gets the same treatment – open, loving, very warm – especially if you don’t have any other supports.” At pregnancy centers, these women were offered an authentic choice and the chance to flourish and thrive as mothers, despite their circumstances. Laura chose to carry her pregna",,
article_42,same_label_boundary_difference,anecdote,anecdote,4141,4331,4140,4221,80,"A pregnancy center eased the financial burden by offering free diapers and wipes, and the center’s counseling services helped Laura recover from the emotional abuse of her prior relationship",A pregnancy center eased the financial burden by offering free diapers and wipes,"ce to flourish and thrive as mothers, despite their circumstances. Laura chose to carry her pregnancy to term even though it meant losing the relationship with her child’s father. A pregnancy center eased the financial burden by offering free diapers and wipes, and the center’s counseling services helped Laura recover from the emotional abuse of her prior relationship. Angela faced a different challenge. Alone and addicted to drugs, Angela reached out to center staff to help her stay clean for the sake of her developing child. Angela’s son, no",,
article_42,same_label_boundary_difference,anecdote,anecdote,4572,4674,4651,4674,23,Angela still receives counseling and support as she raises her son and prepares to enter the workforce,to enter the workforce,"drugs, Angela reached out to center staff to help her stay clean for the sake of her developing child. Angela’s son, now a precocious 2-year-old, is the apple of his mother’s eye. Angela still receives counseling and support as she raises her son and prepares to enter the workforce. One woman, Melissa, when asked to respond to the charge that pregnancy centers are deceptive, flatly retorted that such a claim is “bogus.” Another, Judith, said that she wants",,
article_42,overlapping_different_label,testimony,assumption,0,188,0,126,126,Supreme Court justices weigh whether pro-life pregnancy centers can be required to give out information about the availability of abortions; 'Fox News @ Night' anchor Shannon Bream reports,Supreme Court justices weigh whether pro-life pregnancy centers can be required to give out information about the availability,Supreme Court justices weigh whether pro-life pregnancy centers can be required to give out information about the availability of abortions; 'Fox News @ Night' anchor Shannon Bream reports. Tuesday’s 5-4 Supreme Court decision overturning a California law that required pro-life pregnancy centers to provide women with information about abortion is a victory for the,,
article_42,overlapping_different_label,anecdote,assumption,680,835,679,835,155,"Every year, pregnancy centers across the United States offer a helping hand to thousands of women so that they can confidently choose life for their babies","Every year, pregnancy centers across the United States offer a helping hand to thousands of women so that they can confidently choose life for their babies","of National Institute of Family and Life Advocates (NIFLA) v. Becerra. Every pregnancy is tough. Pregnancy without sufficient support, financial or emotional, can seem impossible. Every year, pregnancy centers across the United States offer a helping hand to thousands of women so that they can confidently choose life for their babies. These centers provide women personalized attention and care during and after pregnancy, free of charge. Many offer pregnancy tests, ultrasounds, prenatal education and classes o",,
article_42,overlapping_different_label,anecdote,assumption,838,940,838,940,102,"These centers provide women personalized attention and care during and after pregnancy, free of charge","These centers provide women personalized attention and care during and after pregnancy, free of charge","can seem impossible. Every year, pregnancy centers across the United States offer a helping hand to thousands of women so that they can confidently choose life for their babies. These centers provide women personalized attention and care during and after pregnancy, free of charge. Many offer pregnancy tests, ultrasounds, prenatal education and classes on parenting. They also offer tangible support like maternity and baby clothes, diapers and wipes, and eve",,
article_42,overlapping_different_label,anecdote,assumption,1028,1201,1193,1201,8,"They also offer tangible support like maternity and baby clothes, diapers and wipes, and even strollers and car seats to lighten the financial burden of caring for a newborn",newborn,"ers provide women personalized attention and care during and after pregnancy, free of charge. Many offer pregnancy tests, ultrasounds, prenatal education and classes on parenting. They also offer tangible support like maternity and baby clothes, diapers and wipes, and even strollers and car seats to lighten the financial burden of caring for a newborn. But the most important service found at a pregnancy center is caring. When walking through the doors of a pregnancy center, women find the kind of care and attention that reinfo",,
article_42,overlapping_different_label,anecdote,assumption,2008,2111,2015,2111,96,Centers that failed or refused to become abortion-promoting billboards were subject to cumulative fines,that failed or refused to become abortion-promoting billboards were subject to cumulative fines,"y. Under the California law, pregnancy centers were required to notify their clients about the state’s free or low-cost family planning programs, which include abortion services. Centers that failed or refused to become abortion-promoting billboards were subject to cumulative fines. But something got in the way of the California law: the First Amendment of the Constitution. The First Amendment’s guarantee of free speech includes the right not to be forced",,
article_42,overlapping_different_label,anecdote,assumption,4028,4139,4029,4070,41,Laura chose to carry her pregnancy to term even though it meant losing the relationship with her child’s father,aura chose to carry her pregnancy to term,"don’t have any other supports.” At pregnancy centers, these women were offered an authentic choice and the chance to flourish and thrive as mothers, despite their circumstances. Laura chose to carry her pregnancy to term even though it meant losing the relationship with her child’s father. A pregnancy center eased the financial burden by offering free diapers and wipes, and the center’s counseling services helped Laura recover from the emotional abuse of her prior",,
article_42,overlapping_different_label,other,assumption,4334,4368,4334,4368,34,Angela faced a different challenge,Angela faced a different challenge,"enter eased the financial burden by offering free diapers and wipes, and the center’s counseling services helped Laura recover from the emotional abuse of her prior relationship. Angela faced a different challenge. Alone and addicted to drugs, Angela reached out to center staff to help her stay clean for the sake of her developing child. Angela’s son, now a precocious 2-year-old, is the app",,
article_42,overlapping_different_label,other,assumption,4495,4571,4494,4570,75,"Angela’s son, now a precocious 2-year-old, is the apple of his mother’s eye.","Angela’s son, now a precocious 2-year-old, is the apple of his mother’s eye","rior relationship. Angela faced a different challenge. Alone and addicted to drugs, Angela reached out to center staff to help her stay clean for the sake of her developing child. Angela’s son, now a precocious 2-year-old, is the apple of his mother’s eye. Angela still receives counseling and support as she raises her son and prepares to enter the workforce. One woman, Melissa, when asked to respond to the charge that pregnancy cen",,
article_42,unmatched_prediction,,assumption,,,129,139,0,,abortions,Supreme Court justices weigh whether pro-life pregnancy centers can be required to give out information about the availability of abortions; 'Fox News @ Night' anchor Shannon Bream reports. Tuesday’s 5-4 Supreme Court decision overturning a California law that required pro-life pregnancy centers to provide women with,,
article_42,unmatched_prediction,,assumption,,,4131,4139,0,,s father,"the chance to flourish and thrive as mothers, despite their circumstances. Laura chose to carry her pregnancy to term even though it meant losing the relationship with her child’s father. A pregnancy center eased the financial burden by offering free diapers and wipes, and the center’s counseling services helped Laura recover from the emotional abuse of her prior",,
article_42,unmatched_prediction,,assumption,,,4226,4331,0,,the center’s counseling services helped Laura recover from the emotional abuse of her prior relationship,"ry her pregnancy to term even though it meant losing the relationship with her child’s father. A pregnancy center eased the financial burden by offering free diapers and wipes, and the center’s counseling services helped Laura recover from the emotional abuse of her prior relationship. Angela faced a different challenge. Alone and addicted to drugs, Angela reached out to center staff to help her stay clean for the sake of her developing child. Angela’s son, no",,
article_43,same_label_boundary_difference,testimony,testimony,2567,2770,2568,2770,202,"""They may, depending upon the amount of heat they get from their constituents because of rising premiums, because of job loss, because of the chaos of the exchanges, they may be open to changes,"" he said","They may, depending upon the amount of heat they get from their constituents because of rising premiums, because of job loss, because of the chaos of the exchanges, they may be open to changes,"" he said","ublicans are out of luck on ending or altering Obamacare before 2017 ""unless Democrats get so shaky about parts of it. Urgent: Should the House Have Agreed to Debt Deal? Vote Here ""They may, depending upon the amount of heat they get from their constituents because of rising premiums, because of job loss, because of the chaos of the exchanges, they may be open to changes,"" he said. ""But full-scale repeal is obviously something that's not going to be achievable until I'm the majority leader of the Senate and we have a new president,"" McConnell said. In sever",,
article_43,same_label_boundary_difference,testimony,testimony,3247,3449,3246,3356,109,"""We demonstrated once again that every single Republican is in favor of defunding Obamacare,"" he told Newsmax after senators backed a measure to temporarily fund the government that Obama later rejected","""We demonstrated once again that every single Republican is in favor of defunding Obamacare,"" he told Newsmax","enate in trying to repeal Obamacare. The GOP holds 46 seats in the upper chamber, versus 52 for Democrats. The Senate also has two independents, and they caucus with the Democrats. ""We demonstrated once again that every single Republican is in favor of defunding Obamacare,"" he told Newsmax after senators backed a measure to temporarily fund the government that Obama later rejected. ""We had a solid party-line vote. Our difficulty, of course, in achieving that has to do with simple mathematics."" Meanwhile, McConnell told The Hill that he took over the negotia",,
article_43,same_label_segmentation_difference,testimony,testimony,3451,3564,3450,3564,112,"""We had a solid party-line vote. Our difficulty, of course, in achieving that has to do with simple mathematics.""","""We had a solid party-line vote || Our difficulty, of course, in achieving that has to do with simple mathematics.""","gain that every single Republican is in favor of defunding Obamacare,"" he told Newsmax after senators backed a measure to temporarily fund the government that Obama later rejected. ""We had a solid party-line vote. Our difficulty, of course, in achieving that has to do with simple mathematics."" Meanwhile, McConnell told The Hill that he took over the negotiations leading to the final agreement after Senate Majority Leader Harry Reid of Nevada and the White House rejected",,
article_43,same_label_segmentation_difference,testimony,testimony,4172,4284,4171,4284,111,"""So I met with my members. I said, 'Look, I think we all know I have a weak hand here,'"" McConnell told The Hill","""So I met with my members || I said, 'Look, I think we all know I have a weak hand here,'"" McConnell told The Hill","able position to fellow Republican senators privately via football analogies, looking toward being in a better position to seek cuts in spending and entitlement programs next year. ""So I met with my members. I said, 'Look, I think we all know I have a weak hand here,'"" McConnell told The Hill. ""I'm on my own two-yard line. The offensive line is a little shaky, and what best I think we can do is get off a punt here to try to get into a better field position."" But his re",,
article_43,same_label_segmentation_difference,testimony,testimony,4286,4453,4285,4453,166,"""I'm on my own two-yard line. The offensive line is a little shaky, and what best I think we can do is get off a punt here to try to get into a better field position.""","""I'm on my own two-yard line || The offensive line is a little shaky, and what best I think we can do is get off a punt here to try to get into a better field position.""","ition to seek cuts in spending and entitlement programs next year. ""So I met with my members. I said, 'Look, I think we all know I have a weak hand here,'"" McConnell told The Hill. ""I'm on my own two-yard line. The offensive line is a little shaky, and what best I think we can do is get off a punt here to try to get into a better field position."" But his requirements for the deal were that it not raise taxes nor jeopardize the spending cuts imposed through sequestration. ""We didn't raise taxes and we didn't bust the caps,",,
article_43,overlapping_different_label,anecdote,assumption,0,172,0,172,172,Senate Minority Leader Mitch McConnell made it clear on Thursday that repealing Obamacare would never be used by Republicans again to bring the federal government to a halt,Senate Minority Leader Mitch McConnell made it clear on Thursday that repealing Obamacare would never be used by Republicans again to bring the federal government to a halt,"Senate Minority Leader Mitch McConnell made it clear on Thursday that repealing Obamacare would never be used by Republicans again to bring the federal government to a halt. ""One of my favorite old Kentucky sayings is there's no education in the second kick of a mule,"" McConnell told The Hill. ""The first kick of a mule was when we shut the government",,
article_43,overlapping_different_label,other,assumption,507,549,506,549,42,Should the House Have Agreed to Debt Deal?,Should the House Have Agreed to Debt Deal?,"hen we shut the government down in the mid-1990s — and the second kick was over the last 16 days."" ""There will not be a government shutdown,"" the Kentucky Republican added. Urgent: Should the House Have Agreed to Debt Deal? Vote Here The Obamacare strategy was pushed by several young congressional Republicans backed by the tea party — including freshman Sen. Ted Cruz, who spoke against the healthcare",,
article_43,overlapping_different_label,anecdote,assumption,1328,1433,1431,1433,2,The legislation funds the government through Jan. 15 and extends the nation's debt ceiling through Feb. 7,7,rt the possibility of an economy-jarring default on U.S. obligations. President Barack Obama signed the measure early Thursday after the House and Senate passed it late Wednesday. The legislation funds the government through Jan. 15 and extends the nation's debt ceiling through Feb. 7. It ended a brawl with Republicans who tried to use the must-pass legislation to mount a last-ditch effort to derail the Patient Protection and Affordable Care Act and demand conc,,
article_43,overlapping_different_label,anecdote,assumption,1435,1634,1434,1634,199,It ended a brawl with Republicans who tried to use the must-pass legislation to mount a last-ditch effort to derail the Patient Protection and Affordable Care Act and demand concessions on the budget,It ended a brawl with Republicans who tried to use the must-pass legislation to mount a last-ditch effort to derail the Patient Protection and Affordable Care Act and demand concessions on the budget,"asure early Thursday after the House and Senate passed it late Wednesday. The legislation funds the government through Jan. 15 and extends the nation's debt ceiling through Feb. 7. It ended a brawl with Republicans who tried to use the must-pass legislation to mount a last-ditch effort to derail the Patient Protection and Affordable Care Act and demand concessions on the budget. The White House directed all agencies to reopen promptly and in an orderly fashion. More than 350,000 furloughed federal employees across the country were expected to return to w",,
article_43,overlapping_different_label,statistics,anecdote,1720,1829,1817,1829,12,"More than 350,000 furloughed federal employees across the country were expected to return to work on Thursday",on Thursday,"to derail the Patient Protection and Affordable Care Act and demand concessions on the budget. The White House directed all agencies to reopen promptly and in an orderly fashion. More than 350,000 furloughed federal employees across the country were expected to return to work on Thursday. Standard & Poor's estimated the shutdown has taken $24 billion out of the economy, and the Fitch credit rating agency warned on Tuesday that it was reviewing its AAA rating on U.",,
article_43,overlapping_different_label,statistics,testimony,1831,1912,1839,1912,73,Standard & Poor's estimated the shutdown has taken $24 billion out of the economy,& Poor's estimated the shutdown has taken $24 billion out of the economy,"directed all agencies to reopen promptly and in an orderly fashion. More than 350,000 furloughed federal employees across the country were expected to return to work on Thursday. Standard & Poor's estimated the shutdown has taken $24 billion out of the economy, and the Fitch credit rating agency warned on Tuesday that it was reviewing its AAA rating on U.S. government debt for a possible downgrade. McConnell told The Hill that the fight",,
article_43,overlapping_different_label,statistics,testimony,1918,2052,2047,2052,5,the Fitch credit rating agency warned on Tuesday that it was reviewing its AAA rating on U.S. government debt for a possible downgrade,grade,"furloughed federal employees across the country were expected to return to work on Thursday. Standard & Poor's estimated the shutdown has taken $24 billion out of the economy, and the Fitch credit rating agency warned on Tuesday that it was reviewing its AAA rating on U.S. government debt for a possible downgrade. McConnell told The Hill that the fight to stop the healthcare law would not take place in January, either, even though he and many other Republicans ""hate, detest, and despise Ob",,
article_43,overlapping_different_label,assumption,testimony,2254,2367,2363,2367,4,some Democrats would like to repeal the 2.3 percent medical-device tax that is used to finance the healthcare law,law,"ill that the fight to stop the healthcare law would not take place in January, either, even though he and many other Republicans ""hate, detest, and despise Obamacare."" Noting that some Democrats would like to repeal the 2.3 percent medical-device tax that is used to finance the healthcare law, McConnell said Republicans are out of luck on ending or altering Obamacare before 2017 ""unless Democrats get so shaky about parts of it. Urgent: Should the House Have Agreed to D",,
article_43,overlapping_different_label,other,assumption,2514,2556,2513,2556,42,Should the House Have Agreed to Debt Deal?,Should the House Have Agreed to Debt Deal?,"used to finance the healthcare law, McConnell said Republicans are out of luck on ending or altering Obamacare before 2017 ""unless Democrats get so shaky about parts of it. Urgent: Should the House Have Agreed to Debt Deal? Vote Here ""They may, depending upon the amount of heat they get from their constituents because of rising premiums, because of job loss, because of the chaos of the exchanges, the",,
article_43,overlapping_different_label,testimony,anecdote,2942,3101,3003,3101,98,"In several exclusive interviews with Newsmax in recent weeks, McConnell related the ""math problem"" Republicans face in the Senate in trying to repeal Obamacare","McConnell related the ""math problem"" Republicans face in the Senate in trying to repeal Obamacare","he said. ""But full-scale repeal is obviously something that's not going to be achievable until I'm the majority leader of the Senate and we have a new president,"" McConnell said. In several exclusive interviews with Newsmax in recent weeks, McConnell related the ""math problem"" Republicans face in the Senate in trying to repeal Obamacare. The GOP holds 46 seats in the upper chamber, versus 52 for Democrats. The Senate also has two independents, and they caucus with the Democrats. ""We demonstrated once again that e",,
article_43,overlapping_different_label,statistics,anecdote,3103,3171,3102,3171,68,"The GOP holds 46 seats in the upper chamber, versus 52 for Democrats","The GOP holds 46 seats in the upper chamber, versus 52 for Democrats","t,"" McConnell said. In several exclusive interviews with Newsmax in recent weeks, McConnell related the ""math problem"" Republicans face in the Senate in trying to repeal Obamacare. The GOP holds 46 seats in the upper chamber, versus 52 for Democrats. The Senate also has two independents, and they caucus with the Democrats. ""We demonstrated once again that every single Republican is in favor of defunding Obamacare,"" he told Ne",,
article_43,overlapping_different_label,other,anecdote,3173,3245,3172,3209,36,"The Senate also has two independents, and they caucus with the Democrats",The Senate also has two independents,"cent weeks, McConnell related the ""math problem"" Republicans face in the Senate in trying to repeal Obamacare. The GOP holds 46 seats in the upper chamber, versus 52 for Democrats. The Senate also has two independents, and they caucus with the Democrats. ""We demonstrated once again that every single Republican is in favor of defunding Obamacare,"" he told Newsmax after senators backed a measure to temporarily fund the government t",,
article_43,overlapping_different_label,anecdote,assumption,4458,4579,4453,4579,121,his requirements for the deal were that it not raise taxes nor jeopardize the spending cuts imposed through sequestration,But his requirements for the deal were that it not raise taxes nor jeopardize the spending cuts imposed through sequestration,"ld The Hill. ""I'm on my own two-yard line. The offensive line is a little shaky, and what best I think we can do is get off a punt here to try to get into a better field position."" But his requirements for the deal were that it not raise taxes nor jeopardize the spending cuts imposed through sequestration. ""We didn't raise taxes and we didn't bust the caps, but we'll be back at it in January and February, which is why I call it a punt, with better field position to fight again anot",,
article_43,unmatched_prediction,,anecdote,,,3214,3245,0,,they caucus with the Democrats,"oblem"" Republicans face in the Senate in trying to repeal Obamacare. The GOP holds 46 seats in the upper chamber, versus 52 for Democrats. The Senate also has two independents, and they caucus with the Democrats. ""We demonstrated once again that every single Republican is in favor of defunding Obamacare,"" he told Newsmax after senators backed a measure to temporarily fund the government t",,
article_43,unmatched_prediction,,anecdote,,,3362,3449,0,,senators backed a measure to temporarily fund the government that Obama later rejected,"e also has two independents, and they caucus with the Democrats. ""We demonstrated once again that every single Republican is in favor of defunding Obamacare,"" he told Newsmax after senators backed a measure to temporarily fund the government that Obama later rejected. ""We had a solid party-line vote. Our difficulty, of course, in achieving that has to do with simple mathematics."" Meanwhile, McConnell told The Hill that he took over the negotia",,
article_43,unmatched_prediction,,testimony,,,3564,3574,0,,Meanwhile,"sure to temporarily fund the government that Obama later rejected. ""We had a solid party-line vote. Our difficulty, of course, in achieving that has to do with simple mathematics."" Meanwhile, McConnell told The Hill that he took over the negotiations leading to the final agreement after Senate Majority Leader Harry Reid of Nevada and the White House rejected the lates",,
article_44,same_label_boundary_difference,assumption,assumption,234,315,235,315,80,"Pollsters assumed women would vote primarily as women, and go for Hillary Clinton","ollsters assumed women would vote primarily as women, and go for Hillary Clinton","u assign someone a single identity. Pollsters assumed that most Latinos would vote only as Latinos, and therefore against Donald Trump. But a surprising percentage voted for him. Pollsters assumed women would vote primarily as women, and go for Hillary Clinton. But a surprising number voted against her. They assumed African-Americans would vote along straight Democratic lines, but a surprising number left the top line of the ballot blan",,
article_44,same_label_segmentation_difference,assumption,assumption,360,496,359,496,86,"They assumed African-Americans would vote along straight Democratic lines, but a surprising number left the top line of the ballot blank",They assumed African-Americans would vote along straight Democratic lines || ballot blank,"ald Trump. But a surprising percentage voted for him. Pollsters assumed women would vote primarily as women, and go for Hillary Clinton. But a surprising number voted against her. They assumed African-Americans would vote along straight Democratic lines, but a surprising number left the top line of the ballot blank. The pollsters reduced complex individuals to a single identity, and are now embarrassed. But pollsters are not the only people guilty of reductionist solitarism. This mode of t",,
article_44,same_label_boundary_difference,assumption,assumption,593,660,589,660,67,pollsters are not the only people guilty of reductionist solitarism,But pollsters are not the only people guilty of reductionist solitarism,"traight Democratic lines, but a surprising number left the top line of the ballot blank. The pollsters reduced complex individuals to a single identity, and are now embarrassed. But pollsters are not the only people guilty of reductionist solitarism. This mode of thinking is one of the biggest problems facing this country today. Trump spent the entire campaign reducing people to one identity and then generalizing. Muslims ar",,
article_44,same_label_segmentation_difference,assumption,assumption,830,880,829,880,45,"Muslims are only one thing, and they are dangerous",Muslims are only one thing || they are dangerous,"solitarism. This mode of thinking is one of the biggest problems facing this country today. Trump spent the entire campaign reducing people to one identity and then generalizing. Muslims are only one thing, and they are dangerous. Mexicans are only one thing, and that is alien. When Trump talked about African-Americans he always talked about inner-city poverty, as if that was the sum total of the black exp",,
article_44,same_label_boundary_difference,assumption,assumption,930,1078,1020,1078,58,"When Trump talked about African-Americans he always talked about inner-city poverty, as if that was the sum total of the black experience in America",that was the sum total of the black experience in America,"pent the entire campaign reducing people to one identity and then generalizing. Muslims are only one thing, and they are dangerous. Mexicans are only one thing, and that is alien. When Trump talked about African-Americans he always talked about inner-city poverty, as if that was the sum total of the black experience in America. Bigots turn multidimensional human beings into one-dimensional creatures. Anti-Semites define Jewishness in a certain crude miniaturizing way. Racists define both blackness and",,
article_44,same_label_boundary_difference,assumption,assumption,1392,1452,1388,1452,60,it’s not only racists who reduce people to a single identity,But it’s not only racists who reduce people to a single identity,"iaturizing way. Racists define both blackness and whiteness in just that manner. Populists dehumanize complex people into the moronic categories of “the people” and “the elites.” But it’s not only racists who reduce people to a single identity. These days it’s the anti-racists, too. To raise money and mobilize people, advocates play up ethnic categories to an extreme degree. Large parts of popular culture — and pretty",,
article_44,same_label_segmentation_difference,assumption,assumption,2015,2110,2014,2110,91,"People feel besieged, or they’re intellectually lazy, so they reduce themselves to one category","People feel besieged, or they’re intellectually lazy || they reduce themselves to one category","ethnic category and argue that those outside can never understand it. A single identity walls off empathy and the imagination. We’re even seeing a wave of voluntary reductionism. People feel besieged, or they’re intellectually lazy, so they reduce themselves to one category. Being an evangelical used to mean practicing a certain form of faith. But “evangelical” has gone from being an adjective to a noun, a simplistic tribal identity that commands Rep",,
article_44,same_label_segmentation_difference,assumption,assumption,2182,2309,2181,2309,127,"But “evangelical” has gone from being an adjective to a noun, a simplistic tribal identity that commands Republican affiliation","But “evangelical” has gone from being an adjective to a noun, || a simplistic tribal identity that commands Republican affiliation","reductionism. People feel besieged, or they’re intellectually lazy, so they reduce themselves to one category. Being an evangelical used to mean practicing a certain form of faith. But “evangelical” has gone from being an adjective to a noun, a simplistic tribal identity that commands Republican affiliation. Unfortunately, if you reduce complex individuals to one thing you’ll go through life clueless about the world around you. People’s classifications now shape how they see the wor",,
article_44,same_label_boundary_difference,assumption,assumption,2312,2432,2329,2432,103,"Unfortunately, if you reduce complex individuals to one thing you’ll go through life clueless about the world around you",you reduce complex individuals to one thing you’ll go through life clueless about the world around you,"used to mean practicing a certain form of faith. But “evangelical” has gone from being an adjective to a noun, a simplistic tribal identity that commands Republican affiliation. Unfortunately, if you reduce complex individuals to one thing you’ll go through life clueless about the world around you. People’s classifications now shape how they see the world. Plus, as the philosopher Amartya Sen has argued, this mentality makes the world more flammable. Crude tribal dividing",,
article_44,same_label_boundary_difference,testimony,testimony,2494,2588,2502,2588,86,"Plus, as the philosopher Amartya Sen has argued, this mentality makes the world more flammable","the philosopher Amartya Sen has argued, this mentality makes the world more flammable","fortunately, if you reduce complex individuals to one thing you’ll go through life clueless about the world around you. People’s classifications now shape how they see the world. Plus, as the philosopher Amartya Sen has argued, this mentality makes the world more flammable. Crude tribal dividing lines inevitably arouse a besieged, victimized us/them mentality. This mentality assumes that the relations between groups are zero sum and antagonistic. Pe",,
article_44,same_label_segmentation_difference,assumption,assumption,2766,2914,2765,2914,140,"People with this mentality tolerate dishonesty, misogyny and terrorism on their own side because all morality lays down before the tribal imperative","People with this mentality tolerate dishonesty, misogyny and terrorism on their own side || all morality lays down before the tribal imperative","ble. Crude tribal dividing lines inevitably arouse a besieged, victimized us/them mentality. This mentality assumes that the relations between groups are zero sum and antagonistic. People with this mentality tolerate dishonesty, misogyny and terrorism on their own side because all morality lays down before the tribal imperative. The only way out of this mess is to continually remind ourselves that each human is a conglomeration of identities: ethnic, racial, professional, geographic, religious and so on",,
article_44,same_label_boundary_difference,assumption,assumption,3704,3791,3706,3791,85,"If we want to improve race relations, it’s not enough to have a conversation about race","we want to improve race relations, it’s not enough to have a conversation about race","arratives of journalism and historical analysis than in the brutalizing correlations of big data. Rebinding the nation means finding shared identities, not just contrasting ones. If we want to improve race relations, it’s not enough to have a conversation about race. We also have to emphasize identities people have in common across the color line. If you can engage different people together as Marines or teachers, then you will have built an",,
article_44,same_label_segmentation_difference,assumption,assumption,3875,4059,3877,4059,176,"If you can engage different people together as Marines or teachers, then you will have built an empathetic relationship, and people can learn one another’s racial experiences naturally",you can engage different people together as Marines or teachers || then || you will have built an empathetic relationship || people can learn one another’s racial experiences naturally,"ng ones. If we want to improve race relations, it’s not enough to have a conversation about race. We also have to emphasize identities people have in common across the color line. If you can engage different people together as Marines or teachers, then you will have built an empathetic relationship, and people can learn one another’s racial experiences naturally. Finally, we have to revive the American identity. For much of the 20th century, America had a rough consensus about the American idea. Historians congregated around a common nar",,
article_44,same_label_boundary_difference,assumption,assumption,4308,4429,4303,4429,121,"that consensus is now in tatters, stretched by globalization, increasing diversity as well as failures of civic education","But that consensus is now in tatters, stretched by globalization, increasing diversity as well as failures of civic education","the 20th century, America had a rough consensus about the American idea. Historians congregated around a common narrative. People put great stock in civic rituals like the pledge. But that consensus is now in tatters, stretched by globalization, increasing diversity as well as failures of civic education. Now many Americans don’t recognize one another or their country. The line I heard most on election night was, “This is not my America.” We will have to construct a new national",,
article_44,overlapping_different_label,anecdote,statistics,194,231,206,231,25,a surprising percentage voted for him,percentage voted for him,"few days we’ve seen what happens when you assign someone a single identity. Pollsters assumed that most Latinos would vote only as Latinos, and therefore against Donald Trump. But a surprising percentage voted for him. Pollsters assumed women would vote primarily as women, and go for Hillary Clinton. But a surprising number voted against her. They assumed African-Americans would vote along str",,
article_44,overlapping_different_label,anecdote,statistics,321,358,333,358,25,a surprising number voted against her,number voted against her,"as Latinos, and therefore against Donald Trump. But a surprising percentage voted for him. Pollsters assumed women would vote primarily as women, and go for Hillary Clinton. But a surprising number voted against her. They assumed African-Americans would vote along straight Democratic lines, but a surprising number left the top line of the ballot blank. The pollsters reduced complex individua",,
article_44,overlapping_different_label,anecdote,assumption,882,928,881,909,27,"Mexicans are only one thing, and that is alien",Mexicans are only one thing,"gest problems facing this country today. Trump spent the entire campaign reducing people to one identity and then generalizing. Muslims are only one thing, and they are dangerous. Mexicans are only one thing, and that is alien. When Trump talked about African-Americans he always talked about inner-city poverty, as if that was the sum total of the black experience in America. Bigots turn multidimensiona",,
article_44,overlapping_different_label,anecdote,assumption,2112,2180,2111,2180,68,Being an evangelical used to mean practicing a certain form of faith,Being an evangelical used to mean practicing a certain form of faith,"f empathy and the imagination. We’re even seeing a wave of voluntary reductionism. People feel besieged, or they’re intellectually lazy, so they reduce themselves to one category. Being an evangelical used to mean practicing a certain form of faith. But “evangelical” has gone from being an adjective to a noun, a simplistic tribal identity that commands Republican affiliation. Unfortunately, if you reduce complex individuals",,
article_44,overlapping_different_label,anecdote,assumption,3096,3199,3095,3199,103,Even each identity itself is not one thing but a tradition of debate about the meaning of that identity,Even each identity itself is not one thing but a tradition of debate about the meaning of that identity,"The only way out of this mess is to continually remind ourselves that each human is a conglomeration of identities: ethnic, racial, professional, geographic, religious and so on. Even each identity itself is not one thing but a tradition of debate about the meaning of that identity. Furthermore, the dignity of each person is not found in the racial or ethnic category that each has inherited, but in the moral commitments that each individual has chosen and li",,
article_44,overlapping_different_label,anecdote,assumption,3201,3386,3200,3386,185,"Furthermore, the dignity of each person is not found in the racial or ethnic category that each has inherited, but in the moral commitments that each individual has chosen and lived out","Furthermore, the dignity of each person is not found in the racial or ethnic category that each has inherited, but in the moral commitments that each individual has chosen and lived out","identities: ethnic, racial, professional, geographic, religious and so on. Even each identity itself is not one thing but a tradition of debate about the meaning of that identity. Furthermore, the dignity of each person is not found in the racial or ethnic category that each has inherited, but in the moral commitments that each individual has chosen and lived out. Getting out of this mess also means accepting the limits of social science. The judgments of actual voters are better captured in the narratives of journalism and historical ana",,
article_44,overlapping_different_label,other,assumption,3793,3873,3792,3873,80,We also have to emphasize identities people have in common across the color line,We also have to emphasize identities people have in common across the color line,"big data. Rebinding the nation means finding shared identities, not just contrasting ones. If we want to improve race relations, it’s not enough to have a conversation about race. We also have to emphasize identities people have in common across the color line. If you can engage different people together as Marines or teachers, then you will have built an empathetic relationship, and people can learn one another’s racial experiences nat",,
article_44,overlapping_different_label,testimony,anecdote,4497,4567,4496,4567,70,"The line I heard most on election night was, “This is not my America.”","The line I heard most on election night was, “This is not my America.”","sensus is now in tatters, stretched by globalization, increasing diversity as well as failures of civic education. Now many Americans don’t recognize one another or their country. The line I heard most on election night was, “This is not my America.” We will have to construct a new national idea that binds and embraces all our particular identities. The good news, as my Times colleague April Lawson points out, is that there w",,
article_44,unmatched_prediction,,assumption,,,914,928,0,,that is alien,"today. Trump spent the entire campaign reducing people to one identity and then generalizing. Muslims are only one thing, and they are dangerous. Mexicans are only one thing, and that is alien. When Trump talked about African-Americans he always talked about inner-city poverty, as if that was the sum total of the black experience in America. Bigots turn multidimensiona",,
article_44,unmatched_prediction,,anecdote,,,929,934,0,,When,"spent the entire campaign reducing people to one identity and then generalizing. Muslims are only one thing, and they are dangerous. Mexicans are only one thing, and that is alien. When Trump talked about African-Americans he always talked about inner-city poverty, as if that was the sum total of the black experience in America. Bigots turn multidimensional huma",,
article_44,unmatched_prediction,,anecdote,,,940,1013,0,,talked about African-Americans he always talked about inner-city poverty,"ntire campaign reducing people to one identity and then generalizing. Muslims are only one thing, and they are dangerous. Mexicans are only one thing, and that is alien. When Trump talked about African-Americans he always talked about inner-city poverty, as if that was the sum total of the black experience in America. Bigots turn multidimensional human beings into one-dimensional creatures. Anti-Semites define Jewishness in a ce",,
article_44,unmatched_prediction,,testimony,,,4670,4687,0,,"The good news, as","untry. The line I heard most on election night was, “This is not my America.” We will have to construct a new national idea that binds and embraces all our particular identities. The good news, as my Times colleague April Lawson points out, is that there wasn’t mass violence last week. That could have happened amid a civic clash this ugly and passionate. That’s a sign that",,
article_44,unmatched_prediction,,testimony,,,4687,4776,0,,"my Times colleague April Lawson points out, is that there wasn’t mass violence last week","heard most on election night was, “This is not my America.” We will have to construct a new national idea that binds and embraces all our particular identities. The good news, as my Times colleague April Lawson points out, is that there wasn’t mass violence last week. That could have happened amid a civic clash this ugly and passionate. That’s a sign that for all the fear and anger of this season, there’s still mutual attachment among us, some",,
article_44,unmatched_prediction,,assumption,,,4777,4846,0,,That could have happened amid a civic clash this ugly and passionate,"ew national idea that binds and embraces all our particular identities. The good news, as my Times colleague April Lawson points out, is that there wasn’t mass violence last week. That could have happened amid a civic clash this ugly and passionate. That’s a sign that for all the fear and anger of this season, there’s still mutual attachment among us, something to build on. But there has to be a rejection of single-identity",,
article_44,unmatched_prediction,,assumption,,,4847,4973,0,,"That’s a sign that for all the fear and anger of this season, there’s still mutual attachment among us, something to build on",". The good news, as my Times colleague April Lawson points out, is that there wasn’t mass violence last week. That could have happened amid a civic clash this ugly and passionate. That’s a sign that for all the fear and anger of this season, there’s still mutual attachment among us, something to build on. But there has to be a rejection of single-identity thinking and a continual embrace of the reality that each of us is a mansion with many rooms.",,
article_44,unmatched_prediction,,assumption,,,4976,5119,0,,But there has to be a rejection of single-identity thinking and a continual embrace of the reality that each of us is a mansion with many rooms,"ppened amid a civic clash this ugly and passionate. That’s a sign that for all the fear and anger of this season, there’s still mutual attachment among us, something to build on. But there has to be a rejection of single-identity thinking and a continual embrace of the reality that each of us is a mansion with many rooms.",,
article_45,same_label_boundary_difference,other,other,0,41,0,33,33,Go look through leftists’ bios on Twitter,Go look through leftists’ bios on,"Go look through leftists’ bios on Twitter. It will be the rare exception where the following hashtags are not included: #Resist, #Resistance, #ResistTrump. The media loves The Resistance. Loves. What is the next step to",,
article_45,same_label_boundary_difference,assumption,assumption,716,855,695,855,139,the ironically named Anti-Fascists who use fascistic techniques to suppress the speech and free activities of those with whom they disagree,"Then there’s ANTIFA, the ironically named Anti-Fascists who use fascistic techniques to suppress the speech and free activities of those with whom they disagree","e star of a parade. The week before, a comedienne pretended to cut off the head of the President. This week, a theater company pretended the President was Caesar and stabbed him. Then there’s ANTIFA, the ironically named Anti-Fascists who use fascistic techniques to suppress the speech and free activities of those with whom they disagree. Don’t forget Black Lives Matter where an armed gunman systematically executed police officers. He was just resisting oppression. And murdering. But mostly resisting. For years,",,
article_45,same_label_boundary_difference,assumption,assumption,2093,2111,1923,2111,18,motives are hazier,"an actual radicalized political Bernie Bro stooge hears the message loud and clear, gets a gun, and seeks out Republican Congress people (and their children) to murder, motives are hazier","shairs on Sarah Palin’s website? The symbols were blamed for a crazy person shooting Gabby Giffords. It was insane. The media’s behavior was irresponsible and salacious. Now, when an actual radicalized political Bernie Bro stooge hears the message loud and clear, gets a gun, and seeks out Republican Congress people (and their children) to murder, motives are hazier. The media can’t quite figure out why someone would do such a thing. Really? When the Mayor of Berkeley refuses to allow the police to stop masked leftist terrorists from looting",,
article_45,same_label_boundary_difference,assumption,assumption,2534,2572,2533,2688,38,Violence is not only passively allowed,"Violence is not only passively allowed, as in Berkeley, but it’s condoned and encouraged from the least activist all the way up to Hillary Clinton herself","ers, does anyone see a clear message from authorities that it’s open season on the political opposition? Is it a stretch that a political volunteer would take the message to heart? Violence is not only passively allowed, as in Berkeley, but it’s condoned and encouraged from the least activist all the way up to Hillary Clinton herself. How does that manifest? Shooting baseball playing Congressmen or maybe running them off the road or maybe sending death threats to kill the wife of the elected official. All of",,
article_45,same_label_boundary_difference,assumption,assumption,3013,3082,2998,3082,69,the shooter was overtly political looking for and finding Republicans,"In this case, the shooter was overtly political looking for and finding Republicans","to kill the wife of the elected official. All of these things happened in the last few weeks, by the way. The violence is not random and it’s not just a crazy person being crazy. In this case, the shooter was overtly political looking for and finding Republicans. I mean if republicans “are hitler” …who doesn’t think killing Hitler was justified? — Amy (@AmyOtto8) June 14, 2017 Politics is war by another means, a more peaceful means. Wo",,
article_45,same_label_boundary_difference,assumption,assumption,3290,3349,3278,3349,59,the leftists running around are all about suppressing words,"Ironically, the leftists running around are all about suppressing words","ublicans “are hitler” …who doesn’t think killing Hitler was justified? — Amy (@AmyOtto8) June 14, 2017 Politics is war by another means, a more peaceful means. Words, not guns. Ironically, the leftists running around are all about suppressing words and then, when their acts of violence (attacking a Professor with a different point of view, say, which has happened on multiple campuses across the nation) work, it begets more v",,
article_45,same_label_segmentation_difference,assumption,assumption,3360,3536,3359,3536,175,"when their acts of violence (attacking a Professor with a different point of view, say, which has happened on multiple campuses across the nation) work, it begets more violence","when their acts of violence (attacking a Professor with a different point of view, say, which has happened on multiple campuses across the nation) work || it begets more violence","myOtto8) June 14, 2017 Politics is war by another means, a more peaceful means. Words, not guns. Ironically, the leftists running around are all about suppressing words and then, when their acts of violence (attacking a Professor with a different point of view, say, which has happened on multiple campuses across the nation) work, it begets more violence. No students have been expelled because they’ve assaulted a professor. No professors have been fired for inciting violence. No looters have been incarcerated for stealing and b",,
article_45,same_label_boundary_difference,anecdote,anecdote,3664,3722,3666,3722,56,No looters have been incarcerated for stealing and burning,looters have been incarcerated for stealing and burning,"ses across the nation) work, it begets more violence. No students have been expelled because they’ve assaulted a professor. No professors have been fired for inciting violence. No looters have been incarcerated for stealing and burning. The tactics of brutality have worked. And they’ll work in this latest murder attempt by this radicalized Leftist. The Congress people will be more closely guarded. They’ll be fu",,
article_45,same_label_boundary_difference,assumption,assumption,3767,3837,3762,3837,70,they’ll work in this latest murder attempt by this radicalized Leftist,And they’ll work in this latest murder attempt by this radicalized Leftist,"’ve assaulted a professor. No professors have been fired for inciting violence. No looters have been incarcerated for stealing and burning. The tactics of brutality have worked. And they’ll work in this latest murder attempt by this radicalized Leftist. The Congress people will be more closely guarded. They’ll be further away from the media. They’ll be further from the people they represent. They’ll be isolated. Meanwhile, in t",,
article_45,same_label_segmentation_difference,assumption,assumption,4911,5024,4911,5024,112,"Should a reckoning come, they’ll be shocked and horrified and repelled by the “climate of hate” that they created",Should a reckoning come || they’ll be shocked and horrified and repelled by the “climate of hate” that they created,"edia and the left have been exceedingly flippant about the endgame of their exploitation and inflamed rhetoric. They’ve been callous about the violence perpetrated in their name. Should a reckoning come, they’ll be shocked and horrified and repelled by the “climate of hate” that they created. But they don’t see what they’ve done. They never do. Total: 3.8K Facebook Twitter Print Email Social media",,
article_45,same_label_boundary_difference,assumption,assumption,5030,5062,5025,5062,32,they don’t see what they’ve done,But they don’t see what they’ve done,"ey’ve been callous about the violence perpetrated in their name. Should a reckoning come, they’ll be shocked and horrified and repelled by the “climate of hate” that they created. But they don’t see what they’ve done. They never do. Total: 3.8K Facebook Twitter Print Email Social media",,
article_45,overlapping_different_label,other,assumption,197,243,197,243,46,What is the next step to an active resistance?,What is the next step to an active resistance?,"eftists’ bios on Twitter. It will be the rare exception where the following hashtags are not included: #Resist, #Resistance, #ResistTrump. The media loves The Resistance. Loves. What is the next step to an active resistance? It’s really not complicated: Armed resistance. The media-Left plasters Coexist bumper stickers on their cars, but as anyone who’s followed a Prius for some distance will tell you",,
article_45,overlapping_different_label,anecdote,assumption,896,951,858,951,55,an armed gunman systematically executed police officers,Don’t forget Black Lives Matter where an armed gunman systematically executed police officers,"nd stabbed him. Then there’s ANTIFA, the ironically named Anti-Fascists who use fascistic techniques to suppress the speech and free activities of those with whom they disagree. Don’t forget Black Lives Matter where an armed gunman systematically executed police officers. He was just resisting oppression. And murdering. But mostly resisting. For years, the Left has lectured about civility — right up and until the election where Donald Trump was c",,
article_45,overlapping_different_label,anecdote,assumption,953,985,952,985,32,He was just resisting oppression,He was just resisting oppression,"hniques to suppress the speech and free activities of those with whom they disagree. Don’t forget Black Lives Matter where an armed gunman systematically executed police officers. He was just resisting oppression. And murdering. But mostly resisting. For years, the Left has lectured about civility — right up and until the election where Donald Trump was challenged about whether he’d accep",,
article_45,overlapping_different_label,anecdote,assumption,987,1000,990,1000,10,And murdering,murdering,"free activities of those with whom they disagree. Don’t forget Black Lives Matter where an armed gunman systematically executed police officers. He was just resisting oppression. And murdering. But mostly resisting. For years, the Left has lectured about civility — right up and until the election where Donald Trump was challenged about whether he’d accept the election",,
article_45,overlapping_different_label,anecdote,assumption,1025,1187,1025,1187,162,"For years, the Left has lectured about civility — right up and until the election where Donald Trump was challenged about whether he’d accept the election results","For years, the Left has lectured about civility — right up and until the election where Donald Trump was challenged about whether he’d accept the election results","y disagree. Don’t forget Black Lives Matter where an armed gunman systematically executed police officers. He was just resisting oppression. And murdering. But mostly resisting. For years, the Left has lectured about civility — right up and until the election where Donald Trump was challenged about whether he’d accept the election results. Meanwhile, Hillary Clinton opined this at a Manchester rally, “He became the first person, Republican or Democrat, who refused to say that he would respect the results of this el",,
article_45,overlapping_different_label,anecdote,assumption,1424,1507,1424,1507,83,"Since Hillary lost, she’s blamed everyone but herself and has championed Resistance","Since Hillary lost, she’s blamed everyone but herself and has championed Resistance","rally, “He became the first person, Republican or Democrat, who refused to say that he would respect the results of this election. Now, that is a direct threat to our democracy.” Since Hillary lost, she’s blamed everyone but herself and has championed Resistance. She’s become a direct threat to our democracy. In fact, she’s persisted in resisting. The two hashtags #Neverthelessshepersisted and #Resist has been the cri de coeur for the L",,
article_45,overlapping_different_label,anecdote,assumption,1566,1594,1557,1594,28,she’s persisted in resisting,"In fact, she’s persisted in resisting","w, that is a direct threat to our democracy.” Since Hillary lost, she’s blamed everyone but herself and has championed Resistance. She’s become a direct threat to our democracy. In fact, she’s persisted in resisting. The two hashtags #Neverthelessshepersisted and #Resist has been the cri de coeur for the Left and the media, most notably, CNN. Remember the crosshairs on Sarah Palin’s website",,
article_45,overlapping_different_label,anecdote,assumption,1597,1723,1597,1723,126,"The two hashtags #Neverthelessshepersisted and #Resist has been the cri de coeur for the Left and the media, most notably, CNN","The two hashtags #Neverthelessshepersisted and #Resist has been the cri de coeur for the Left and the media, most notably, CNN","acy.” Since Hillary lost, she’s blamed everyone but herself and has championed Resistance. She’s become a direct threat to our democracy. In fact, she’s persisted in resisting. The two hashtags #Neverthelessshepersisted and #Resist has been the cri de coeur for the Left and the media, most notably, CNN. Remember the crosshairs on Sarah Palin’s website? The symbols were blamed for a crazy person shooting Gabby Giffords. It was insane. The media’s behavior was irresponsible and s",,
article_45,overlapping_different_label,other,assumption,1726,1775,1774,1775,1,Remember the crosshairs on Sarah Palin’s website?,?,"emocracy. In fact, she’s persisted in resisting. The two hashtags #Neverthelessshepersisted and #Resist has been the cri de coeur for the Left and the media, most notably, CNN. Remember the crosshairs on Sarah Palin’s website? The symbols were blamed for a crazy person shooting Gabby Giffords. It was insane. The media’s behavior was irresponsible and salacious. Now, when an actual radicalized political",,
article_45,overlapping_different_label,anecdote,assumption,2190,2356,2194,2356,162,"When the Mayor of Berkeley refuses to allow the police to stop masked leftist terrorists from looting, burning, robbing, and general violence against Trump supporters","the Mayor of Berkeley refuses to allow the police to stop masked leftist terrorists from looting, burning, robbing, and general violence against Trump supporters","ts a gun, and seeks out Republican Congress people (and their children) to murder, motives are hazier. The media can’t quite figure out why someone would do such a thing. Really? When the Mayor of Berkeley refuses to allow the police to stop masked leftist terrorists from looting, burning, robbing, and general violence against Trump supporters, does anyone see a clear message from authorities that it’s open season on the political opposition? Is it a stretch that a political volunteer would take the message to heart? Vi",,
article_45,overlapping_different_label,other,assumption,2358,2457,2357,2457,99,does anyone see a clear message from authorities that it’s open season on the political opposition?,does anyone see a clear message from authorities that it’s open season on the political opposition?,"ng. Really? When the Mayor of Berkeley refuses to allow the police to stop masked leftist terrorists from looting, burning, robbing, and general violence against Trump supporters, does anyone see a clear message from authorities that it’s open season on the political opposition? Is it a stretch that a political volunteer would take the message to heart? Violence is not only passively allowed, as in Berkeley, but it’s condoned and encouraged from the least",,
article_45,overlapping_different_label,other,assumption,2458,2533,2457,2533,75,Is it a stretch that a political volunteer would take the message to heart?,Is it a stretch that a political volunteer would take the message to heart?,"s from looting, burning, robbing, and general violence against Trump supporters, does anyone see a clear message from authorities that it’s open season on the political opposition? Is it a stretch that a political volunteer would take the message to heart? Violence is not only passively allowed, as in Berkeley, but it’s condoned and encouraged from the least activist all the way up to Hillary Clinton herself. How does that manifest",,
article_45,overlapping_different_label,other,assumption,2691,2714,2691,2714,23,How does that manifest?,How does that manifest?,"the message to heart? Violence is not only passively allowed, as in Berkeley, but it’s condoned and encouraged from the least activist all the way up to Hillary Clinton herself. How does that manifest? Shooting baseball playing Congressmen or maybe running them off the road or maybe sending death threats to kill the wife of the elected official. All of these things happened in t",,
article_45,overlapping_different_label,anecdote,assumption,2715,2859,2714,2859,144,Shooting baseball playing Congressmen or maybe running them off the road or maybe sending death threats to kill the wife of the elected official,Shooting baseball playing Congressmen or maybe running them off the road or maybe sending death threats to kill the wife of the elected official,"Violence is not only passively allowed, as in Berkeley, but it’s condoned and encouraged from the least activist all the way up to Hillary Clinton herself. How does that manifest? Shooting baseball playing Congressmen or maybe running them off the road or maybe sending death threats to kill the wife of the elected official. All of these things happened in the last few weeks, by the way. The violence is not random and it’s not just a crazy person being crazy. In this case, the shooter was overtly po",,
article_45,overlapping_different_label,anecdote,assumption,2861,2911,2860,2923,50,All of these things happened in the last few weeks,"All of these things happened in the last few weeks, by the way","herself. How does that manifest? Shooting baseball playing Congressmen or maybe running them off the road or maybe sending death threats to kill the wife of the elected official. All of these things happened in the last few weeks, by the way. The violence is not random and it’s not just a crazy person being crazy. In this case, the shooter was overtly political looking for and finding Republicans. I mean if republic",,
article_45,overlapping_different_label,other,assumption,3092,3168,3121,3168,47,if republicans “are hitler” …who doesn’t think killing Hitler was justified?,who doesn’t think killing Hitler was justified?,"by the way. The violence is not random and it’s not just a crazy person being crazy. In this case, the shooter was overtly political looking for and finding Republicans. I mean if republicans “are hitler” …who doesn’t think killing Hitler was justified? — Amy (@AmyOtto8) June 14, 2017 Politics is war by another means, a more peaceful means. Words, not guns. Ironically, the leftists running around are all about suppressing word",,
article_45,overlapping_different_label,other,assumption,4646,4724,4645,4724,78,What happens when people on the right cast off restraint and seek retribution?,What happens when people on the right cast off restraint and seek retribution?,"— Official Antifa (@OfficialAntifa) June 14, 2017 So far, those on the right have been lawful and have not retaliated. And those who have been more aggressive have been rebuked. What happens when people on the right cast off restraint and seek retribution? The media and the left have been exceedingly flippant about the endgame of their exploitation and inflamed rhetoric. They’ve been callous about the violence perpetrated in their",,
article_45,unmatched_gold_span,assumption,,1002,1022,,,0,But mostly resisting,,"of those with whom they disagree. Don’t forget Black Lives Matter where an armed gunman systematically executed police officers. He was just resisting oppression. And murdering. But mostly resisting. For years, the Left has lectured about civility — right up and until the election where Donald Trump was challenged about whether he’d accept the election results. Meanwhile, Hi",,
article_45,unmatched_gold_span,anecdote,,1919,2091,,,0,"when an actual radicalized political Bernie Bro stooge hears the message loud and clear, gets a gun, and seeks out Republican Congress people (and their children) to murder",,"crosshairs on Sarah Palin’s website? The symbols were blamed for a crazy person shooting Gabby Giffords. It was insane. The media’s behavior was irresponsible and salacious. Now, when an actual radicalized political Bernie Bro stooge hears the message loud and clear, gets a gun, and seeks out Republican Congress people (and their children) to murder, motives are hazier. The media can’t quite figure out why someone would do such a thing. Really? When the Mayor of Berkeley refuses to allow the police to stop masked leftist ter",,
article_45,unmatched_gold_span,assumption,,2594,2688,,,0,it’s condoned and encouraged from the least activist all the way up to Hillary Clinton herself,,"’s open season on the political opposition? Is it a stretch that a political volunteer would take the message to heart? Violence is not only passively allowed, as in Berkeley, but it’s condoned and encouraged from the least activist all the way up to Hillary Clinton herself. How does that manifest? Shooting baseball playing Congressmen or maybe running them off the road or maybe sending death threats to kill the wife of the elected official. All of",,
article_45,unmatched_gold_span,other,,4361,4437,,,0,Our statement on the shooting of #SteveScalise and other fascist Republicans,,"The elites are playing a dangerous game. They’ve been encouraging this violence and feel it’s justified. Their activist arms have been carrying out this messaging in clear terms: Our statement on the shooting of #SteveScalise and other fascist Republicans: pic.twitter.com/syHAm8UFoH — Official Antifa (@OfficialAntifa) June 14, 2017 So far, those on the right have been lawful and have not retaliated. And those who have been more a",,
article_45,unmatched_prediction,,assumption,,,188,194,0,,Loves,"through leftists’ bios on Twitter. It will be the rare exception where the following hashtags are not included: #Resist, #Resistance, #ResistTrump. The media loves The Resistance. Loves. What is the next step to an active resistance? It’s really not complicated: Armed resistance. The media-Left plasters Coexist bumper stickers on their cars, but as anyone who’s",,
article_45,unmatched_prediction,,testimony,,,1188,1199,0,,"Meanwhile,","stly resisting. For years, the Left has lectured about civility — right up and until the election where Donald Trump was challenged about whether he’d accept the election results. Meanwhile, Hillary Clinton opined this at a Manchester rally, “He became the first person, Republican or Democrat, who refused to say that he would respect the results of this election. Now,",,
article_45,unmatched_prediction,,assumption,,,3085,3086,0,,I,"weeks, by the way. The violence is not random and it’s not just a crazy person being crazy. In this case, the shooter was overtly political looking for and finding Republicans. I mean if republicans “are hitler” …who doesn’t think killing Hitler was justified? — Amy (@AmyOtto8) June 14, 2017 Politics is war by another means, a more peaceful means. Words,",,
article_45,unmatched_prediction,,assumption,,,3094,3119,0,,republicans “are hitler”,"y the way. The violence is not random and it’s not just a crazy person being crazy. In this case, the shooter was overtly political looking for and finding Republicans. I mean if republicans “are hitler” …who doesn’t think killing Hitler was justified? — Amy (@AmyOtto8) June 14, 2017 Politics is war by another means, a more peaceful means. Words, not guns. Ironically, the lefti",,
article_45,unmatched_prediction,,anecdote,,,3179,3181,0,,my,"In this case, the shooter was overtly political looking for and finding Republicans. I mean if republicans “are hitler” …who doesn’t think killing Hitler was justified? — Amy (@AmyOtto8) June 14, 2017 Politics is war by another means, a more peaceful means. Words, not guns. Ironically, the leftists running around are all about suppressing words and then, w",,
article_45,unmatched_prediction,,anecdote,,,3183,3185,0,,to,"his case, the shooter was overtly political looking for and finding Republicans. I mean if republicans “are hitler” …who doesn’t think killing Hitler was justified? — Amy (@AmyOtto8) June 14, 2017 Politics is war by another means, a more peaceful means. Words, not guns. Ironically, the leftists running around are all about suppressing words and then, when",,
article_45,unmatched_prediction,,assumption,,,3353,3358,0,,then,"my (@AmyOtto8) June 14, 2017 Politics is war by another means, a more peaceful means. Words, not guns. Ironically, the leftists running around are all about suppressing words and then, when their acts of violence (attacking a Professor with a different point of view, say, which has happened on multiple campuses across the nation) work, it begets more violence.",,
article_45,unmatched_prediction,,assumption,,,4002,4011,0,,Meanwhile,"calized Leftist. The Congress people will be more closely guarded. They’ll be further away from the media. They’ll be further from the people they represent. They’ll be isolated. Meanwhile, in the fevered conspiracy corners on the left, where the more mainstream Democrats and leaders like Hillary Clinton encourage resistance, there will be more violence. The elites",,
